tree
version=v4
num_class=1
num_tree_per_iteration=1
label_index=0
max_feature_idx=14
objective=binary sigmoid:1
feature_names=Column_0 Column_1 Column_2 Column_3 Column_4 Column_5 Column_6 Column_7 Column_8 Column_9 Column_10 Column_11 Column_12 Column_13 Column_14
feature_infos=[0:1] [0:1] [0:1] [0:1] [0:1] [0:1] [0:8] [0:1] [0:1] [0:1] [0:1] [0:23] [0:1] [0:1] [2:3]
tree_sizes=3409 3439 3453 3453 3441 3475 3468 3461 3473 3477 3510 3504 3505 3511 3489 3508 3505 3506 3496 3516 3519 3511 3503 3502 3517 3497 3514 3512 3494 3501 3511 3514 3501 3523 3521 3515 3517 3508 3515 3522 3515 3502 3530 3530 3528 3532 3511 3504 3539 3532 3508 3487 3528 3506 3527 3529 3517 3530 3522 3538 3521 3515 3523 3526 3534 3509 3517 3534 3539 3543 3528 3534 3530 3542 3532 3538 3537 3541 3549 3519 3549 3540 3522 3566 3545 3527 3541 3537 3535 3523 3546 3536 3509 3533 3535 3527 3533 3541 3539 3524 3532 3518 3515 3556 3551 3541 3532 3516 3558 3529 3525 3479 3546 3546 3533 3525 3519 3549 3482 3537 3529 3556 3505 3534 3500 3521 3520 3513 3500 3519 3514 3504 3554 3543 3484 3522 3546 3515 3520 3450 3525 3559 3492 3512 3479 3506 3487 3450 3530 3568 3524 3476 3497 3503 3502 3554 3545 3505 3483 3503 3533 3532 3521 3523 3497 3482 3494 3541 3518 3520 3493 3502 3517 3536 3563 3498 3566 3522 3507 3475 3536 3529 3471 3528 3480 3543 3483 3517 3518 3476 3495 3515 3461 3475 3450 3487 3524 3523 3461 3477

Tree=0
num_leaves=31
num_cat=0
split_feature=10 4 12 3 10 10 10 10 4 10 13 3 12 4 0 0 0 3 13 10 10 12 2 12 10 0 1 3 0 3
split_gain=1.26792e+06 101974 60368.5 52606.8 68465.4 31269.2 8673.67 5486.07 25015.4 3356.28 2312.19 2229.62 1977.52 4611.82 2036.01 1972.05 1756.71 1676.79 7657.02 5308.37 1872.68 1229.72 1153.84 899.722 889.549 810.098 800.121 717.175 2454.26 667.872
threshold=0.82397845387458812 0.4871456921100617 0.45000000298023229 0.89009663462638866 0.56939375400543224 1.0000000180025095e-35 0.92762354016304027 0.75490951538085949 0.70320320129394542 0.97067421674728405 1.0000000180025095e-35 0.20761494338512423 0.45000000298023229 0.72065573930740368 0.43650794029235845 0.43650794029235845 0.23611111193895343 0.81605800986289989 1.0000000180025095e-35 1.0000000180025095e-35 0.66192114353179943 0.29166667163372045 0.94804319739341747 0.29166667163372045 0.4874474853277207 0.43650794029235845 0.63686314225196849 0.17712418735027316 0.15476191043853763 0.25176055729389196
decision_type=2 2 2 2 2 2 2 2 2 2 2 2 2 2 2 2 2 2 2 2 2 2 2 2 2 2 2 2 2 2
left_child=3 2 9 7 5 -5 11 17 15 25 -7 -4 13 14 -3 -9 -13 -1 19 22 -21 26 -19 -17 -20 -2 -10 -8 29 -29
right_child=1 12 6 4 -6 10 27 8 21 -11 -12 16 -14 -15 -16 23 -18 18 24 20 -22 -23 -24 -25 -26 -27 -28 28 -30 -31
leaf_value=-2.9089018163141067 -2.8688250601066945 -2.6346522707057964 -2.1233679298486585 -1.9686389469263932 -1.7922362201009301 -2.9032926774216685 -1.7914667557664177 -2.8902050226661089 -2.7056426637352633 -2.0763443275493958 -1.9435655932650113 -2.7313364352068241 -1.7552135783357938 -1.8103742367557407 -1.99542971462135 -2.6209496110709205 -1.8100049185328142 -2.6108997069174369 -2.7695439534707473 -2.9054170188396942 -2.2738829398177711 -1.7743878861958342 -2.1611846507739272 -1.775841948143777 -1.7942619468267058 -1.9997731214738899 -2.0493881626839396 -1.9188670174269964 -1.7555214378119053 -2.2815441598077117
leaf_weight=83745.096687611192 569.74178817495704 37.21905230730772 54.895510297268629 152.09011068195105 336.63025861233473 956.60221626609564 259.4447866268456 808.45172671973705 8.501287713646887 20.216476880013943 9.1233331561088544 66.04049114137888 3319.5973408184946 469.33328633755445 34.627196297049522 10.782121002674105 8.397613473236559 43.283995371311903 3.8359468951821354 1138.6541824266315 17.158086787909269 72.416456926614046 39.085188634693623 7.8274051509797564 27.52551082894206 3.8877840153872958 31.361457724124193 25.659374501556158 112.12369100376964 63.55230937153101
leaf_count=1615543 10991 718 1059 2934 6494 18454 5005 15596 164 390 176 1274 64039 9054 668 208 162 835 74 21966 331 1397 754 151 531 75 605 495 2163 1226
internal_value=-2.84684 -1.92194 -2.40907 -2.90022 -2.54238 -2.76829 -1.97928 -2.90627 -2.76206 -2.83616 -2.89423 -2.41346 -1.77255 -1.8789 -2.32657 -2.87615 -2.6274 -2.90786 -2.83943 -2.86288 -2.89604 -1.92171 -2.3975 -2.26549 -1.91355 -2.86294 -2.18934 -1.85741 -1.94238 -2.17723
internal_weight=92453.2 5044.74 1183.96 87408.4 1454.45 1117.82 590.114 85954 939.34 593.846 965.726 129.334 3860.78 541.18 71.8462 827.061 74.4381 85014.6 1269.54 1238.18 1155.81 112.279 82.3692 18.6095 31.3615 573.63 39.8627 460.78 201.335 89.2117
internal_count=1783532 97319 22840 1686213 28058 21564 11384 1658155 18121 11456 18630 2495 74479 10440 1386 15955 1436 1640034 24491 23886 22297 2166 1589 359 605 11066 769 8889 3884 1721
is_linear=0
shrinkage=1


Tree=1
num_leaves=31
num_cat=0
split_feature=10 3 4 12 8 7 8 10 8 4 10 6 10 7 2 13 2 1 4 8 2 0 12 2 3 10 12 2 13 2
split_gain=517930 22225.4 21353.8 22617.3 13158.3 13820.6 2302.02 1704.37 1453.54 1763.37 1298 1158.41 5642.04 3911.65 1522.58 1345.5 1111.26 835.605 544.282 531.114 1316.29 510.622 506.852 383.942 360.199 484.527 447.229 353.483 337.091 252.022
threshold=0.78024387359619152 0.86706829071044933 0.48834688961505895 0.45000000298023229 0.14039409160614016 1.0000000180025095e-35 0.5419580638408662 0.94461485743522655 0.48684211075305944 0.51668518781661998 0.58689141273498546 1.5000000000000002 0.64879238605499279 1.0000000180025095e-35 0.81872946023941051 1.0000000180025095e-35 0.80982521176338207 0.1490740776062012 1.0000000180025095e-35 0.28174604475498205 0.84292763471603405 0.23611111193895343 0.29166667163372045 0.94804319739341747 0.81605800986289989 0.75490951538085949 0.22500000149011615 0.89022758603096019 1.0000000180025095e-35 0.77032968401908886
decision_type=2 2 2 2 2 2 2 2 2 2 2 2 2 2 2 2 2 2 2 2 2 2 2 2 2 2 2 2 2 2
left_child=1 8 3 7 5 10 18 27 11 -10 28 -1 13 15 -15 -13 -14 -9 -5 20 22 -20 -4 -16 25 26 -18 -2 -3 -19
right_child=2 4 19 6 -6 -7 -8 17 9 -11 -12 12 16 14 23 -17 24 29 21 -21 -22 -23 -24 -25 -26 -27 -28 -29 -30 -31
leaf_value=-0.06231020475552853 -0.041515502946373045 -0.059797474385241786 0.0058968376266088423 0.28903060260959512 0.40375774015287547 0.38278866331061839 0.40112464173769785 0.47032515532124652 -0.030347547653831571 0.54554296398501001 0.31857546487275701 -0.06123671655152086 0.025669934440878523 -0.018075039506603247 0.22827905118432165 0.45212149024081094 0.58369431927742188 0.025813780948806937 0.041221694957374759 0.40635722160560839 0.39544008827026644 0.40052494267225319 0.33573089147632895 0.44903505458281723 0.43032280247406629 0.4176373804639168 1.1491768207966806 0.51476027521315904 0.28867290104439963 0.53218651974926534
leaf_weight=77786.593121163547 907.6368713863194 1141.6910698339343 52.307385977357626 94.994619868695736 509.55159845948219 350.74693723022938 1074.712265484035 35.219393007457256 49.094855353236198 31.372458871454 34.155280444771051 2474.047844208777 17.416571829468012 57.073695212602615 47.687979876995087 18.517600864171982 9.3667917251586932 37.74360815808177 96.476306460797787 9454.5538391917944 249.55170262977481 16.704428061842918 24.688736014068127 69.98742550611496 35.950894914567471 12.940085757523773 10.887056350708006 4.1310703530907622 10.081743299961088 3.9043632932007304
leaf_count=1585377 17958 23112 695 1020 4373 3381 9504 455 991 345 296 50425 331 1162 904 274 191 621 1602 76200 2051 138 205 1045 341 115 222 57 97 44
internal_value=-0.00217291 -0.0557453 0.365272 0.199549 0.139534 0.0519193 0.365751 -0.016121 -0.0607016 0.19418 -0.0459378 -0.0609563 -0.022713 -0.0381841 0.236232 -0.0574229 0.454017 0.255202 0.183133 0.403759 0.328528 0.0942515 0.111658 0.359574 0.561911 0.704429 0.887658 -0.0389951 -0.0567472 0.0732846
internal_weight=94719.8 82667.2 12052.6 2271.52 2046.23 1536.68 1282.89 988.635 80620.9 80.4673 1185.93 80540.5 2753.88 2667.31 174.749 2492.57 86.5614 76.8674 208.175 9781.1 326.548 113.181 76.9961 117.675 69.1448 33.1939 20.2538 911.768 1151.77 41.648
internal_count=1783532 1672982 110550 31399 31259 26886 12264 19135 1641723 1336 23505 1640387 55010 53810 3111 50699 1200 1120 2760 79151 2951 1740 900 1949 869 528 413 18015 23209 665
is_linear=0
shrinkage=0.06


Tree=2
num_leaves=31
num_cat=0
split_feature=10 3 4 12 10 10 10 8 6 10 10 0 13 2 1 13 1 12 1 4 8 4 0 0 8 12 4 2 8 2
split_gain=370439 17050.1 12288.1 14343.6 7371.26 10020 1260.76 1256.64 1026.06 3555.36 2715.17 827.16 727.218 611.391 545.221 467.601 359.918 979.287 318.234 272.896 252.921 510.722 228.457 224.42 222.811 209.774 293.47 197.98 175.16 487.516
threshold=0.76755931973457348 0.85880398750305187 0.45222154259681707 0.45000000298023229 0.53218409419059765 1.0000000180025095e-35 0.93771553039550792 0.48684211075305944 1.5000000000000002 0.63188141584396373 1.0000000180025095e-35 0.63333335518836986 1.0000000180025095e-35 0.75905716419219982 1.0000000180025095e-35 1.0000000180025095e-35 0.53589835762977611 0.29166667163372045 0.22361110895872119 0.93475177884101879 0.48684211075305944 0.43951219320297247 0.23611111193895343 0.43650794029235845 0.08893280848860742 0.63333335518836986 1.0000000180025095e-35 0.71892556548118602 0.23669467866420749 0.88493064045906078
decision_type=2 2 2 2 2 2 2 2 2 2 2 2 2 2 2 2 2 2 2 2 2 2 2 2 2 2 2 2 2 2
left_child=1 8 3 6 5 -3 23 18 20 10 11 -10 -12 -11 -8 -7 17 27 -5 -13 -1 -22 -20 -2 -6 26 -9 -4 29 -18
right_child=2 4 16 7 24 15 14 25 9 13 12 19 -14 -15 -16 -17 28 -19 22 -21 21 -23 -24 -25 -26 -27 -28 -29 -30 -31
leaf_value=-0.06215657741935926 -0.045509527177537652 0.26924809458913901 -0.0092488784680692191 0.18758360064086391 0.075126321151412059 -0.05959439306068675 0.3113572865276919 0.28307504767854236 -0.0026432744627403405 -0.034345029329177337 -0.061364983138629717 0.43364102111618336 0.29282239558754614 0.33800342565938313 0.040506730534453812 0.25474555517251063 0.10705655074643423 0.28209435593450943 -0.0087820086380226373 0.21654560176706555 -0.044117964908753061 0.38047420627669032 0.28650789924191644 0.33446897679164739 0.28308277290899764 0.28726582007945561 0.088057316122400836 0.25851615399059075 0.29076769007054926 0.29009739199646162
leaf_weight=73340.473112825304 968.35457798838615 481.17108233273029 61.99153658747673 96.292607139796019 19.115283243358135 1177.1811278611422 52.609925866127014 67.30342123284936 64.835962053388357 18.560024805366993 2275.1391412988305 25.84309047088027 21.062152735888958 109.75016297027469 54.444128323346376 17.286626748740673 71.091282647103071 252.62654497474432 74.671310231089592 107.77672163397074 37.762060906738043 13.972256038337944 10.795801881700752 5.628116086125373 624.90727134421468 1297.8865343518555 47.30319894105196 11.839160263538359 12369.728496041149 199.06404234468937
leaf_count=1581160 19993 3573 880 921 232 25155 514 463 1225 371 49000 376 230 981 877 135 710 1621 1280 1368 789 148 70 49 4175 8841 484 105 76549 1257
internal_value=-0.00262441 -0.0558553 0.263961 0.146883 0.104386 0.0380778 -0.0218319 0.261286 -0.0607452 -0.0238715 -0.0397139 0.173206 -0.0581162 0.284143 0.173612 -0.0550452 0.288117 0.225916 0.112788 0.258534 -0.062063 0.0705547 0.0285176 -0.0433138 0.27691 0.280395 0.202583 0.0336887 0.289724 0.24193
internal_weight=93976.5 78334.8 15641.6 2675.29 2319.66 1675.64 1081.04 1594.25 76015.2 2622.97 2494.66 198.456 2296.2 128.31 107.054 1194.47 12966.3 326.457 181.76 133.62 73392.2 51.7343 85.4671 973.983 644.023 1412.49 114.607 73.8307 12639.9 270.155
internal_count=1783532 1668918 114614 33492 33270 28863 21433 12059 1635648 53551 52199 2969 49230 1352 1391 25290 81122 2606 2271 1744 1582097 937 1350 20042 4407 9788 947 985 78516 1967
is_linear=0
shrinkage=0.06


Tree=3
num_leaves=31
num_cat=0
split_feature=10 3 4 12 8 7 10 10 10 3 8 7 3 3 0 8 3 12 13 13 4 10 0 0 10 8 14 8 0 8
split_gain=292291 13725.9 9094.02 10945.9 4494.19 7170.3 1041.66 885.856 757.987 729.706 2407.54 1970.47 346.373 346.008 304.462 266.128 867.627 441.119 257.494 231.75 2172.49 1018.48 714.342 631.931 401.865 225.79 220.884 221.39 200.274 188.007
threshold=0.75490951538085949 0.85880398750305187 0.43951219320297247 0.45000000298023229 0.14039409160614016 1.0000000180025095e-35 0.93771553039550792 0.8916430175304414 0.55582657456398021 0.76253134012222301 0.19523809850215915 1.0000000180025095e-35 0.17712418735027316 0.25176055729389196 0.43650794029235845 0.31698563694953924 0.69804355502128612 0.45000000298023229 1.0000000180025095e-35 1.0000000180025095e-35 0.69631093740463268 0.5219533145427705 0.43650794029235845 0.30952382087707525 0.58689141273498546 0.48684211075305944 2.5000000000000004 0.28174604475498205 0.23611111193895343 0.39444445073604589
decision_type=2 2 2 2 2 2 2 2 2 2 2 2 2 2 2 2 2 2 2 2 2 2 2 2 2 2 2 2 2 2
left_child=1 9 3 6 5 8 -2 13 -3 19 11 18 -8 -5 -13 16 17 -4 -11 -1 22 -22 -21 25 -24 -23 27 -12 -15 -9
right_child=2 4 15 7 -6 -7 12 29 -10 10 26 14 -14 28 -16 -17 -18 -19 -20 20 21 23 24 -25 -26 -27 -28 -29 -30 -31
leaf_value=-0.062164471290820998 -0.044926330238986553 -0.057485112990175814 0.0020647690298039789 0.16990144649783961 0.2261506638743741 0.21215749120330277 0.23015703824473988 0.11096480272283783 0.16504491178964786 -0.060669895034880073 -0.0083092470064761795 0.018309287420707192 0.024248719094006436 -0.011025556155383755 0.20402877565534699 0.23196102988697465 0.22787093055688368 0.21301985669735171 0.15220345450185027 -0.058388060599912125 -0.0067635691289377907 1.2679988774930775 0.044374618855818143 0.39849728168828119 0.75019784983545357 0.49581996644824144 0.33862947309596014 0.27079696140702364 0.24497327303005711 0.22660657305087295
leaf_weight=68440.628642499447 1064.0305577404797 1129.6841335743666 107.70036602392793 107.78673183172941 611.89976679906249 570.63191814720631 68.358394466340542 52.290714029222727 57.930279415100813 1801.2518059797585 17.155995726585388 42.621341999620199 51.618391782045364 96.332856584340334 124.90181580558419 14550.229600936174 635.40126015245914 53.366174913942814 20.69126470386982 1142.9444580450654 21.156501930207014 4.7336814254522315 5.5454001463949663 29.705017875880003 6.0965282209217548 1.9146211445331571 57.337412249296904 25.346836190670729 12.419894453138111 1575.8663918077946
leaf_count=1560205 22915 25283 1369 1053 3510 3573 554 432 415 40881 341 877 820 1590 1383 77279 3531 320 254 26028 445 108 111 319 95 18 508 228 71 9016
internal_value=-0.0028508 -0.0559626 0.211361 0.116347 0.0860987 0.0373582 -0.0260287 0.207729 -0.0466304 -0.0606559 -0.0257172 -0.0401457 0.141568 0.0937175 0.156778 0.230112 0.196342 0.0719605 -0.0582524 -0.0617039 -0.0356975 0.324221 -0.0536249 0.516844 0.413993 1.04562 0.261793 0.158138 0.0182103 0.222893
internal_weight=92487.6 74112.2 18375.4 3028.7 2370.15 1758.25 1184.01 1844.7 1187.61 71742 2089.31 1989.47 119.977 216.539 167.523 15346.7 796.468 161.067 1821.94 69652.7 1212.1 57.5098 1154.59 36.3533 11.6419 6.6483 99.8402 42.5028 108.753 1628.16
internal_count=1783532 1664582 118950 36451 32781 29271 24289 12162 25698 1631801 44472 43395 1374 2714 2260 82499 5220 1689 41135 1587329 27124 890 26234 445 206 126 1077 569 1661 9448
is_linear=0
shrinkage=0.06


Tree=4
num_leaves=31
num_cat=0
split_feature=10 3 4 12 10 7 10 6 7 10 10 2 2 4 12 3 0 12 6 0 12 0 2 12 0 4 8 8 3 14
split_gain=242219 11327.5 7486.1 9427.79 2953.58 6005.9 972.279 796.539 1818.65 1943.47 729.238 523.588 476.639 321.256 213.347 195.044 201.065 193.499 205.805 192.27 178.693 167.517 160.969 592.618 549.21 268.154 153.638 143.426 137.974 134.881
threshold=0.74369570612907421 0.85880398750305187 0.48834688961505895 0.45000000298023229 0.5219533145427705 1.0000000180025095e-35 0.92762354016304027 1.5000000000000002 1.0000000180025095e-35 0.57637089490890514 0.87737199664115917 0.79759037494659435 0.81302964687347423 1.0000000180025095e-35 0.22500000149011615 0.25176055729389196 0.23611111193895343 0.22500000149011615 1.5000000000000002 0.43650794029235845 0.63333335518836986 0.30952382087707525 0.74849396944046032 0.29166667163372045 0.11805555596947671 0.58578637242317211 0.56696429848670971 0.070197045803070082 0.93788579106330883 2.5000000000000004
decision_type=2 2 2 2 2 2 2 2 2 2 2 2 2 2 2 2 2 2 2 2 2 2 2 2 2 2 2 2 2 2
left_child=1 7 3 6 5 14 19 -1 9 -9 15 -11 -10 -8 -3 29 -17 18 -6 -2 -12 -15 23 24 25 -4 -26 -16 -7 -5
right_child=2 4 22 10 17 28 13 8 12 11 20 -13 -14 21 27 16 -18 -19 -20 -21 -22 -23 -24 -25 26 -27 -28 -29 -30 -31
leaf_value=-0.06179061149992178 -0.048712564033059742 -0.060361478562739705 -0.009652221779040078 0.06586949370142936 0.040903642296642423 0.1448738178413643 0.19125383177352825 -0.060291599798612178 -0.024186999825088585 -0.036823982829828704 0.1259805308813074 0.2106511079683844 0.1770867562838947 -0.0097865878049857632 -0.024173122777888592 -0.01870815586100209 0.20006187494154087 0.20481930006864926 0.17019708659011074 0.20629765889936727 0.19238917878857892 0.2733881262304097 0.19670536886424309 0.19478219371404801 -0.030749047381300951 0.22196339080148217 0.16604856786628924 0.22183249572652303 0.20095653400273714 0.20358136276018959
leaf_weight=65282.792292524129 1155.4629426449537 1038.4449949450791 22.043972883373499 54.537729736417532 59.872848149389029 280.04934517294168 84.798621848225594 2019.098154399544 55.08279924467206 40.454200897365808 158.68053646013141 128.66297430545092 183.32558366656303 67.884969431906939 18.087647132575512 94.686990220099688 17.998765360563993 427.3545479439199 170.6247686445713 10.742787837982176 1806.5928079150617 8.4575781747698766 15754.096188012511 970.34732962027192 101.13999530300498 97.969056721776724 16.629135109484196 16.149203021079302 362.127601608634 48.261904142796993
leaf_count=1574767 26064 24626 275 541 465 1636 696 48399 1116 869 1009 1030 1853 1177 394 1651 94 2101 1073 88 9319 62 75218 4684 1144 585 96 120 1937 443
internal_value=-0.00298521 -0.0560204 0.178586 0.0988007 0.0728391 0.0313768 -0.027275 -0.0605359 -0.0267817 -0.0439268 0.175538 0.151453 0.130584 0.110871 -0.0555028 0.0707567 0.016235 0.180921 0.136613 -0.0463635 0.187027 0.0215848 0.195087 0.17398 0.0890902 0.17942 -0.002961 0.0918654 0.176499 0.130522
internal_weight=90552.5 70082.1 20470.3 3508.11 2372.71 1714.86 1327.35 67709.4 2426.62 2188.22 2180.76 169.117 238.408 161.141 1072.68 215.485 112.686 657.852 230.498 1166.21 1965.27 76.3425 16962.2 1208.13 237.782 120.013 117.769 34.2369 642.177 102.8
internal_count=1783532 1660386 123146 41144 32352 28713 28087 1628034 53267 50298 13057 1899 2969 1935 25140 2729 1745 3639 1538 26152 10328 1239 82002 6784 2100 860 1240 514 3573 984
is_linear=0
shrinkage=0.06


Tree=5
num_leaves=31
num_cat=0
split_feature=10 1 4 12 10 7 2 8 7 10 8 13 2 10 4 1 0 13 4 10 0 4 0 10 8 2 12 14 2 9
split_gain=206490 9411.49 5583.54 7434.4 2596.48 5014.08 1190.56 2128.59 2254.41 843.633 615.328 354.508 325.766 255.099 232.027 209.213 235.229 193.813 1164.05 399.805 397.058 162.076 159.019 148.343 136.627 413.44 274.346 134.652 124.635 123.971
threshold=0.74369570612907421 0.85270008444786083 0.48834688961505895 0.45000000298023229 0.54912123084068309 1.0000000180025095e-35 0.94494947791099559 0.15504807978868487 1.0000000180025095e-35 0.92762354016304027 0.55050507187843334 1.0000000180025095e-35 0.81302964687347423 0.57637089490890514 1.0000000180025095e-35 0.25176055729389196 0.23611111193895343 1.0000000180025095e-35 0.68614074587821972 0.56615138053894054 0.43650794029235845 0.82842725515365612 0.43650794029235845 0.54587543010711681 0.28174604475498205 0.8589511811733247 0.18333333730697635 2.5000000000000004 0.92403846979141246 0.52225759625434887
decision_type=2 2 2 2 2 2 2 2 2 2 2 2 2 2 2 2 2 2 2 2 2 2 2 2 2 2 2 2 2 2
left_child=1 6 3 9 5 11 17 8 13 22 15 29 -6 -8 -11 27 28 -1 20 -20 -19 -14 -2 -22 25 26 -4 -5 -17 -3
right_child=2 4 24 10 12 -7 7 -9 -10 14 -12 -13 21 -15 -16 16 -18 18 19 -21 23 -23 -24 -25 -26 -27 -28 -29 -30 -31
leaf_value=-0.061852967139245763 -0.047928872094483876 -0.060190921314724671 -0.007961505300014559 0.073827121778137231 0.60743643327706209 0.15248746560731644 -0.060475430022697257 0.21431964716411489 0.16773182732154276 0.15993798898939166 0.16594739434878922 0.16162667932434679 0.039974836021669347 0.12523684401437346 0.019897355019626247 -0.019197167353946155 0.17342660870805021 -0.058022687605103845 0.00023340012958678256 0.27974902627791087 -0.032371561691570669 0.16891834156239288 0.16965892480120673 0.41357612103836544 0.17167170109014321 0.16927867106016423 0.15931870212747665 0.16992952359549823 0.37547574668282302 0.15267955497684677
leaf_weight=61219.466677021235 1105.4303335361183 1107.0296244136989 92.197216376662254 109.06777170300484 5.9442945420742026 681.46104206889868 1349.5728585198522 139.19971672445536 182.27858859300613 94.954978764057159 1984.331300906837 27.025112427771091 37.348231755197048 27.163387607783079 77.237561650574207 119.52124285697937 31.816751684993505 1011.6449367664754 28.284270998090506 52.833574701100588 3.8460950739681712 581.1968565993011 12.225252188742159 8.8977911248803121 17512.410974621773 522.0114867426455 57.187310293316841 101.17432617023587 2.9516285732388488 9.9373727515339834
leaf_count=1561347 26064 27740 1153 813 76 3640 34273 926 1751 696 9466 167 385 283 1239 1893 150 25673 558 396 80 2816 88 92 78149 2405 295 710 25 183
internal_value=-0.00306368 -0.0556364 0.157077 0.0892313 0.0597748 0.0236469 -0.0600528 -0.0104857 -0.0305579 -0.0265025 0.152785 -0.0531017 0.165381 -0.0568113 0.0971223 0.0811351 0.0280749 -0.0614033 -0.0365047 0.182287 -0.0538301 0.161133 -0.0455488 0.278989 0.170653 0.144091 0.0560766 0.120074 -0.00968545 -0.0582971
internal_weight=88295.6 66473.1 21822.5 3638.71 2449.94 1825.45 64023.2 1698.21 1559.01 1289.85 2348.86 1143.99 624.489 1376.74 172.193 364.532 154.29 62325 1105.51 81.1178 1024.39 618.545 1117.66 12.7439 18183.8 671.396 149.385 210.242 122.473 1116.97
internal_count=1783532 1660386 123146 41144 35007 31730 1625379 37233 36307 28087 13057 28090 3277 34556 1935 3591 2068 1588146 26799 954 25845 3201 26152 172 82002 3853 1448 1523 1918 27923
is_linear=0
shrinkage=0.06


Tree=6
num_leaves=31
num_cat=0
split_feature=10 3 2 12 10 8 8 6 10 10 4 8 2 2 4 0 14 8 10 1 4 3 8 1 4 8 1 8 10 4
split_gain=179439 8938.39 5196.41 6649.71 1715.14 4239.87 1083.84 720.467 1467.54 1297.99 535.438 369.601 285.813 273.586 239.863 201.302 175.245 414.902 170.087 148.23 272.936 143.978 131.426 109.937 623.421 165.01 100.398 570.323 183.661 167.321
threshold=0.73192510008811962 0.85880398750305187 0.71892556548118602 0.45000000298023229 1.0000000180025095e-35 0.08893280848860742 0.57518798112869274 1.5000000000000002 1.0000000180025095e-35 0.57637089490890514 0.8155706822872163 0.42481203377246862 0.79759037494659435 0.81302964687347423 0.47413024306297308 0.30952382087707525 2.5000000000000004 0.24404761940240863 0.92762354016304027 1.0000000180025095e-35 0.4220647811889649 0.25176055729389196 0.24404761940240863 0.24068965017795566 0.3964285701513291 0.93095237016677868 0.80874970555305492 0.19523809850215915 1.0000000180025095e-35 0.78867626190185558
decision_type=2 2 2 2 2 2 2 2 2 2 2 2 2 2 2 2 2 2 2 2 2 2 2 2 2 2 2 2 2 2
left_child=1 7 3 6 -3 -6 10 26 13 22 18 14 -11 -9 21 -12 17 -7 -2 -8 -21 -5 -10 -13 25 -25 -1 28 -28 -29
right_child=2 4 -4 11 5 16 19 8 9 12 15 23 -14 -15 -16 -17 -18 -19 -20 20 -22 -23 -24 24 -26 -27 27 29 -30 -31
leaf_value=-0.061708055496957973 -0.048909335107883402 0.1339166102050402 0.15411208983541405 0.077098656646805583 -0.058218755801525295 -0.036594463254104065 0.18593412928560202 -0.020760812688407088 -0.06053879761909535 -0.035805375332539142 0.20299150540927655 0.15510364351206368 0.15342183975332882 0.13355838123387506 0.15257878157801447 -0.053102275482183284 0.15728695235686688 0.14897407977695554 0.039357242441025807 -0.0098552462741756941 0.15513101980404689 -0.027231730134486473 0.25228461156868964 0.021134237815230956 0.15308972206642307 0.13115626221415533 0.077920408223935103 0.048886065002155074 -0.059207163010795302 0.33504329852652925
leaf_weight=57535.757200930268 1242.1445863507688 744.65203752368689 18555.413933176547 117.921128295362 947.10150500014424 63.246024370193481 65.252003248780966 50.990784231573343 1802.6554728299379 36.518749624490738 45.123748727142811 1392.0270556472242 134.82393366098404 218.91786769777536 91.217018283903599 14.633087772876022 483.93502452969551 138.05536676943302 83.900940094143152 68.555985506623983 76.238625809550285 79.872225034981966 4.8478603921830645 197.01123240590096 944.40144995227456 65.353457041084766 37.551767352968454 12.566159117966892 552.43872766569257 17.741781290620565
leaf_count=1554931 29321 3573 79682 927 24649 785 474 1116 48322 839 224 6267 940 1853 448 154 2385 619 980 1367 407 1401 77 1490 4095 320 702 230 14786 168
internal_value=-0.00311296 -0.0556697 0.140105 0.0821367 0.0584567 0.0240329 -0.0161568 -0.0601607 -0.0268373 -0.0447383 -0.0354074 0.136455 0.113091 0.104405 0.0720884 0.14028 0.137717 0.0906711 -0.0433246 0.110851 0.0770149 0.0349683 -0.0596998 0.143614 0.130359 0.0485401 -0.0614492 -0.0374396 -0.0504793 0.216398
internal_weight=85820.9 62781.8 23039.1 4483.65 2376.99 1632.34 1595.85 60404.8 2248.75 1978.85 1385.8 2887.8 171.343 269.909 289.01 59.7568 685.236 201.301 1326.05 210.047 144.795 197.793 1807.5 2598.79 1206.77 262.365 58156.1 620.298 589.99 30.3079
internal_count=1783532 1655975 127557 47875 32011 28438 32927 1623964 53147 50178 30679 14948 1779 2969 2776 378 3789 1404 30301 2248 1774 2328 48399 12172 5905 1810 1570817 15886 15488 398
is_linear=0
shrinkage=0.06


Tree=7
num_leaves=31
num_cat=0
split_feature=10 3 1 12 8 9 10 6 9 12 8 8 14 0 10 12 3 9 1 10 3 0 10 13 1 0 10 10 9 14
split_gain=158101 8349.37 4164.55 5026.64 1672.24 3734.49 679.21 547.702 1090.74 1041.06 457.132 395.93 229.384 225.07 200.732 195.512 656.717 510.046 184.701 180.129 155.719 196.882 146.222 126.308 674.537 309.672 262.626 259.527 107.439 105.08
threshold=0.73192510008811962 0.84273937344551098 0.53589835762977611 0.45000000298023229 0.14039409160614016 1.0000000180025095e-35 0.91772764921188366 1.5000000000000002 1.0000000180025095e-35 0.29166667163372045 0.070197045803070082 0.62019231915473949 2.5000000000000004 0.63333335518836986 0.64879238605499279 0.45000000298023229 0.74239632487297069 0.73860013484954845 0.19560018926858905 0.91772764921188366 0.19433516263961795 0.30952382087707525 0.49358868598937994 1.0000000180025095e-35 0.71892556548118602 0.43650794029235845 0.55582657456398021 0.53441697359085094 0.75694981217384349 2.5000000000000004
decision_type=2 2 2 2 2 2 2 2 2 2 2 2 2 2 2 2 2 2 2 2 2 2 2 2 2 2 2 2 2 2
left_child=1 7 3 6 5 -3 -2 23 13 14 -7 20 -12 -9 -10 16 17 19 -8 -4 29 28 -11 -1 25 -25 -26 -27 -22 -5
right_child=2 4 15 11 -6 10 18 8 9 22 12 -13 -14 -15 -16 -17 -18 -19 -20 -21 21 -23 -24 24 26 27 -28 -29 -30 -31
leaf_value=-0.061691897489561394 -0.045587934789990396 0.118979897167644 -0.0040085656324399064 0.073487093179799234 0.13256345792132715 -0.060103061435817347 0.12098294598693045 -0.00897298960104175 -0.060413715540008031 -0.020206600765926976 -0.05928617898845949 0.13517000112605149 0.1154632554800695 0.12170760405888657 0.077077940827617611 0.14125769780591474 0.13842248404636098 0.12914194657447492 0.011581192431796054 0.11313710627773203 -0.010684602749954331 0.13486995921322892 0.17522146907772612 -0.055764905866737061 -0.0080266686285916915 -0.035619305118704397 0.31390776661560149 0.37251474410055818 0.082435504566928705 0.14359017511203767
leaf_weight=53875.086193684489 1073.3917020186782 831.44507993385196 264.14223391935229 157.2054638415575 647.09369222819805 1050.286210231483 118.03661165386438 63.829794716089964 1636.2616859599948 16.534751124680042 39.323843445628881 1786.1666521951556 86.5802220441401 184.84274981915951 39.141031879931688 16980.045759763569 2443.3517376035452 266.89954663068056 104.95115220919251 57.548514846712351 147.69882328808308 67.88506093993783 82.817495454102755 893.24006007239223 14.036437828093765 11.137303926050665 26.056634306907654 11.29952000826597 63.903116207569838 150.82688159495592
leaf_count=1541762 26869 3927 3849 954 3000 29172 903 1203 46242 379 816 7628 835 1552 418 69991 10306 1530 1599 351 2001 298 451 25224 333 285 247 129 473 805
internal_value=-0.00314128 -0.0553206 0.127977 0.0692232 0.0486853 0.02165 -0.0257932 -0.060177 -0.0295214 -0.0460111 -0.0471522 0.121116 0.0608835 0.0881642 -0.0572016 0.138752 0.124717 0.067823 0.069492 0.0169481 0.0783894 0.0459608 0.142697 -0.0613083 -0.0396876 -0.0502349 0.2012 0.169923 0.0174374 0.107813
internal_weight=83191.1 59509 23682.1 3670.07 2654.73 2007.64 1296.38 56854.3 2023.43 1774.75 1176.19 2373.69 125.904 248.673 1675.4 20012 3031.94 588.59 222.988 321.691 587.519 279.487 99.3522 54830.9 955.77 915.677 40.0931 22.4368 211.602 308.032
internal_count=1783532 1655975 127557 41530 37750 34750 29371 1618225 50245 47490 30823 12159 1651 2755 46660 86027 16036 5730 2502 4200 4531 2772 830 1567980 26218 25638 580 414 2474 1759
is_linear=0
shrinkage=0.06


Tree=8
num_leaves=31
num_cat=0
split_feature=10 3 2 12 9 8 8 2 9 8 1 8 12 9 10 1 13 1 0 10 13 14 10 8 3 9 0 3 9 2
split_gain=140752 7227.22 4132.9 5193.02 1507.84 3263.38 916.957 507.184 1094.66 1056.67 440.033 295.66 182.809 163.449 161.423 140.662 129.839 508.279 213.274 169.46 124.137 105.955 103.462 103.051 98.8264 96.9801 460.775 177.805 93.758 107.426
threshold=0.7214152216911317 0.84273937344551098 0.7320508360862733 0.45000000298023229 1.0000000180025095e-35 0.08893280848860742 0.57518798112869274 0.93127068877220165 1.0000000180025095e-35 0.16333333402872088 0.68870675563812267 0.42481203377246862 0.22500000149011615 0.60248687863349926 0.92762354016304027 0.60421237349510204 1.0000000180025095e-35 0.6911335587501527 0.43650794029235845 0.55891487002372753 1.0000000180025095e-35 2.5000000000000004 0.59399941563606273 0.28174604475498205 0.93788579106330883 1.0000000180025095e-35 0.43650794029235845 0.66312056779861461 0.83087757229805004 0.17467582225799563
decision_type=2 2 2 2 2 2 2 2 2 2 2 2 2 2 2 2 2 2 2 2 2 2 2 2 2 2 2 2 2 2
left_child=1 7 3 6 24 -6 10 16 -9 20 14 15 13 21 28 -5 25 18 -18 -19 -10 23 -20 -7 -3 26 -1 -28 -2 -30
right_child=2 4 -4 11 5 12 -8 8 9 -11 -12 -13 -14 -15 -16 -17 17 19 22 -21 -22 -23 -24 -25 -26 -27 27 -29 29 -31
leaf_value=-0.05911661976734936 -0.051296756139547671 0.086084759262554572 0.12979157679176276 0.036139273142243987 -0.057987007064990645 -0.050129013333466997 0.093522178382470844 0.12016921568105013 -0.06011142405084588 0.18094037980075114 0.11339161772582747 0.1193783440892197 0.1350768415140168 0.13223707817663194 0.032871244833178354 0.12856526206165003 -0.056774366007275312 -0.018589144640267126 -0.011509393618159926 0.18233869927092056 0.14395753063586431 0.080529399124942377 0.22472523471123509 0.12955277301602242 0.12673721830136292 -0.06189844478049597 -0.019865000589384268 0.087978632500826229 0.37425977099442481 0.014385053993692805
leaf_weight=1558.6089767925441 1242.400618378073 408.16347204893827 19488.94193443656 243.29194523021579 1018.290578160435 62.498692747205496 229.58519314974546 166.6057717949152 1113.6967355310917 70.734296936541796 67.994102168828249 2816.4506736509502 430.18840984627604 98.125932369381189 94.070236530154943 78.373314142227173 827.54795784503222 22.28398884832859 12.453422389924528 46.943266224116087 10.83562773093581 83.846518751233816 14.381634406745432 14.079166211187838 455.55307133495808 49534.119047291577 110.99038355797529 109.1740969158709 3.2967290990054599 31.695230856537819
leaf_count=46812 32165 1990 79667 2611 29623 908 2283 1572 33440 538 549 12433 1800 441 998 433 24607 518 259 367 132 650 99 69 1937 1501084 3091 1694 85 677
internal_value=-0.0031562 -0.0553469 0.117501 0.0676749 0.0429261 0.0102399 -0.0178353 -0.0600604 -0.023913 -0.0439963 -0.0355962 0.113154 0.111113 0.0712395 -0.0429827 0.0586587 -0.0610028 -0.0387064 -0.0513762 0.117661 -0.0581451 0.0339294 0.115095 -0.0170938 0.107526 -0.0614041 -0.0476393 0.033612 -0.0485687 0.0482903
internal_weight=80465.2 56169.1 24296.1 4807.16 2570.75 1707.03 1669.04 53598.4 1361.87 1195.27 1439.46 3138.12 688.739 258.55 1371.46 321.665 52236.5 923.61 854.383 69.2273 1124.53 160.424 26.8351 76.5779 863.717 51312.9 1778.77 220.164 1277.39 34.992
internal_count=1783532 1651631 131901 52234 37418 33491 36757 1614213 35682 34110 34474 15477 3868 2068 33925 3044 1578531 25850 24965 885 33572 1627 358 977 3927 1552681 51597 4785 32927 762
is_linear=0
shrinkage=0.06


Tree=9
num_leaves=31
num_cat=0
split_feature=10 3 4 10 7 8 12 2 7 10 12 4 0 12 9 9 2 9 1 8 7 8 2 12 2 0 3 9 8 9
split_gain=126214 6803.33 3693.64 4645.03 1257.37 2902.65 605.166 501.556 945.775 926.378 446.082 339.284 232.045 171.719 147.618 143.387 117.073 104.952 103.771 431.098 269.861 96.6731 241.345 117.297 87.7455 78.9686 121.593 74.4472 73.8057 72.7317
threshold=0.7214152216911317 0.84273937344551098 0.51925924420356762 0.8916430175304414 1.0000000180025095e-35 0.081666667014360442 0.45000000298023229 0.93127068877220165 1.0000000180025095e-35 0.55891487002372753 0.63333335518836986 1.0000000180025095e-35 0.30952382087707525 0.22500000149011615 0.75694981217384349 0.60248687863349926 0.85053193569183361 0.81364238262176525 0.76506900787353527 0.24404761940240863 1.0000000180025095e-35 0.21980676054954532 0.90070420503616344 0.18333333730697635 0.94804319739341747 0.30952382087707525 0.25176055729389196 0.59163263440132152 0.19523809850215915 0.66028577089309703
decision_type=2 2 2 2 2 2 2 2 2 2 2 2 2 2 2 2 2 2 2 2 2 2 2 2 2 2 2 2 2 2
left_child=1 7 3 6 5 -3 16 18 9 28 11 17 -13 15 25 -7 -2 -5 -1 20 27 22 23 29 -6 26 -8 -20 -9 -4
right_child=2 4 21 10 24 13 14 8 -10 -11 -12 12 -14 -15 -16 -17 -18 -19 19 -21 -22 -23 -24 -25 -26 -27 -28 -29 -30 -31
leaf_value=-0.061265457952181787 -0.051581132529661233 -0.058321837762200249 -0.03580142337675192 0.067172703026564501 0.06321830580754155 0.03033664322196606 0.047015596776548527 -0.060270425116223485 0.10484735174037242 0.1401217916499734 0.11553563258816441 -0.020459668641101162 0.12870105835284409 0.12518260848292392 0.10149225634952633 0.12088300897871974 0.13362093844875794 0.14445106108165109 -0.059618593116448945 0.15181414981767527 0.046406754817173747 0.12092407690255499 0.12247271829494744 0.10423801666300304 0.10837691197280901 0.13254709107453752 -0.038181020571226743 0.13171523645385436 0.2292383678191027 0.16365867393233297
leaf_weight=48080.355006299913 1094.7821666114032 956.81861790642142 76.643146131187677 136.41475894674659 199.89049465209246 168.06335829943419 127.46051243692636 1046.325929608196 179.08859160169959 91.047967903316021 2291.5568949431181 214.96446821093559 45.491987001150846 437.95327291637659 100.88034805655479 100.67712995409966 12.427092570811508 117.98815863206983 1117.0376889202744 39.28495940938592 96.064195901155472 19794.047718461603 277.93319259956479 41.929700277745724 688.17763286828995 19.390682604163885 114.46537853032351 7.3692438248544923 3.179702077060937 7.1995643712580195
leaf_count=1540946 30665 29469 938 1110 1024 1766 1027 33277 1571 797 9519 3448 228 1814 639 442 104 606 35307 400 1738 80245 1140 184 2903 88 1907 140 37 53
internal_value=-0.00316272 -0.0550289 0.109606 0.0589457 0.0405665 0.00979214 -0.0274795 -0.0598437 -0.0233388 -0.0434664 0.104197 0.0537305 0.00559312 0.102014 0.0398429 0.0642577 -0.0495025 0.103013 -0.0608201 -0.0438208 -0.050118 0.120331 0.0912651 0.0223022 0.0982124 0.0160434 0.00670547 -0.0583646 -0.0593933 -0.0186738
internal_weight=77684.9 53211.3 24473.6 4275.82 2551.58 1663.51 1469.41 50659.8 1319.64 1140.55 2806.42 514.859 260.456 706.694 362.197 268.74 1107.21 254.403 49340.1 1259.76 1220.47 20197.8 403.706 125.772 888.068 261.317 241.926 1124.41 1049.51 83.8427
internal_count=1783532 1651631 131901 49341 37418 33491 34430 1614213 35682 34111 14911 5392 3676 4022 3661 2208 30769 1716 1578531 37585 37185 82560 2315 1175 3927 3022 2934 35447 33314 991
is_linear=0
shrinkage=0.06


Tree=10
num_leaves=31
num_cat=0
split_feature=10 3 4 10 7 8 2 7 8 8 12 4 2 12 14 8 14 13 4 10 12 12 12 2 9 8 13 7 3 13
split_gain=113900 6411.34 3227.64 4034.55 1058.81 2603.31 495.863 826.255 826.844 491.045 442.348 366.314 222.002 176.234 138.968 153.878 137.514 135.672 620.308 255.149 114.146 113.105 109.011 294.869 311.353 183.077 107.512 105.436 362.82 101.559
threshold=0.7214152216911317 0.84273937344551098 0.51925924420356762 0.87737199664115917 1.0000000180025095e-35 0.070197045803070082 0.93127068877220165 1.0000000180025095e-35 0.16333333402872088 0.67708334326744091 0.45000000298023229 1.0000000180025095e-35 0.7320508360862733 0.22500000149011615 2.5000000000000004 0.24404761940240863 2.5000000000000004 1.0000000180025095e-35 0.59824562072753917 0.57637089490890514 0.45000000298023229 0.63333335518836986 0.45000000298023229 0.91331186890602123 0.72240144014358532 0.39444445073604589 1.0000000180025095e-35 1.0000000180025095e-35 0.70064935088157665 1.0000000180025095e-35
decision_type=2 2 2 2 2 2 2 2 2 2 2 2 2 2 2 2 2 2 2 2 2 2 2 2 2 2 2 2 2 2
left_child=1 6 3 10 5 -3 17 8 26 11 -2 16 21 14 15 -7 -5 27 -19 -20 -21 -13 23 24 25 -4 -8 -1 -29 -12
right_child=2 4 22 9 -6 13 7 -9 -10 -11 29 12 -14 -15 -16 -17 -18 18 19 20 -22 -23 -24 -25 -26 -27 -28 28 -30 -31
leaf_value=-0.061625324158269962 -0.050303034201763658 -0.05934644230679318 -0.0026287431593499879 0.064388530401905064 0.090369041497595601 -0.052142750320610963 -0.059656380286589983 0.092618252493593498 0.14416849176687807 0.11103528980681501 -0.021668805481686836 -0.03037210020607389 0.10669336401741415 0.11719334653064531 0.091115731196915448 0.089565362138772905 0.13155071407141877 -0.056074980350732308 -0.013080321566007152 -0.016424391161113553 0.21286629488944772 0.038090981651765519 0.11497577956881855 0.11368994854573308 0.10485566122948821 0.086488186009652135 0.12331538438747294 -0.055821722552079574 0.0364617784871707 0.05371855690203739
leaf_weight=44148.808887593448 1017.1612223330885 891.60622187517583 227.7306891027838 231.76125957816839 906.61277852207422 67.783311566337943 998.12765086255968 190.19452857971191 78.877566482871771 2048.2722562886775 91.104038834571838 208.11689248681068 83.840479820966721 443.91535267606378 169.69154625758529 46.517254922538996 208.46606504917145 737.06180755421519 42.110784582793713 9.1888495571911317 52.319250896573067 149.11030263453722 17086.127106413245 2306.7829614281654 448.69736216589808 130.56941799074411 11.696337815374134 1443.8330212086439 171.59996549040079 218.91082755476236
leaf_count=1501097 29723 29171 2172 1557 3927 1085 33441 1571 538 8520 1123 3962 385 1840 1179 216 1063 24365 1070 96 319 805 68562 9281 1934 611 132 48065 3519 2203
internal_value=-0.00316176 -0.0547095 0.103088 0.055606 0.0384516 0.00938786 -0.0596242 -0.0227659 -0.0429233 0.0949223 -0.0311796 0.057473 0.0188271 0.0935798 0.0566688 0.00552864 0.0961926 -0.0606357 -0.0367505 0.100708 0.178612 -0.00179491 0.113094 0.102769 0.0715523 0.0298467 -0.0575371 -0.0610744 -0.0460189 0.0315645
internal_weight=74866.6 50409.9 24456.7 4256.74 2526.13 1619.51 47883.8 1278.9 1088.7 2929.57 1327.18 881.295 441.068 727.907 283.992 114.301 440.227 46604.9 840.681 103.619 61.5081 357.227 20199.9 3113.78 806.997 358.3 1009.82 45764.2 1615.43 310.015
internal_count=1783532 1651631 131901 49341 37418 33491 1614213 35682 34111 16292 33049 7772 5152 4320 2480 1301 2620 1578531 25850 1485 415 4767 82560 13998 4717 2783 33573 1552681 51584 3326
is_linear=0
shrinkage=0.06


Tree=11
num_leaves=31
num_cat=0
split_feature=10 3 4 10 7 8 6 7 13 8 4 13 10 0 3 13 14 8 4 8 13 14 0 1 0 13 4 10 0 0
split_gain=103322 5648.09 3221.11 3625.35 993.164 2156.28 465.36 785.748 571.92 363.375 338.52 319.172 160.682 158.515 154.156 141.698 143.586 136.645 344.849 130.46 129.108 108.814 107.139 105.43 103.362 97.0811 485.434 270.557 89.1216 87.1897
threshold=0.7117014229297639 0.84273937344551098 0.43951219320297247 0.8916430175304414 1.0000000180025095e-35 0.070197045803070082 1.5000000000000002 1.0000000180025095e-35 1.0000000180025095e-35 0.67708334326744091 1.0000000180025095e-35 1.0000000180025095e-35 0.59399941563606273 0.30952382087707525 0.25176055729389196 1.0000000180025095e-35 2.5000000000000004 0.28174604475498205 0.79205974936485302 0.24404761940240863 1.0000000180025095e-35 2.5000000000000004 0.23611111193895343 0.25176055729389196 0.43650794029235845 1.0000000180025095e-35 0.60660174489021312 0.5721726417541505 0.43650794029235845 0.43650794029235845
decision_type=2 2 2 2 2 2 2 2 2 2 2 2 2 2 2 2 2 2 2 2 2 2 2 2 2 2 2 2 2 2
left_child=1 6 3 11 5 -3 25 8 12 10 21 29 -8 23 -13 16 19 18 20 -7 -4 -5 -16 -12 -9 -1 28 -28 -27 -2
right_child=2 4 17 9 -6 15 7 24 -10 -11 13 14 -14 -15 22 -17 -18 -19 -20 -21 -22 -23 -24 -25 -26 26 27 -29 -30 -31
leaf_value=-0.061110777556320821 -0.048845444193848821 -0.059137192887950822 -0.013509620048705538 0.060311448406481713 0.083537642053893912 -0.050780426733778333 -0.060445953908195613 -0.049641808876829098 0.11406816009473879 0.10377896500173819 0.05438719118301398 0.060784786839747612 0.040815966231263594 0.11216314695149794 -0.033899879919168201 0.11069545310316027 0.087938723060775312 0.10755535214428925 0.10392763705565944 0.080337513462300891 0.094923187260124164 0.12170923383283706 0.12824479804272493 -0.033073701944466877 0.07364193288220218 -0.057891511170849327 -0.017922377882075308 0.2041644617026715 0.16247027157535979 0.16646034915455349
leaf_weight=42642.631884066388 1033.1915591116995 843.28717427514493 150.29414836131036 223.16250783577561 921.40962779521942 67.996893476694822 1289.5407577641308 27.040839407593012 75.137541592121124 1840.2017085961998 66.040117759257555 166.04397378489375 58.993373526260257 43.559393838047981 163.82613160461187 364.74826781824231 181.03513709828258 19649.768019577488 682.61756417527795 45.664692353457212 53.639167184010148 194.47361384704709 16.113367704674602 199.53721887990832 258.75100424513221 684.23007016256452 36.908726064488292 42.471684951335192 6.6715499423444262 6.8157225139439097
leaf_count=1534698 31033 29170 2070 1380 3927 1105 45960 672 395 7646 659 1801 968 195 3639 1488 1227 80657 2978 211 273 933 71 2860 2083 23985 1008 306 94 40
internal_value=-0.00315659 -0.0547271 0.0969688 0.0473706 0.0344924 0.00441996 -0.0595203 -0.0288139 -0.0470395 0.0895922 0.0536709 -0.0308274 -0.0560161 0.00607518 0.0190926 0.0856958 0.0547535 0.106516 0.0834741 0.00189753 0.0150107 0.0889015 -0.01938 -0.0113251 0.0619772 -0.0607294 -0.0396186 0.100903 -0.0557636 -0.0474344
internal_weight=72035.8 47546.5 24489.3 3952.97 2424.14 1502.73 45122.4 1709.46 1423.67 2566.97 726.773 1385.99 1348.53 309.137 345.983 659.445 294.697 20536.3 886.551 113.662 203.933 417.636 179.939 265.577 285.792 43412.9 770.282 79.3804 690.902 1040.01
internal_count=1783532 1647297 136235 50257 37128 33201 1610169 50078 47323 13673 6027 36584 46928 3714 5511 4031 2543 85978 5321 1316 2343 2313 3710 3519 2755 1560091 25393 1314 24079 31073
is_linear=0
shrinkage=0.06


Tree=12
num_leaves=31
num_cat=0
split_feature=10 3 2 8 7 8 4 2 7 10 10 8 4 1 0 13 6 4 13 13 4 10 7 0 2 1 3 10 11 0
split_gain=94066.3 5337.86 2918.22 3202.69 849.711 1950.45 639.391 464.524 695.017 665.206 283.052 233.479 222.68 448.696 176.185 131.548 128.644 125.077 121.421 112.858 449.149 203.359 114.396 440.719 118.175 110.255 90.2395 82.4737 80.0121 72.525
threshold=0.7117014229297639 0.84273937344551098 0.7320508360862733 0.48684211075305944 1.0000000180025095e-35 0.070197045803070082 0.77485185861587536 0.93127068877220165 1.0000000180025095e-35 0.55190372467041027 0.86505654454231273 0.67708334326744091 0.5646599829196931 0.24068965017795566 0.30952382087707525 1.0000000180025095e-35 1.5000000000000002 0.3964285701513291 1.0000000180025095e-35 1.0000000180025095e-35 0.56904762983322155 0.51358735561370861 1.0000000180025095e-35 0.43650794029235845 0.72377106547355663 0.1490740776062012 0.93788579106330883 0.48397369682788854 3.5000000000000004 0.43650794029235845
decision_type=2 2 2 2 2 2 2 2 2 2 2 2 2 2 2 2 2 2 2 2 2 2 2 2 2 2 2 2 2 2
left_child=1 7 3 6 5 -3 10 19 9 -9 18 12 13 -5 -8 16 -7 -15 -2 22 29 -22 -1 -24 -25 -12 -6 -18 -23 -21
right_child=2 4 -4 11 26 15 14 8 -10 -11 25 -13 -14 17 -16 -17 27 -19 -20 20 21 28 23 24 -26 -27 -28 -29 -30 -31
leaf_value=-0.0614145763596727 -0.052160535784575926 -0.058863867300200011 0.10265896066067488 0.085435234923648198 0.05821878016416588 -0.0073485397372390565 0.12926172346972475 -0.058936346863789971 0.078911901311111352 0.11251686552836339 0.057570930675714907 0.097614147194468245 0.10297220896482734 -0.03162698028554109 -0.036688088227451517 0.10493643900504007 -0.026291208798716739 0.054274607645206231 -0.0025417958097756982 -0.058543367339168428 -0.040063374687928657 0.15504956530264163 -0.057957090364153308 -0.02922457643709564 0.065777430988986252 -0.010364942778299902 0.095580403220249605 0.091772630181745848 -0.035419664367367841 0.15124979574324493
leaf_weight=39232.269820146263 944.16896473243833 797.75486882403493 19359.258263597265 417.65253059007227 448.90878266096115 93.186335375532508 127.27584428153932 886.09765767306089 202.7474286146462 89.712111787870526 149.94140354916453 2098.8312996141613 345.99490878731012 234.30076667293906 28.119650971144438 361.76344167068601 24.168313454836607 82.509199215099216 218.66060058027506 639.57715779915452 37.379349553957582 64.769324460998178 1257.5490278657526 69.752554250881076 145.38388053327799 201.6745827049017 483.2679396122694 179.48988065309823 9.0490630753338319 5.987624764442443
leaf_count=1497507 29041 29170 80163 2716 1990 986 548 33253 1571 803 1191 8768 1432 3859 268 1488 570 687 4272 23690 1113 484 46803 2416 2365 3290 1937 987 93 71
internal_value=-0.00314775 -0.0544264 0.092233 0.0506094 0.0328574 0.00422648 -0.0166734 -0.0593157 -0.0221712 -0.0431736 -0.0285664 0.085948 0.0632862 0.0445907 0.0992322 0.0806462 0.0510438 -0.00925498 -0.0428301 -0.0603715 -0.0374133 0.0739619 -0.0607983 -0.0443811 0.0349754 0.0186053 0.0775881 0.0777619 0.131701 -0.0565975
internal_weight=69237.2 45028.8 24208.4 4849.13 2388.54 1456.36 1669.84 42640.3 1178.56 975.81 1514.45 3179.29 1080.46 734.462 155.395 658.608 296.845 316.81 1162.83 41461.7 756.763 111.198 40705 1472.69 215.136 351.616 932.177 203.658 73.8184 645.565
internal_count=1783532 1647297 136235 56072 37128 33201 38610 1610169 35627 34056 37794 17462 8694 7262 816 4031 2543 4546 33313 1574542 25451 1690 1549091 51584 4781 4481 3927 1557 577 23761
is_linear=0
shrinkage=0.06


Tree=13
num_leaves=31
num_cat=0
split_feature=8 3 4 8 8 9 2 8 7 4 13 4 4 0 2 8 14 14 0 8 8 3 0 14 7 0 2 9 4 8
split_gain=82120.5 8104.25 2392.03 2711.62 1390.78 2135.93 517.22 576.142 714.868 479.369 262.217 589.272 212.224 314.409 338.027 203.989 181.781 169.717 167.214 154.8 123.923 96.4124 94.5311 83.9054 80.4201 341.723 86.6063 77.2215 74.3609 174.217
threshold=0.32666666805744177 0.81605800986289989 0.43951219320297247 0.5419580638408662 0.10912698507308961 0.19082633405923846 0.92403846979141246 0.13188406080007556 1.0000000180025095e-35 1.0000000180025095e-35 1.0000000180025095e-35 0.56904762983322155 1.0000000180025095e-35 0.15476191043853763 0.27639257907867437 0.054093567654490478 2.5000000000000004 2.5000000000000004 0.30952382087707525 0.14039409160614016 0.24404761940240863 0.93788579106330883 0.43650794029235845 2.5000000000000004 1.0000000180025095e-35 0.43650794029235845 0.71892556548118602 0.75694981217384349 0.5646599829196931 0.46862745285034185
decision_type=2 2 2 2 2 2 2 2 2 2 2 2 2 2 2 2 2 2 2 2 2 2 2 2 2 2 2 2 2 2
left_child=1 6 3 9 5 21 10 8 -8 17 24 22 -5 14 -14 -7 20 -2 -11 -13 -6 -3 -12 -17 27 -26 -27 -1 29 -4
right_child=2 4 28 12 16 15 7 -9 -10 18 11 19 13 -15 -16 23 -18 -19 -20 -21 -22 -23 -24 -25 25 26 -28 -29 -30 -31
leaf_value=-0.061014529783067983 0.0081447212675449868 0.052782700375976925 0.012470208719566346 0.099493129924592832 -0.021648835190668854 -0.060023273064661188 -0.057298998394895419 0.097767049097349831 0.082894312388304997 -0.048402638988295429 -0.053500744329624927 -0.030826768892804075 0.079615474420853899 0.10135624623744467 -0.011452452364542613 -0.063605486537944178 0.097402516435226683 0.099997124507476567 0.10635909887778779 0.10742131162426154 0.079862954539159065 0.08951331343008892 0.12733070310141684 0.05415317060015655 -0.05841723550155354 -0.029273691103488351 0.054755110012525601 0.031258124410311006 0.098868092036136307 0.093217346346137805
leaf_weight=37072.720203705132 207.79071185179055 545.62866521254182 118.94715413078666 1334.0304847564548 83.063345775008202 953.42013631761074 795.92444947734475 136.03033011220396 156.72349931485951 967.98614251427352 700.96206385828555 37.947687529027462 295.7337152864784 443.76570454612374 291.22690973617136 29.137295242398977 1085.8274140227586 111.15871515311301 25.803142791613936 125.88124283403158 90.422658182680607 486.78202554769814 10.563934143632649 86.294408747926354 1181.7859802152961 66.321859195828438 132.12318744324148 32.679638540372252 18359.643106533214 502.82565810531378
leaf_count=1491204 3508 2798 1699 5756 1064 37177 31235 981 1340 32291 24761 1088 1649 1851 2639 865 4795 1140 185 787 420 1999 87 1087 46623 2372 2224 668 77015 2224
internal_value=-0.00313698 -0.0510991 0.0895962 0.0453065 0.0384313 0.00854993 -0.0585373 -0.0177416 -0.0342353 -0.0238438 -0.0596657 -0.0271939 0.0836936 0.0632449 0.0344311 -0.0509028 0.0882906 0.0401567 -0.0443843 0.0753989 0.0312601 0.0701012 -0.050816 0.0244285 -0.0604043 -0.0461834 0.026672 -0.0609333 0.098177 0.0777702
internal_weight=66469.2 43810.2 22658.9 3677.5 3360.58 2101.26 40449.7 1088.68 952.648 1312.74 39361 875.355 2364.76 1030.73 586.961 1068.85 1259.31 318.949 993.789 163.829 173.486 1032.41 711.526 115.432 38485.6 1380.23 198.445 37105.4 18981.4 621.773
internal_count=1783532 1653575 129957 49019 50205 43926 1603370 33556 32575 37124 1569814 26723 11895 6139 4288 39129 6279 4648 32476 1875 1484 4797 24848 1952 1543091 51219 4596 1491872 80938 3923
is_linear=0
shrinkage=0.06


Tree=14
num_leaves=31
num_cat=0
split_feature=8 2 1 12 8 9 13 4 1 1 2 14 1 8 4 2 8 7 0 4 8 2 0 9 4 14 2 9 2 2
split_gain=75155.2 6990.83 2226.73 2477.68 1898.36 2746.07 467.945 807.631 395.988 215.527 317.979 210.68 210.135 162.235 140.415 345.98 134.279 128.36 395.979 126.976 124.93 119.973 94.2478 93.1849 110.887 91.7833 85.8358 82.9182 78.7599 72.4083
threshold=0.32666666805744177 0.91331186890602123 0.51087471842765819 0.45000000298023229 0.08893280848860742 0.19082633405923846 1.0000000180025095e-35 0.56904762983322155 1.0000000180025095e-35 0.25176055729389196 0.58759590983390819 2.5000000000000004 0.87585616111755382 0.19523809850215915 0.34891304373741155 0.81302964687347423 0.13188406080007556 1.0000000180025095e-35 0.43650794029235845 0.3964285701513291 0.44097222387790685 0.81872946023941051 0.43650794029235845 0.72240144014358532 0.58578637242317211 2.5000000000000004 0.33489097654819494 0.81364238262176525 0.71892556548118602 0.94804319739341747
decision_type=2 2 2 2 2 2 2 2 2 2 2 2 2 2 2 2 2 2 2 2 2 2 2 2 2 2 2 2 2 2
left_child=1 6 3 8 5 29 12 22 20 -5 19 13 17 -6 15 -4 -9 23 -19 26 -2 27 -8 -1 -25 -22 -11 -10 -20 -3
right_child=2 4 14 9 11 -7 7 16 21 10 -12 -13 -14 -15 -16 -17 -18 18 28 -21 25 -23 -24 24 -26 -27 -28 -29 -30 -31
leaf_value=-0.060830810434887306 -0.01746931055703628 0.029749941845785811 -0.025908451644680714 0.089552826194850471 -0.045115838459456957 -0.057742139475806115 -0.05282092798638495 -0.018952194669690614 -0.055985859444511149 0.020380491739965853 0.099849897642703453 0.094889414116785434 0.0070447142880822565 0.07156846546807917 0.094752426756987446 0.1014712699070659 0.098852785015587169 -0.056754406863803841 -0.028310759141250301 0.06713589650113902 0.050831558099269161 0.12817806039732949 0.11305999067248719 -0.043497746759165755 0.11800240339980744 0.17111948022342549 -0.048340636627728174 0.0072093978522660062 0.049312968729587223 0.074342220019674998
leaf_weight=35156.061564683914 83.895710429176688 152.35370835848153 120.2369536049664 1619.0382459759712 71.682062555104494 1457.0102275591344 668.76385502144694 42.260710548609495 829.52276890538633 152.6333163715899 256.88982385024428 1121.879811193794 169.1181373577565 106.82118896581233 18470.606314152479 212.30580414831638 198.16365267336369 1136.148064898327 64.519166138023138 111.55206150189042 115.191302286461 13.764691654592751 12.562120921909807 47.6615583691746 22.544694848358631 28.482650451362133 114.5293798148632 82.147207412868738 173.85796805657446 939.28895086236298
leaf_count=1496630 2332 931 2331 7288 1564 59830 24768 1113 29735 1268 1130 5497 3517 543 79915 924 1098 46763 2372 632 1153 69 96 1664 116 254 1272 1654 2440 4633
internal_value=-0.00312312 -0.0507586 0.0859692 0.0413429 0.0262653 -0.00383322 -0.0586242 -0.0163996 -0.0302005 0.0779296 0.0483223 0.0852561 -0.0596827 0.0247112 0.0940567 0.0554148 0.0781456 -0.059991 -0.0420033 0.0133701 0.040707 -0.0476371 -0.0497625 -0.0606929 0.00836333 0.074678 -0.00907942 -0.0502916 0.0283033 0.0681188
internal_weight=63751.5 41540.7 22210.8 3407.65 3849.04 2548.65 37691.7 921.75 1153 2254.64 635.605 1300.38 36769.9 178.503 18803.1 332.543 240.424 36600.8 1374.53 378.715 227.57 925.435 681.326 35226.3 70.2063 143.674 267.163 911.67 238.377 1091.64
internal_count=1783532 1653575 129957 46787 72998 65394 1580577 27075 35197 11590 4302 7604 1553502 2107 83170 3255 2211 1549985 51575 3172 3739 31458 24864 1498410 1780 1407 2540 31389 4812 5564
is_linear=0
shrinkage=0.06


Tree=15
num_leaves=31
num_cat=0
split_feature=10 2 4 12 7 10 10 10 7 0 13 4 4 4 12 4 8 12 14 13 0 12 0 10 6 0 2 14 10 14
split_gain=72522.9 3953.26 2461.89 2709.68 1247.54 1994.13 402.921 295.786 245.55 504.443 162.008 432.291 148.855 148.303 143.147 268.832 155.422 124.778 122.154 121.532 116.333 112.7 106.247 93.5083 91.8743 85.2263 76.3155 67.6304 62.0895 56.6985
threshold=0.70241516828536998 0.92403846979141246 0.51925924420356762 0.45000000298023229 1.0000000180025095e-35 0.50753843784332286 0.87737199664115917 0.91772764921188366 1.0000000180025095e-35 0.43650794029235845 1.0000000180025095e-35 0.56904762983322155 1.0000000180025095e-35 0.79205974936485302 0.45000000298023229 0.77485185861587536 0.39444445073604589 0.45000000298023229 2.5000000000000004 1.0000000180025095e-35 0.58571431040763866 0.22500000149011615 0.43650794029235845 0.49358868598937994 1.5000000000000002 0.30952382087707525 0.68457102775573742 2.5000000000000004 0.97845596075057995 2.5000000000000004
decision_type=2 2 2 2 2 2 2 2 2 2 2 2 2 2 2 2 2 2 2 2 2 2 2 2 2 2 2 2 2 2
left_child=1 8 3 6 5 19 22 18 10 13 -1 -12 27 -10 15 16 20 -13 -5 -3 29 24 -2 -19 -7 28 -11 -8 -14 -4
right_child=2 4 14 7 -6 21 12 -9 9 26 11 17 25 -15 -16 -17 -18 23 -20 -21 -22 -23 -24 -25 -26 -27 -28 -29 -30 -31
leaf_value=-0.06103820454623779 -0.051892174286018493 -0.05912862173599652 -0.060548327451408472 0.0032350869789996 0.065838778660712804 -0.012897285412208465 0.042459536485751473 0.083025650239845608 -0.058154484470108604 -0.03653633880498329 -0.055951466080592746 -0.038854490777192129 -0.037735975371159101 0.068632347049058823 0.092666575950765842 0.086377532341148131 0.067190578137934817 -0.017537518386364939 0.06009672804212552 0.078844283064950671 0.086956738099226119 0.10006331177465096 0.10560514073397648 0.12038190265175136 0.070133739620124702 0.083173709371635568 0.044070214571165292 0.12907373697575844 0.10201273359240788 0.0089017503815125333
leaf_weight=33091.756935011595 983.03656397946179 1287.7086159046739 77.819634268060327 252.75981699302793 1043.0554760526866 68.060201538726687 133.96891715750098 2246.0507125668228 1068.882461477071 50.16170828230679 549.17974418401718 34.292589165270329 161.26234354823828 34.277781752869487 15771.616123272106 2524.3268608748913 285.71127407439053 22.214320059865713 294.4561371114105 23.400494083762169 43.682660397142172 337.05402147769928 15.665333857759832 87.028534950688481 162.56789117306471 29.077745418995619 269.23907775245607 42.829170569777489 12.319591745734213 92.762689685449004
leaf_count=1500302 36688 56147 1018 2411 4926 1155 1101 9647 46342 1948 23454 685 3802 631 69030 11137 1285 604 2517 181 195 1526 128 525 1226 158 3235 343 93 1092
internal_value=-0.00310792 -0.0538432 0.0811194 0.0394211 0.0132206 -0.0159917 -0.0294243 0.0733884 -0.0594088 -0.0349897 -0.0604371 -0.0317198 0.0232074 -0.0542149 0.0903737 0.0784163 0.0382208 0.060993 0.0338323 -0.0566661 -0.000408824 0.0779493 -0.0494217 0.0923363 0.0456306 -0.0118925 0.031411 0.0634417 -0.0278176 -0.0227814
internal_weight=61096.2 38128.9 22967.3 4171.43 2921.85 1878.79 1378.16 2793.27 35207 1422.56 33784.5 692.715 379.458 1103.16 18795.9 3024.3 499.976 143.535 547.216 1311.11 214.265 567.682 998.702 109.243 230.628 202.66 319.401 176.798 173.582 170.582
internal_count=1783532 1642887 140645 56888 65161 60235 42313 14575 1577726 52156 1525570 25268 5497 46973 83757 14727 3590 1814 4928 56328 2305 3907 36816 1129 2381 4053 5183 1444 3895 2110
is_linear=0
shrinkage=0.06


Tree=16
num_leaves=31
num_cat=0
split_feature=10 3 4 10 9 10 7 3 12 12 13 4 4 12 4 9 12 12 6 10 4 6 3 14 9 3 9 3 10 10
split_gain=66718 4093.03 2290.65 2421.97 539.645 1267.93 442.877 652.64 353.095 339.274 233.134 545.021 176.656 146.399 251.939 218.026 122.727 116.245 113.849 87.8083 87.3644 87.0245 75.9742 74.1129 73.5892 73.3375 71.8585 68.1735 66.8801 61.9957
threshold=0.70241516828536998 0.84273937344551098 0.51925924420356762 0.87737199664115917 0.19082633405923846 0.48579499125480657 1.0000000180025095e-35 0.66312056779861461 0.63333335518836986 0.45000000298023229 1.0000000180025095e-35 0.58578637242317211 1.0000000180025095e-35 0.45000000298023229 0.81016731262207042 0.70627450942993175 0.45000000298023229 0.22500000149011615 1.0000000180025095e-35 0.91772764921188366 0.7228132188320161 1.5000000000000002 0.70396453142166149 2.5000000000000004 0.81364238262176525 0.93788579106330883 0.68100523948669445 0.87585616111755382 0.49358868598937994 0.96379300951957714
decision_type=2 2 2 2 2 2 2 2 2 2 2 2 2 2 2 2 2 2 2 2 2 2 2 2 2 2 2 2 2 2
left_child=1 6 3 9 25 -6 10 -8 12 22 -1 -12 24 14 15 19 -13 21 -14 27 -9 -7 -2 -11 -5 -3 -25 -4 -18 -10
right_child=2 4 13 8 5 17 7 20 29 23 11 16 18 -15 -16 -17 28 -19 -20 -21 -22 -23 -24 26 -26 -27 -28 -29 -30 -31
leaf_value=-0.060863889834724426 -0.051011013924289361 0.043508583825839692 -0.028406290978712764 0.033872260534931947 -0.056086136402600503 -0.018201739142631318 -0.051925586774400637 -0.0094595587882679473 0.062654784508875849 -0.0086221179306727423 -0.054638493246013255 -0.027304432659162436 -0.02427168260995767 0.089721938623782124 0.083826823367311135 0.073351182970782108 -1.7271210638324119e-05 0.090793312539163035 0.071475675014329693 0.069013479345636786 0.052201589560764351 0.059848620317421636 0.080498606416831583 0.012861518811593189 0.093779911897674192 0.076914278117895293 0.089763770801109297 0.086638648688782918 0.12052919418284452 0.085647195599753534
leaf_weight=31777.046441908926 936.39624522812665 466.40588408894837 192.8693319875747 170.85551535338163 661.15506343357265 75.001339202746749 1053.5395289175212 112.19429237768054 566.28610600531101 153.494269605726 527.47441359236836 34.375697234645486 233.52766863256693 15325.460285903886 2382.4297888483852 318.95269386470318 19.766801511868834 316.08730741031468 55.292404428124428 52.89250260591507 314.88395955786109 163.61794712767005 16.086098570376635 94.585478901863098 129.96725636348128 480.1340500228107 81.375805435702205 20.515571996569633 102.41084657981992 1658.9736945852637
leaf_count=1527388 36621 2134 2230 1313 29174 879 46242 3684 2556 1899 23640 661 4273 69030 10706 1462 552 1433 313 241 3229 1298 195 1267 638 1998 614 88 575 7199
internal_value=-0.00309289 -0.053555 0.0782779 0.0377248 0.0264826 3.62987e-05 -0.0586541 -0.0265629 0.0688573 -0.0306364 -0.0601179 -0.0254608 0.0275752 0.08736 0.0751623 0.0398896 0.0728477 0.0669287 -0.00594158 -0.000191399 0.0360031 0.0353163 -0.04879 0.0218472 0.0597547 0.0604537 0.0484261 -0.0173455 0.101026 0.0797961
internal_weight=58494.1 36104.1 22390 4096.84 2162.4 1215.86 33941.7 1480.62 2814.9 1281.94 32461.1 684.028 589.643 18293.1 2967.66 585.23 156.553 554.707 288.82 266.277 427.078 238.619 952.482 329.456 300.823 946.54 175.961 213.385 122.178 2225.26
internal_count=1783532 1642887 140645 56888 36916 32784 1605971 53155 16292 40596 1552816 25428 6537 83757 14727 4021 1788 3610 4586 2559 6913 2177 36816 3780 1951 4132 1881 2318 1127 9755
is_linear=0
shrinkage=0.06


Tree=17
num_leaves=31
num_cat=0
split_feature=10 3 4 10 9 8 7 0 12 12 4 12 10 4 12 4 9 6 0 12 0 0 9 3 3 10 3 9 9 10
split_gain=61484.3 3881.03 2137.73 2173.92 472.314 1176.46 446.869 779.64 326.154 316.783 154.381 152.915 403.248 228.236 149.735 236.712 182.093 142.845 119.773 119.571 100.651 94.698 78.958 75.939 74.1521 72.4044 68.5137 66.5921 66.1677 63.2077
threshold=0.70241516828536998 0.84273937344551098 0.51925924420356762 0.87737199664115917 0.19082633405923846 0.070197045803070082 1.0000000180025095e-35 0.43650794029235845 0.63333335518836986 0.45000000298023229 1.0000000180025095e-35 0.45000000298023229 0.62087112665176403 0.45222154259681707 0.45000000298023229 0.79008570313453685 0.70627450942993175 1.5000000000000002 0.30952382087707525 0.29166667163372045 0.58571431040763866 0.43650794029235845 0.60248687863349926 0.54446640610694896 0.76728257536888134 0.92762354016304027 0.93788579106330883 0.81364238262176525 0.77618756890296947 0.96379300951957714
decision_type=2 2 2 2 2 2 2 2 2 2 2 2 2 2 2 2 2 2 2 2 2 2 2 2 2 2 2 2 2 2
left_child=1 6 3 9 26 -6 11 24 10 21 27 -1 17 -14 15 16 20 -13 -12 22 25 -2 -7 -9 -8 -4 -3 -5 -11 -10
right_child=2 4 14 8 5 19 7 23 29 28 18 12 13 -15 -16 -17 -18 -19 -20 -21 -22 -23 -24 -25 -26 -27 -28 -29 -30 -31
leaf_value=-0.060786486408996698 -0.050720034613574036 0.040719733342228177 -0.034250235437329045 0.031489908252311613 -0.058115105952893605 0.0088414968850975741 -0.058683761748403347 -0.026915992173231002 0.059100897363903233 0.0069531183497886654 -0.023900079749483667 -0.056389220208473249 -0.032760103940538354 0.12550666843788982 0.087113816859420726 0.080337642972815954 0.068801081941043174 0.071108837211217496 0.077412860776109635 0.086498857208808205 0.07651775169699461 0.096284708874065067 0.082113023122542039 0.048132686833848096 0.040981090923099248 0.072758962173310487 0.073054074234399899 0.088389368069885774 0.073882176306979866 0.082413893980260347
leaf_weight=29590.63303575106 893.11383906938136 468.38316649757326 173.79704880714417 172.69512656703591 606.4749103449285 174.60153181105852 954.406195724383 55.223142890259624 564.37447710335255 265.37954910844564 233.54017570987344 876.05696322210133 56.33392946049571 78.529166156426072 14851.678580628708 2372.2604911476374 285.00823902897537 32.819625031203032 51.221581298857927 317.51841728016734 47.997017718851566 16.059072587639093 75.987561944872141 400.94785838015378 27.653247974812984 26.193397909402847 475.31936025805771 129.62868089973927 66.502035731449723 1621.753018066287
leaf_count=1506249 36688 2134 2143 1313 28974 1992 46266 1825 2556 3385 4335 42783 2682 596 69030 10925 1322 506 251 1474 219 128 344 4341 723 118 1998 638 395 7199
internal_value=-0.00307586 -0.0532607 0.0757376 0.0361948 0.0253976 2.49782e-06 -0.0584558 -0.0257696 0.0657323 -0.0298085 0.0260261 -0.0599903 -0.0374193 0.0593967 0.0846769 0.0722196 0.0360879 -0.0517853 -0.00567639 0.0620451 -0.00150879 -0.0481234 0.03106 0.0390474 -0.0558774 -0.0202349 0.0570057 0.0558869 0.0203643 0.0763954
internal_weight=55962.1 34190.9 21771.2 4014.27 2118.28 1174.58 32072.6 1438.23 2773.21 1241.05 587.086 30634.4 1043.74 134.863 17756.9 2905.26 532.996 908.877 284.762 568.108 247.987 909.173 250.589 456.171 982.059 199.99 943.703 302.324 331.882 2186.13
internal_count=1783532 1642887 140645 56888 36916 32784 1605971 53155 16292 40596 6537 1552816 46567 3278 83757 14727 3802 43289 4586 3810 2480 36816 2336 6166 46989 2261 4132 1951 3780 9755
is_linear=0
shrinkage=0.06


Tree=18
num_leaves=31
num_cat=0
split_feature=10 3 2 12 7 8 10 7 0 1 8 12 4 3 10 12 10 4 12 2 3 0 2 2 3 14 1 4 14 4
split_gain=56750.7 3515.1 2183.4 2053.47 533.068 1089.03 412.403 385.284 699.454 233.404 165.394 153.393 143.046 146.876 129.763 114.609 315.126 269.013 87.8465 172.312 93.9077 77.7989 77.4518 75.5913 70.8669 70.4854 78.8495 78.2488 65.4859 58.9128
threshold=0.69452759623527538 0.82712644338607799 0.7320508360862733 0.45000000298023229 1.0000000180025095e-35 0.054093567654490478 0.87737199664115917 1.0000000180025095e-35 0.43650794029235845 0.68870675563812267 0.58578431606292736 0.29166667163372045 0.51925924420356762 0.25176055729389196 0.97845596075057995 0.45000000298023229 0.59026268124580394 0.45222154259681707 0.45000000298023229 0.91331186890602123 0.7897985875606538 0.30952382087707525 0.94201681017875682 0.72377106547355663 0.93788579106330883 2.5000000000000004 1.0000000180025095e-35 0.7228132188320161 2.5000000000000004 0.89725545048713695
decision_type=2 2 2 2 2 2 2 2 2 2 2 2 2 2 2 2 2 2 2 2 2 2 2 2 2 2 2 2 2 2
left_child=1 7 3 6 5 -3 9 15 29 -2 12 22 13 28 25 -1 -17 -18 19 20 -4 -15 -7 -10 -6 27 -27 -8 -5 -9
right_child=2 4 18 10 24 11 14 8 23 -11 -12 -13 -14 21 -16 16 17 -19 -20 -21 -22 -23 -24 -25 -26 26 -28 -29 -30 -31
leaf_value=-0.060754281456640524 -0.048324339823700255 -0.058784769785671681 0.019422231977174728 0.022770705466229661 0.037526554367061794 -0.024436219770752516 -0.021339801252945382 -0.056927687087381315 -0.024538211117148382 0.080171972943264849 0.073435052913375987 0.084337874505194074 0.081545820315579248 -0.027307022414648208 0.087286892698692373 -0.055138352296335111 -0.041968443410804794 0.11223459041066218 0.084912598739310771 0.080964424952199132 0.068395273453095248 0.10355114239420261 0.044908940165561392 0.04754586335339122 0.069775438922628621 0.12161335491950377 0.016270250636761099 0.075435086776141899 0.074629475721400371 0.34267114925023179
leaf_weight=27739.905422076583 993.11013979837298 659.00422835722566 285.7602525446564 177.60325258225203 517.00410700216889 88.079656479880214 222.23084051162004 923.1638562195003 61.325453063473105 53.638209732249379 2192.2296679206192 299.7308574039489 225.43007221072912 185.17918249405921 97.424780271947384 807.22159268893301 80.205293020233512 82.745013268664479 14106.990631991997 2084.0553333610296 278.17369943670928 17.940491065382957 169.69191460870206 358.69623517990112 466.80093415081501 36.013982336968184 88.28392787091434 34.786729335784912 173.09832010604441 1.3301134090870608
leaf_count=1497552 40912 33582 2207 1143 2325 1502 3597 46845 2416 555 10047 1478 1080 2867 458 41324 4005 761 67808 9678 1307 79 1633 3523 1937 269 1491 158 957 36
internal_value=-0.00305865 -0.0532159 0.0730669 0.035945 0.0199882 -0.00656996 -0.0206421 -0.0585752 -0.0271831 -0.0417398 0.0649955 0.0551514 0.0412528 0.0248518 0.0254874 -0.0600453 -0.0397745 0.0363348 0.0830303 0.0730026 0.0435793 -0.015749 0.0212139 0.0370212 0.0528282 0.0096979 0.0467923 -0.00824155 0.048367 -0.0563528
internal_weight=53506.9 32254.9 21251.9 4496.97 2200.31 1216.51 1525.49 30054.6 1344.52 1046.75 2971.48 557.502 779.251 553.821 478.74 28710.1 970.172 162.95 16755 2647.99 563.934 203.12 257.772 420.022 983.805 381.315 124.298 257.018 350.702 924.494
internal_count=1783532 1638919 144613 63613 42457 38195 47440 1596462 52820 41467 16173 4613 6126 5046 5973 1543642 46090 4766 81000 13192 3514 2946 3135 5939 4262 5515 1760 3755 2100 46881
is_linear=0
shrinkage=0.06


Tree=19
num_leaves=31
num_cat=0
split_feature=10 3 2 8 7 10 4 7 0 3 8 14 0 13 4 4 3 13 4 14 6 14 8 3 2 8 0 10 13 8
split_gain=52432.9 3346.78 2057.41 1775.22 553.316 1108.05 395.228 325.439 623.838 214.67 171.404 169.308 159.616 156.769 361.743 123.241 150.896 101.845 91.5517 114.994 90.2289 87.6754 75.6624 71.8978 67.7308 57.9654 57.7527 55.8917 52.3622 52.1286
threshold=0.69452759623527538 0.80982521176338207 0.7320508360862733 0.48684211075305944 1.0000000180025095e-35 0.48579499125480657 0.77485185861587536 1.0000000180025095e-35 0.43650794029235845 0.19433516263961795 0.69615384936332714 2.5000000000000004 0.30952382087707525 1.0000000180025095e-35 0.58578637242317211 0.62593284249305736 0.17712418735027316 1.0000000180025095e-35 0.41982863843441015 2.5000000000000004 1.5000000000000002 2.5000000000000004 0.08893280848860742 0.92422503232955944 0.72377106547355663 0.28174604475498205 0.43650794029235845 0.97067421674728405 1.0000000180025095e-35 0.23669467866420749
decision_type=2 2 2 2 2 2 2 2 2 2 2 2 2 2 2 2 2 2 2 2 2 2 2 2 2 2 2 2 2 2
left_child=1 7 3 6 5 28 9 13 -9 21 11 15 -8 -1 26 16 -5 20 -11 -20 -7 27 -16 -6 -10 -21 -15 -2 -3 -4
right_child=2 4 29 10 23 17 12 8 24 18 -12 -13 -14 14 22 -17 -18 -19 19 25 -22 -23 -24 -25 -26 -27 -28 -29 -30 -31
leaf_value=-0.060693293557327443 -0.024492469657191852 -0.058298195669943029 0.061649504426139173 0.04138500800860604 0.032382456464249004 -0.016310008234767286 0.10755245379891067 -0.056858292577267253 -0.023624485313122407 -0.051811849292044854 0.073583112795528052 0.066942063285157394 -0.046461997419307864 -0.056806581978943879 -0.042218658023175183 0.080083041648190412 -0.031142491124006848 0.083482307323739166 -0.053201046786645369 -0.019938569454205638 0.056180233251534033 0.046408846199622468 0.083867681804295963 0.064136542486150375 0.045818144578838038 0.063410715717608618 0.10972029273058712 0.059941055098735478 0.043405542600718466 0.081445726463802243
leaf_weight=26393.338932268322 196.37001624703407 751.9621709883213 493.93152156658471 201.27805608510971 489.69741845503449 94.644041011109948 117.55582458339632 870.12665722705424 59.919475087895989 771.83153334632516 1826.7004589885473 523.19060706719756 30.512179415673018 436.49541450291872 20.607654174789786 94.618672408163548 212.08602988161147 260.59612553566694 112.8767787758261 49.859044913202524 178.20280812680721 151.95760218054056 101.63180097751319 539.49585315585136 323.82615625113249 75.557957891374826 7.6283519864082328 32.961656346917152 18.676754672080278 15699.550028873608
leaf_count=1512100 5304 40222 2820 1352 2375 1566 567 46758 2416 32567 8691 3278 320 23245 716 458 3802 1276 2388 1234 1594 2769 901 2256 3277 749 83 134 134 78180
internal_value=-0.00304088 -0.052922 0.0709586 0.0345631 0.0161381 -0.00981868 -0.0173786 -0.0586333 -0.0287528 -0.0272958 0.062543 0.0429858 0.0758149 -0.0600231 -0.0287894 0.0183123 0.00417309 0.0566565 -0.0417751 -0.00926628 0.0310351 0.0110634 0.0626115 0.0490277 0.0349751 0.0302755 -0.0539463 -0.0123569 -0.0558334 0.0808419
internal_weight=51137.7 30546.8 20590.8 4397.36 2333.28 1304.08 1539.48 28213.6 1253.87 1391.41 2857.87 1031.17 148.068 26959.7 566.363 507.983 413.364 533.443 1010.13 238.294 272.847 381.289 122.239 1029.19 383.746 125.417 444.124 229.332 770.639 16193.5
internal_count=1783532 1638919 144613 63613 49423 44792 46032 1589496 52451 45145 17581 8890 887 1537045 24945 5612 5154 4436 36938 4371 3160 8207 1617 4631 5693 1983 23328 5438 40356 81000
is_linear=0
shrinkage=0.06


Tree=20
num_leaves=31
num_cat=0
split_feature=10 3 4 12 7 8 10 7 3 1 12 3 13 4 10 6 12 8 14 6 13 10 4 6 3 4 10 1 6 4
split_gain=48478.2 3190.59 1948.94 1741.07 490.838 1022.86 414.715 328.901 417.774 194.78 171.709 228.146 155.351 332.295 146.289 138.391 129.512 124.969 120.648 117.61 112.226 100.219 82.2987 73.6642 68.1136 64.3084 99.9059 60.8611 100.144 83.0776
threshold=0.69452759623527538 0.80982521176338207 0.51925924420356762 0.63333335518836986 1.0000000180025095e-35 0.070197045803070082 0.83796653151512157 1.0000000180025095e-35 0.66312056779861461 0.24068965017795566 0.45000000298023229 0.84273937344551098 1.0000000180025095e-35 0.51668518781661998 0.96379300951957714 1.0000000180025095e-35 0.29166667163372045 0.39444445073604589 2.5000000000000004 1.0000000180025095e-35 1.0000000180025095e-35 0.49358868598937994 1.0000000180025095e-35 1.5000000000000002 0.93788579106330883 0.59824562072753917 0.75490951538085949 0.25176055729389196 1.0000000180025095e-35 1.0000000180025095e-35
decision_type=2 2 2 2 2 2 2 2 2 2 2 2 2 2 2 2 2 2 2 2 2 2 2 2 2 2 2 2 2 2
left_child=1 7 3 6 5 -3 -2 12 -9 -8 11 15 -1 -14 20 25 23 18 -17 -11 22 -15 -5 -7 -6 -4 -27 -22 29 -29
right_child=2 4 10 14 24 16 9 8 -10 19 -12 -13 13 21 -16 17 -18 -19 -20 -21 27 -23 -24 -25 -26 26 -28 28 -30 -31
leaf_value=-0.060604481106724326 -0.048289918806750938 -0.057431239647480509 -0.0054885325904863074 0.041772542496584603 0.032555234100931613 -0.02361104648313191 0.044263252988935367 -0.049873248000586907 0.028513824848333168 -0.034590135543063179 0.080919104615190987 0.076900655449574404 -0.055682598432592524 -0.032141055013844524 0.074717559319904023 -0.0522425780788782 0.079241824333189534 0.050180227332724356 0.026309888464666916 0.05338360522784099 0.073542004463179225 0.082599924943681124 -0.03262206504898181 0.043889245731511428 0.063715810697116543 0.31089606237604195 0.091788099089105735 0.1257061534023082 0.089492613590434214 -0.0082095882194182807
leaf_weight=24891.637654317543 812.22697208821774 705.66530019976199 22.440587999299169 110.47788053378463 570.43109538219869 88.267929455265403 374.02201579883695 875.61165785416961 339.73837246000767 286.82745127007365 13384.515743935481 1791.7691400498152 405.52730820886791 37.493842117488384 1499.0766634643078 103.99421126022935 290.52154354378581 437.6259729899466 217.8231008220464 67.600007157772779 327.20771752856672 101.83373488113284 103.85430457442999 170.88124976493418 453.15434961020947 7.9153765458613625 139.94568479806185 18.842501454055309 78.77110007032752 145.12574241310358
leaf_count=1512100 36744 40088 264 691 2694 1524 3617 46242 6209 6949 69198 8839 22702 1430 7199 1330 1517 2121 1767 463 1610 813 1319 1663 1937 118 696 96 375 1217
internal_value=-0.00302309 -0.0526273 0.0689831 0.030477 0.0155133 -0.00963091 -0.0188097 -0.0584538 -0.027961 0.014061 0.0781256 0.0643867 -0.0599107 -0.0282175 0.0637327 0.0402704 0.051735 0.0293085 0.000925916 -0.0178109 0.0427362 0.0517225 0.00572476 0.0208982 0.0463504 0.0891538 0.103518 0.0566546 0.0338908 0.00717941
internal_weight=48860.8 28930.8 19930.1 3824.03 2278.92 1255.34 1540.68 26651.8 1215.35 728.449 16106 2721.51 25436.5 544.855 2283.36 929.745 549.671 759.443 321.817 354.427 784.279 139.328 214.332 259.149 1023.59 170.302 147.861 569.947 242.739 163.968
internal_count=1783532 1638919 144613 60280 49423 44792 47773 1589496 52451 11029 84333 15135 1537045 24945 12507 6296 4704 5218 3097 7412 5308 2243 2010 3187 4631 1078 814 3298 1688 1313
is_linear=0
shrinkage=0.06


Tree=21
num_leaves=31
num_cat=0
split_feature=8 3 1 12 8 9 9 6 9 8 8 3 0 14 1 12 4 0 4 13 4 1 4 14 0 14 8 3 1 14
split_gain=42990.5 4102.18 2171.98 1717.6 565.724 1137.36 312.981 283.151 246.597 233.185 193.323 175.497 257.886 173.045 136.846 115.967 271.676 118.25 110.588 86.1742 182.14 82.5403 83.2463 80.4703 80.1672 77.4541 64.9325 62.0225 59.7148 59.1766
threshold=0.28174604475498205 0.7897985875606538 0.53589835762977611 0.45000000298023229 0.12060606107115747 0.21085321903228763 0.81364238262176525 1.5000000000000002 0.21085321903228763 0.10912698507308961 0.054093567654490478 0.22792208194732669 0.18333333730697635 2.5000000000000004 1.0000000180025095e-35 0.45000000298023229 0.6291005313396455 0.43650794029235845 0.51222422719001781 1.0000000180025095e-35 0.75235849618911754 0.27334994077682501 1.0000000180025095e-35 2.5000000000000004 0.43650794029235845 2.5000000000000004 0.65476191043853771 0.93788579106330883 0.24068965017795566 2.5000000000000004
decision_type=2 2 2 2 2 2 2 2 2 2 2 2 2 2 2 2 2 2 2 2 2 2 2 2 2 2 2 2 2 2
left_child=1 7 3 6 5 27 14 19 -9 -10 -7 26 18 -6 -2 16 17 -4 21 -1 24 -13 -23 -12 -21 -11 29 -3 -8 -5
right_child=2 4 15 11 13 10 28 8 9 25 23 12 -14 -15 -16 -17 -18 -19 -20 20 -22 22 -24 -25 -26 -27 -28 -29 -30 -31
leaf_value=-0.059731097160493719 0.0041078713918049304 0.031712059212060606 -0.031342707929929679 0.025597222876752826 -0.0064741901071072453 -0.059063886862555773 0.079864985518075374 0.026890938911558925 -0.05991944674212419 -0.048845058548410994 -0.061795601956756457 0.037999707153746225 0.079241333427017516 0.074216216055376427 -0.052916851380526493 0.079082945884345585 0.07096174785291498 0.065652586684742983 0.077518094463059711 -0.051575775796614376 0.076329717904189118 0.09013865421663611 -0.02951929133037719 0.037731916041399922 0.065128709066149079 0.053910877485429928 0.077253154273984201 0.060818612591979772 0.0071806486178074471 0.072081424065838659
leaf_weight=23600.05355038587 181.72951449453831 633.15567297395319 142.88831316120923 200.18277895823121 111.90990225505084 770.08338941354305 86.375719906762242 238.69996474403888 585.85080045927316 35.744347097352147 38.615440445952117 120.45560024119914 282.5956616345793 659.71522105298936 910.71620208397508 12952.28231523186 2184.2817980432883 66.217281262390316 69.611843449994922 473.05491339787841 47.771433455869555 22.605116970837116 282.57717315666378 120.51823007687926 22.183315627276897 101.10133560467511 996.20610569417477 451.48931885883212 76.935510814189911 194.27386822551489
leaf_count=1503437 4659 3725 3719 1319 1343 47013 671 2469 36894 1404 1461 883 1514 3583 46654 69910 11451 338 364 23954 494 137 3270 1718 200 1397 4913 2065 1544 1029
internal_value=-0.00300394 -0.0502508 0.0671995 0.0239922 0.0188303 0.00209281 -0.0318492 -0.0579158 -0.0259835 -0.0434475 -0.0466231 0.0563293 0.0335064 0.0625136 -0.0434307 0.0768408 0.0647072 -0.000627295 0.00740954 -0.0591874 -0.0355556 -0.00405651 -0.0206561 0.0135805 -0.0463482 0.0270708 0.0690949 0.0438278 0.0456236 0.0484912
internal_weight=46659.9 27889.9 18769.9 3424.27 2785.49 2013.86 1255.76 25104.5 961.396 722.696 929.217 2168.51 777.845 771.625 1092.45 15345.7 2393.39 209.106 495.25 24143.1 543.01 425.638 305.182 159.134 495.238 136.846 1390.66 1084.64 163.311 394.457
internal_count=1783532 1631157 152375 66957 60908 55982 53528 1570249 42164 39695 50192 13429 6168 4926 51313 85418 15508 4057 4654 1528085 24648 4290 3407 3179 24154 2801 7261 5790 2215 2348
is_linear=0
shrinkage=0.06


Tree=22
num_leaves=31
num_cat=0
split_feature=10 3 2 12 7 10 10 7 0 4 10 4 12 13 4 10 12 2 1 0 10 3 6 0 14 1 12 10 14 3
split_gain=41642.8 2911.53 1765.7 1414.57 500.123 968.921 309.366 266.514 493.77 178.505 139.29 150.985 132.964 124.898 247.578 111.275 109.762 179.266 100.52 93.4988 89.2584 81.9184 77.1497 72.8318 62.3648 77.6514 58.3541 58.2442 67.3946 55.8937
threshold=0.69452759623527538 0.7897985875606538 0.7320508360862733 0.45000000298023229 1.0000000180025095e-35 0.48579499125480657 0.86505654454231273 1.0000000180025095e-35 0.43650794029235845 0.8155706822872163 0.91772764921188366 0.55086207389831554 0.29166667163372045 1.0000000180025095e-35 0.4901809841394425 0.97845596075057995 0.45000000298023229 0.91331186890602123 0.26365442574024206 0.43650794029235845 0.49358868598937994 0.82712644338607799 1.5000000000000002 0.30952382087707525 2.5000000000000004 1.0000000180025095e-35 0.45000000298023229 0.91772764921188366 2.5000000000000004 0.93788579106330883
decision_type=2 2 2 2 2 2 2 2 2 2 2 2 2 2 2 2 2 2 2 2 2 2 2 2 2 2 2 2 2 2
left_child=1 7 3 6 5 -3 9 13 -9 -2 11 18 22 -1 -15 24 17 21 -5 -11 -16 27 -7 -20 -8 -26 -22 28 -4 -6
right_child=2 4 16 10 29 12 15 8 -10 19 -12 -13 -14 14 20 -17 -18 -19 23 -21 26 -23 -24 -25 25 -27 -28 -29 -30 -31
leaf_value=-0.060465228143015234 -0.047280913367913652 -0.055641526203068753 -0.040122869919308329 0.036757740422256123 0.030398503900780052 -0.025127903904155244 -0.012318289240639591 -0.056905150203321903 0.030062585439223792 0.13084646592510474 0.064165841486551883 0.07454437679455149 0.078863101585788062 -0.055927043731952612 -0.038394452923069124 0.077571303334541972 0.077778636345691793 0.072554341755870597 -0.030367965575769804 -0.059870187586863154 -0.020560608029414527 0.06431029906964475 0.043032919155604879 0.086351889443980423 0.10643461398105207 0.0090645807354479465 0.094112839670904697 0.051673400827829286 0.025498396772038762 0.058384086769132898
leaf_weight=22023.661769432947 816.03965687006712 787.19720934890211 95.84051276370883 315.49650763720274 622.41792525909841 92.864822508767247 267.27932878956199 742.18167267553508 343.93558358773589 31.911778511479497 1975.5966990925372 225.86656305380166 269.33497690036893 360.20070337317884 38.04089423827827 92.917282812297344 12109.835165154189 1839.1031760536134 177.35975349508226 13.033646196126936 20.202450279146433 192.98406111821532 167.80657122563571 21.588325586169958 41.031071644276381 104.78027620911598 76.348637608811259 108.60777007415891 136.71490163728595 437.51460415124893
leaf_count=1502957 39888 48805 947 2025 3166 2035 4447 46545 5434 168 10058 1218 1523 22363 1618 458 67808 9678 2767 207 310 973 1660 105 306 1966 566 538 1056 1937
internal_value=-0.00298324 -0.0520214 0.0656419 0.0307924 0.0112707 -0.0134167 -0.0189874 -0.0583953 -0.0293655 -0.0408693 0.055848 0.0336509 0.0492981 -0.0597955 -0.0299833 0.0182452 0.0754663 0.0636673 0.0156967 0.0755409 0.0394485 0.0330688 0.0187505 -0.0177024 0.00490084 0.0364643 0.0701184 0.0153966 -0.00154538 0.0419503
internal_weight=44547.7 25981.7 18566 4082.9 2377.14 1317.2 1366.99 23604.6 1086.12 860.985 2715.91 740.311 530.006 22518.5 494.793 506.008 14483.1 2373.25 514.445 44.9454 134.592 534.147 260.671 198.948 413.091 145.811 96.5511 341.163 232.555 1059.93
internal_count=1783532 1638919 144613 63613 59126 54023 47440 1579793 51979 40263 16173 6115 5218 1527814 24857 7177 81000 13192 4897 375 2494 3514 3695 2872 6719 2272 876 2541 2003 5103
is_linear=0
shrinkage=0.06


Tree=23
num_leaves=31
num_cat=0
split_feature=10 3 4 12 7 8 8 7 0 12 3 10 0 0 13 4 12 0 3 13 1 10 3 14 8 4 3 10 3 10
split_gain=38596.3 2784.48 1681.03 1358.3 446.138 900.251 342.077 270.591 461.879 163.723 192.004 136.191 126.337 126.386 123.464 230.242 118.251 112.686 107.09 101.921 89.2653 78.6009 70.8503 64.3666 65.724 61.5401 59.8629 59.5498 53.3264 51.8883
threshold=0.69452759623527538 0.7897985875606538 0.54110360145568859 0.63333335518836986 1.0000000180025095e-35 0.081666667014360442 0.5419580638408662 1.0000000180025095e-35 0.43650794029235845 0.45000000298023229 0.87585616111755382 0.96379300951957714 0.10555555671453477 0.41428571939468389 1.0000000180025095e-35 0.4901809841394425 0.29166667163372045 0.43650794029235845 0.17712418735027316 1.0000000180025095e-35 0.19560018926858905 0.49358868598937994 0.64549729228019725 2.5000000000000004 0.24404761940240863 1.0000000180025095e-35 0.80229884386062633 0.59776359796524059 0.92422503232955944 0.7214152216911317
decision_type=2 2 2 2 2 2 2 2 2 2 2 2 2 2 2 2 2 2 2 2 2 2 2 2 2 2 2 2 2 2
left_child=1 7 3 6 5 27 17 14 -9 10 12 19 29 26 -1 -16 23 18 -2 25 -8 -17 -22 24 -7 -5 -14 -3 -6 -4
right_child=2 4 9 11 28 16 20 8 -10 -11 -12 -13 13 -15 15 21 -18 -19 -20 -21 22 -23 -24 -25 -26 -27 -28 -29 -30 -31
leaf_value=-0.060384228270922533 -0.0057688048697073207 -0.057379241838293807 0.3102112815716509 0.033823867848709527 0.026678080633589694 -0.052885999741460452 0.057431798879757467 -0.056615178031867927 0.027687158602403443 0.076340765210836936 0.073834969499444722 0.068767945465562239 -0.034858589341670604 0.04242123282838739 -0.055583372816120871 -0.037454585072534671 0.07448322456708685 0.073305298993316184 -0.050049010902794615 0.05080518783720181 -0.016802428379000461 0.065651114632698584 0.075640563690253501 0.042985739032925983 0.04595488694585282 -0.030450825992394317 0.043416290966839272 0.12222628842766069 0.053696860417710296 0.082967905751259702
leaf_weight=20768.087224050425 265.48126122169197 734.5134073169902 3.6994768073782316 109.50175155885518 545.91141122579575 68.858518800698221 207.27251837961376 702.43319708760828 350.81339777447283 11771.501344261691 1413.3261477053165 1407.240328758955 131.4187347991392 713.65303249936551 341.25889528449625 36.697296794503927 270.84566619060934 33.475578740239143 758.05550300516188 574.69091483391821 156.89151828363538 96.903818117454648 36.858601879328489 149.24961168505251 37.358509138226509 105.09529292490333 48.027912022545934 6.7064175121486178 507.39404313266277 162.92908821068704
leaf_count=1502957 7357 49038 76 691 2847 1729 1227 46545 5434 68769 7768 7429 1560 4184 22363 1618 1565 238 36698 3439 2430 876 196 1397 234 1345 254 60 2256 952
internal_value=-0.00296357 -0.0517103 0.0640788 0.0277768 0.0108355 -0.0131452 -0.01712 -0.0582208 -0.0285359 0.0733924 0.0593584 0.057579 0.0400515 0.0311031 -0.0596926 -0.0294423 0.0468623 -0.0350209 -0.0385638 0.0376299 0.0300628 0.0373302 0.000783726 0.0175787 -0.0181218 0.00234642 -0.0139087 -0.0557542 0.0396935 0.0880131
internal_weight=42516.2 24617 17899.1 3654.56 2320.84 1267.53 1458.03 22296.2 1053.25 14244.6 2473.05 2196.53 1059.73 893.1 21242.9 474.86 526.312 1057.01 1023.54 789.288 401.023 133.601 193.75 255.467 106.217 214.597 179.447 741.22 1053.31 166.629
internal_count=1783532 1638919 144613 61050 59126 54023 48146 1579793 51979 83563 14794 12904 7026 5998 1527814 24857 4925 44293 44055 5475 3853 2494 2626 3360 1963 2036 1814 49098 5103 1028
is_linear=0
shrinkage=0.06


Tree=24
num_leaves=31
num_cat=0
split_feature=8 3 4 12 12 7 8 4 2 8 7 8 14 12 4 3 2 0 8 4 0 0 7 0 1 2 14 3 14 8
split_gain=34332.4 3515.91 1851.3 1317.78 528.303 750.579 530.74 260.993 231.66 186.744 174.363 216.202 150.989 130.698 198.697 128.464 91.9986 81.1241 76.0376 133.697 75.9788 66.4914 63.4114 163.812 62.3468 160.939 58.2858 57.2042 57.1212 58.8006
threshold=0.28174604475498205 0.76728257536888134 0.43951219320297247 0.45000000298023229 0.29166667163372045 1.0000000180025095e-35 0.081666667014360442 1.0000000180025095e-35 0.92718276381492626 0.69615384936332714 1.0000000180025095e-35 0.065591398626565947 2.5000000000000004 0.45000000298023229 0.64932429790496837 0.25176055729389196 0.77032968401908886 0.43650794029235845 0.18898809701204303 0.79205974936485302 0.30952382087707525 0.30952382087707525 1.0000000180025095e-35 0.43650794029235845 0.21132376790046695 0.58885449171066295 2.5000000000000004 0.33508773148059851 2.5000000000000004 0.67708334326744091
decision_type=2 2 2 2 2 2 2 2 2 2 2 2 2 2 2 2 2 2 2 2 2 2 2 2 2 2 2 2 2 2
left_child=1 8 3 7 5 6 -3 28 18 15 11 -10 -8 14 17 26 -17 -4 22 -20 -9 -21 -1 -24 -11 27 -5 -26 29 -2
right_child=2 4 13 9 -6 -7 12 20 10 24 -12 -13 -14 -15 -16 16 -18 -19 19 21 -22 -23 23 -25 25 -27 -28 -29 -30 -31
leaf_value=-0.060294959691973377 -0.013856367756552435 -0.058060745263248656 -0.0210702801025105 0.023316261941650256 0.07053942890587335 0.037763300713148158 -0.036051872837862757 -0.051395075478450042 -0.060835864693223482 0.073647219978016196 0.040356322920927105 0.048495017714374603 0.045686898056916531 0.075064908367459951 0.065271075978854037 -0.021669739969739178 0.076402048237756551 0.052250820040173021 -0.047761381978406382 0.13007858490819846 0.067103420704128419 -0.0028862934511027045 -0.057383799974527389 0.0072132986189862502 0.028783972554175929 0.07357803042138128 0.064766521106211797 -0.037375862694049043 0.065257027953804073 0.064977307389663619
leaf_weight=18707.498109390028 160.82253049593419 828.44331830646843 144.29800420626998 241.64682094939053 483.16073313727975 1102.5063526928425 109.82519804127514 801.98025022260845 320.39593318942934 802.63598501682281 134.24825981073081 81.722990164533257 313.85174160078168 11357.549719783477 1991.3129317210987 232.35133110638708 40.425745530985296 87.124257888644934 823.90700622089207 21.536482415162027 19.964011491276324 36.460912232287228 651.09676365554333 180.50659256055951 136.96666178107262 325.14579048752785 246.91690592933446 71.664966523647308 71.203006532043219 43.213674463331699
leaf_count=1427612 4369 59130 3145 1588 4123 5704 2523 47804 24073 4393 1036 1771 2569 69356 11485 3644 222 520 51436 129 219 709 46118 4224 623 1839 1365 309 1287 207
internal_value=-0.00294378 -0.0492872 0.0627931 0.021699 0.0133892 0.00166215 -0.0301253 -0.0315829 -0.0577741 0.0495669 -0.0188502 -0.0386165 0.0244986 0.072461 0.0591555 0.025849 -0.00713544 0.00653314 -0.0587965 -0.0415632 -0.0485169 0.0464883 -0.0595743 -0.0433624 0.0630788 0.0471873 0.044265 0.00605807 0.0189871 0.00284014
internal_weight=40570.4 23795.2 16775.2 3194.94 2837.79 2354.63 1252.12 1097.18 20957.4 2097.75 536.367 402.119 423.677 13580.3 2222.74 761.341 272.777 231.422 20421 881.904 821.944 57.9974 19539.1 831.603 1336.41 533.777 488.564 208.632 275.239 204.036
internal_count=1783532 1631157 152375 67869 74049 69926 64222 53886 1557108 13983 26880 25844 5092 84506 15150 6819 3866 3665 1530228 52274 48023 838 1477954 50342 7164 2771 2953 932 5863 4576
is_linear=0
shrinkage=0.06


Tree=25
num_leaves=31
num_cat=0
split_feature=10 2 2 8 9 8 4 7 2 10 0 10 4 1 0 14 8 14 14 9 2 10 14 8 2 4 0 9 4 9
split_gain=33288.7 2371.03 1737.39 1209.89 501.169 855.043 264.996 253.578 289.622 151.537 135.763 132.525 162.919 225.867 90.8904 89.1918 136.316 70.892 60.5166 62.9929 57.1843 54.7531 52.2583 52.1008 79.9254 49.2023 46.427 46.282 147.541 46.0341
threshold=0.67936623096466076 0.91734972596168529 0.75134408473968517 0.48684211075305944 0.21085321903228763 0.065591398626565947 0.82097071409225475 1.0000000180025095e-35 0.7320508360862733 0.83796653151512157 0.43650794029235845 0.96379300951957714 0.51925924420356762 0.25176055729389196 0.30952382087707525 2.5000000000000004 0.24404761940240863 2.5000000000000004 2.5000000000000004 0.72240144014358532 0.94804319739341747 0.97067421674728405 2.5000000000000004 0.23669467866420749 0.90070420503616344 0.35948719084262853 0.30952382087707525 0.62090381979942333 0.55646631121635448 0.72240144014358532
decision_type=2 2 2 2 2 2 2 2 2 2 2 2 2 2 2 2 2 2 2 2 2 2 2 2 2 2 2 2 2 2
left_child=1 7 3 6 20 -6 9 27 -9 18 -8 12 13 22 25 16 -7 21 -2 -20 -3 -11 -5 24 -4 -15 -10 -1 -29 -19
right_child=2 4 23 11 5 15 10 8 26 17 -12 -13 -14 14 -16 -17 -18 29 19 -21 -22 -23 -24 -25 -26 -27 -28 28 -30 -31
leaf_value=-0.060058240044998407 -0.052916923667217924 0.0022961539527258349 0.0091667762459260657 0.02708054601622539 -0.058789153861803126 -0.049227938744796189 0.097586252249189293 -0.055115239597809507 -0.051509644342486886 -0.034540929899657874 -0.047736070770877319 0.06382251999711111 0.067931364184640158 -0.046114607013946124 0.076324232966012082 0.066503693808308034 0.072150659983293286 0.012394115333100478 -0.032213642481582434 0.033845370508628111 0.0430783270591268 0.044485027310134359 0.067116393024447621 0.072272734439366298 0.066624319958470374 0.011107679198957613 0.017472274141571969 -0.054126953333625431 0.08190767604982159 0.077315478256076389
leaf_weight=18521.503826827742 513.98985467571765 143.43882084917277 118.42089926823974 240.71337900776416 738.3344191275537 71.436378635466099 100.82775077503175 599.97183931898326 38.902629324235022 181.6724282708019 30.037559864111245 1379.8222721964121 391.24335639551282 200.91020942293108 31.873714255169034 292.42445179354399 62.40967526845634 172.88576849550009 311.27524811774492 62.381926984526217 902.96722338628024 38.198903322219849 229.05848226509988 12312.853603246622 330.10551864095032 74.026669411920011 361.60487546958029 172.99493404850364 34.411568048410118 50.894259782508016
leaf_count=1496325 28256 898 1082 1958 56923 1992 580 43473 2337 3913 362 7809 2346 3568 174 2707 377 2639 15739 1987 4874 170 1316 77711 1906 1010 6131 13566 655 748
internal_value=-0.00292248 -0.0515675 0.0607159 0.0262647 0.00735191 -0.0197256 -0.0172398 -0.0581704 -0.0287396 -0.0252482 0.0642304 0.051233 0.0363582 0.0204516 -0.0195883 0.0479356 0.00736842 0.00338515 -0.0395593 -0.0211851 0.037488 -0.0208115 0.0466018 0.071541 0.0514543 -0.0307075 0.0107718 -0.0597426 -0.031557 0.0271592
internal_weight=38711.6 21940.4 16771.2 4009.81 2211.01 1164.6 1462.16 19729.4 1000.48 1331.3 130.865 2547.65 1167.83 776.582 306.811 426.271 133.846 443.651 887.647 373.657 1046.41 219.871 469.772 12761.4 448.526 274.937 400.508 18728.9 207.407 223.78
internal_count=1783532 1630258 153274 72575 67771 61999 54394 1562487 51941 53452 942 18181 10372 8026 4752 5076 2369 7470 45982 17726 5772 4083 3274 80699 2988 4578 8468 1510546 14221 3387
is_linear=0
shrinkage=0.06


Tree=26
num_leaves=31
num_cat=0
split_feature=8 3 4 12 12 7 8 8 0 7 8 4 8 12 2 12 8 0 2 1 0 2 4 0 4 0 3 4 8 3
split_gain=29581.1 3206.56 1676.38 1201.81 471.18 645.563 469.073 312.932 213.127 326.67 231.437 219.789 146.835 109.003 129.565 100.198 97.8599 92.8867 117.222 91.8562 81.5979 80.0628 63.8204 69.9169 61.6829 88.6806 57.6142 67.4646 52.6934 50.4823
threshold=0.28174604475498205 0.76253134012222301 0.51925924420356762 0.63333335518836986 0.29166667163372045 1.0000000180025095e-35 0.097619049251079573 0.48684211075305944 0.43650794029235845 1.0000000180025095e-35 0.10912698507308961 0.89125296473503124 0.075498577207326903 0.45000000298023229 0.92403846979141246 0.29166667163372045 0.69615384936332714 0.095454547554254546 0.6820855736732484 0.25866188108921057 0.43650794029235845 0.9529346525669099 1.0000000180025095e-35 0.43650794029235845 1.0000000180025095e-35 0.30952382087707525 0.27195686101913458 0.35948719084262853 0.054093567654490478 0.93788579106330883
decision_type=2 2 2 2 2 2 2 2 2 2 2 2 2 2 2 2 2 2 2 2 2 2 2 2 2 2 2 2 2 2
left_child=1 8 3 7 5 6 -3 22 11 10 -10 -1 -13 14 17 -12 24 -4 -19 -9 -21 -8 -2 -24 -5 26 -26 -28 -6 -7
right_child=2 4 13 16 28 29 21 19 9 -11 15 12 -14 -15 -16 -17 -18 18 -20 20 -22 -23 23 -25 25 -27 27 -29 -30 -31
leaf_value=-0.059922533914785484 -0.0087830203753155433 -0.055947752065828006 0.075916707752838417 0.051659283183930323 -0.024301387514833944 0.024006052432463426 -0.0094451247509888814 0.040686913957135792 -0.059355561870164622 0.019123706312849605 -0.021875310253856761 -0.046363280884619926 0.15151983818274575 0.07301750794422511 0.067856071132423895 0.063847764068743679 0.062124191230128467 -0.051500279992043742 0.033978544243724887 -0.028636496291500262 0.073093431408344164 0.046704778355347268 -0.052874136949201678 0.073778334748682187 0.037493242958891601 0.078650763943404228 -0.049367654781568959 0.033713084527290028 0.071949762811662293 0.050576132657867159
leaf_weight=16868.579285054468 166.72888316586614 803.64846294932067 149.63942022435367 326.41502518765628 21.482273422181606 694.82649806514382 150.34785707108676 274.79844266735017 1242.1944842180237 302.64691914990544 141.62987037561834 24.90559300314635 29.476215273141861 10194.170614754781 1391.8393232226372 75.123914753086865 1298.6166970580816 67.556651554070413 398.09620809089392 174.78089629858732 33.888167660683393 233.2397921923548 696.35582287050784 16.052958386018872 87.9876972688362 61.870605785399675 110.15245828870684 51.702107735909522 437.1692084223032 408.93552213907242
leaf_count=1434725 5020 62433 1033 1870 1362 3896 2564 2388 105229 5051 6248 2069 292 68107 8488 614 7528 1025 2513 4059 171 1870 46522 105 750 354 1860 582 2867 1937
internal_value=-0.00290157 -0.0485642 0.0602405 0.0222957 0.0119308 0.000817745 -0.0298921 -0.0208767 -0.0574668 -0.0376052 -0.0493731 -0.0595343 0.060894 0.0705011 0.0577204 0.00783514 0.0526699 0.0347927 0.0215773 0.0178969 -0.0121154 0.0246967 -0.0421996 -0.0500202 0.0334299 0.0143407 -0.00158495 -0.0228287 0.0674416 0.0338501
internal_weight=36934.9 21434.2 15500.7 3299.35 2749.65 2291 1187.24 1362.61 18684.6 1761.6 1458.95 16923 54.3818 12201.3 2007.13 216.754 1936.74 615.292 465.653 483.468 208.669 383.588 879.138 712.409 638.128 311.713 249.842 161.855 458.651 1103.76
internal_count=1783532 1631157 152375 71209 76929 72700 66867 58265 1554228 117142 112091 1437086 2361 81166 13059 6862 12944 4571 3538 6618 4230 4434 51647 46627 5416 3546 3192 2442 4229 5833
is_linear=0
shrinkage=0.06


Tree=27
num_leaves=31
num_cat=0
split_feature=10 3 2 12 9 10 9 7 2 9 1 12 2 12 1 6 10 14 13 1 3 9 1 13 2 10 1 1 1 1
split_gain=28742.3 2184.25 1584.47 1045.02 459.372 661.862 286.1 199.906 237.206 140.214 137.435 125.309 155.752 110.245 98.5337 76.5196 72.3311 73.6497 70.2524 114.658 60.0035 52.9173 51.4611 49.6349 49.1637 47.7555 43.2839 40.1818 148.532 55.9282
threshold=0.67936623096466076 0.76253134012222301 0.75134408473968517 0.45000000298023229 0.19082633405923846 0.48579499125480657 0.79458171129226696 1.0000000180025095e-35 0.7320508360862733 0.75694981217384349 0.77836257219314586 0.45000000298023229 0.91331186890602123 0.45000000298023229 0.1490740776062012 1.5000000000000002 0.94461485743522655 2.5000000000000004 1.0000000180025095e-35 0.65868008136749279 0.84273937344551098 0.62090381979942333 0.88989898562431347 1.0000000180025095e-35 0.94804319739341747 0.83796653151512157 0.60421237349510204 0.17712418735027316 0.47673159837722784 0.25176055729389196
decision_type=2 2 2 2 2 2 2 2 2 2 2 2 2 2 2 2 2 2 2 2 2 2 2 2 2 2 2 2 2 2
left_child=1 7 3 6 24 23 10 18 -9 16 14 12 20 15 25 -7 17 -5 -1 21 -4 -20 -10 -6 -3 -2 -16 -11 29 -29
right_child=2 4 11 9 5 13 -8 8 22 27 -12 -13 -14 -15 26 -17 -18 -19 19 -21 -22 -23 -24 -25 -26 -27 -28 28 -30 -31
leaf_value=-0.060226502461337726 -0.031592568017558699 0.013488616635338537 0.010782161436438866 -0.010851430822289853 -0.058330807163492225 -0.03195323973654917 0.038595259709542203 -0.054402676897463635 0.0083617429265585384 0.068253843688087276 0.10339463100708682 0.072038579116365603 0.064720371496379575 0.07117511274367172 -0.050933766953245058 0.036726992139838162 0.049955622134137512 0.034129144078820145 -0.052368625158814783 0.051609531534924744 0.057319948402712186 0.062996495937658728 0.28130639379471517 0.032109796790280136 0.040570711977037023 0.025119864974195528 -0.011471725483304294 0.051874359514860545 0.067512597972349014 -0.0023432164364986926
leaf_weight=16195.594614829868 95.423271329142153 355.62798085808754 321.78015351481736 234.53965382929891 736.81483622640371 94.480865159071982 253.59644161257893 540.81200674269348 322.28718751389533 739.68278594501317 26.191987357102334 9675.203822337091 1562.3050691764802 191.04542295541614 701.56204678490758 152.92414551787078 332.64768412709236 296.9793572165072 300.79777120426297 49.180239889770746 144.54216122627258 15.028841423802076 2.5060897693037978 22.512998691760004 750.72443443257362 121.52836370095611 116.70776475034654 102.76253961026669 565.51155936345458 205.39730411209166
leaf_count=1480458 5589 2744 2502 2703 61997 2890 3548 43473 7757 4376 163 67553 9809 1306 41252 1835 1888 2924 22300 1072 835 616 19 229 3562 1671 3133 528 3696 1104
internal_value=-0.00288019 -0.0509114 0.0582743 0.0245706 0.00398996 -0.0217578 -0.0186601 -0.0581706 -0.0300619 0.0475164 -0.0323397 0.0691958 0.0556374 0.0369373 -0.0357739 0.0104989 0.0280133 0.0142809 -0.0596398 -0.0336088 0.0252071 -0.0468789 0.0104678 -0.0556494 0.0318654 0.000175661 -0.0453054 0.057963 0.0492503 0.0157368
internal_weight=35226.7 19730.3 15496.4 3792.53 2304.13 1197.78 1315.01 17426.2 865.605 2477.52 1061.41 11703.8 2028.63 438.45 1035.22 247.405 864.167 531.519 16560.6 365.007 466.322 315.827 324.793 759.328 1106.35 216.952 818.27 1613.35 873.671 308.16
internal_count=1783532 1630258 153274 72575 74563 68257 55356 1555695 51249 17219 51808 80699 13146 6031 51645 4725 7515 5627 1504446 23988 3337 22916 7776 62226 6306 7260 44385 9704 5328 1632
is_linear=0
shrinkage=0.06


Tree=28
num_leaves=31
num_cat=0
split_feature=10 2 2 8 9 8 7 2 14 4 1 10 4 1 4 14 8 10 0 2 8 14 4 9 9 14 2 8 4 11
split_gain=26683.7 2105.84 1526.08 909.656 363.055 703.052 264.743 248.125 218.706 149.534 168.887 123.438 154.54 147.481 105.194 78.2133 115.919 75.9385 62.1783 58.23 98.4616 102.239 56.9238 52.9996 52.364 48.9276 47.9245 47.5507 170.83 89.2309
threshold=0.67936623096466076 0.91734972596168529 0.75134408473968517 0.48684211075305944 0.21085321903228763 0.065591398626565947 1.0000000180025095e-35 0.7320508360862733 2.5000000000000004 0.41982863843441015 0.25176055729389196 0.96379300951957714 0.58123165369033825 0.25176055729389196 0.35948719084262853 2.5000000000000004 0.24404761940240863 0.96379300951957714 0.11805555596947671 0.90070420503616344 0.48684211075305944 2.5000000000000004 0.59175083041191112 0.75694981217384349 0.63502788543701183 2.5000000000000004 0.94804319739341747 0.17752101272344592 0.70320320129394542 2.5000000000000004
decision_type=2 2 2 2 2 2 2 2 2 2 2 2 2 2 2 2 2 2 2 2 2 2 2 2 2 2 2 2 2 2
left_child=1 6 3 8 26 -6 27 -8 17 10 23 12 13 25 -15 16 -7 -2 22 20 21 -4 -11 -10 -20 -5 -3 -1 -29 -30
right_child=2 4 19 11 5 15 7 -9 9 18 -12 -13 -14 14 -16 -17 -18 -19 24 -21 -22 -23 -24 -25 -26 -27 -28 28 29 -31
leaf_value=-0.060241020745961167 -0.044350881562646126 -0.00014810971210722396 -0.019278587375751173 0.020807193311931059 -0.058290304789500882 -0.049014915115946342 -0.05400877150094676 0.0088336374447400678 0.018640104329020565 0.0081902056217772017 -0.045898210561643241 0.059042769513926577 0.067240317180788267 -0.040580199145175841 0.028008963538192783 0.061284240481357298 0.066659685369602512 0.038430040147101059 -0.021034910047539292 0.069940644728152215 0.06630813386854667 0.049386658563210763 0.096017294114072532 0.11757193328153213 0.076128076234480743 0.06013082393073918 0.037272925743584095 -0.05457284657063944 0.099311251560115971 -0.024176860866820988
leaf_weight=14889.266795136966 647.54786969907582 143.20477127842605 102.16777066141367 238.64055628329515 624.17117418348789 67.820133973844349 512.9209936754778 404.61191251501441 167.96198335941881 35.801882669329643 235.70691390056163 1252.7555610276759 312.54267831146717 199.26823504269123 135.05480523873121 276.45018269866705 57.739642228931189 42.512750539928675 62.934218313544989 9487.9456748208031 1272.7073717266321 330.8698857203126 102.99201290681958 22.053692003712058 29.247754307463765 217.92570621799678 882.18807367701083 767.82440255023539 40.68509987462312 43.682596078142524
leaf_count=1439203 32394 898 990 1958 56923 1992 43473 8468 4545 1034 13677 7809 2100 3607 1390 2707 377 205 1247 68332 9040 2337 696 340 256 1317 4874 69303 728 1312
internal_value=-0.00285771 -0.0505622 0.0570603 0.0236709 0.0067968 -0.0184338 -0.057626 -0.0262966 -0.0156638 0.00912169 -0.0119674 0.046154 0.0315211 0.0174056 -0.0128726 0.0434485 0.00417895 -0.039251 0.047992 0.0681058 0.0578995 0.0331863 0.0733623 0.0301224 0.00979323 0.0395769 0.0320468 -0.0594521 -0.0456681 0.0353735
internal_weight=33607.2 18710.6 14896.6 3702.95 2051.57 1026.18 16659 917.533 1346.76 656.698 425.723 2356.19 1103.43 790.889 334.323 402.01 125.56 690.061 230.976 11193.7 1705.75 433.038 138.794 190.016 92.182 456.566 1025.39 15741.5 852.192 84.3677
internal_count=1783532 1630258 153274 72575 67771 61999 1562487 51941 54394 21795 18562 18181 10372 8272 4997 5076 2369 32599 3233 80699 12367 3327 1730 4885 1503 3275 5772 1510546 71343 2040
is_linear=0
shrinkage=0.06


Tree=29
num_leaves=31
num_cat=0
split_feature=10 3 4 12 9 8 10 9 0 12 3 0 10 9 13 3 0 14 8 13 4 10 0 10 6 9 14 12 3 3
split_gain=24776.7 2030.47 1462.06 959.947 374.898 590.043 259.031 206.02 284.234 191.652 178.424 130.039 109.496 104.641 92.8754 86.982 94.1429 84.9039 90.4517 73.7534 133.194 69.4917 68.4759 58.2511 56.6577 50.9389 50.3088 49.5262 49.4767 47.9981
threshold=0.67936623096466076 0.76253134012222301 0.5646599829196931 0.63333335518836986 0.19082633405923846 0.097619049251079573 0.83796653151512157 1.0000000180025095e-35 0.43650794029235845 0.45000000298023229 0.87585616111755382 0.10555555671453477 0.96379300951957714 0.68100523948669445 1.0000000180025095e-35 0.25176055729389196 0.43650794029235845 2.5000000000000004 0.24404761940240863 1.0000000180025095e-35 0.4901809841394425 0.91772764921188366 0.43650794029235845 0.7117014229297639 1.5000000000000002 0.81364238262176525 2.5000000000000004 0.63333335518836986 0.69804355502128612 0.92422503232955944
decision_type=2 2 2 2 2 2 2 2 2 2 2 2 2 2 2 2 2 2 2 2 2 2 2 2 2 2 2 2 2 2
left_child=1 7 3 6 29 -6 22 8 -1 10 11 23 14 21 26 25 28 18 -7 -9 -21 24 -2 -4 -13 -8 -5 -22 -17 -3
right_child=2 4 9 12 5 17 15 19 -10 -11 -12 13 -14 -15 -16 16 -18 -19 -20 20 27 -23 -24 -25 -26 -27 -28 -29 -30 -31
leaf_value=-0.055811028023626828 -0.047058767692324463 0.017885571602171239 0.31795752015652057 -0.033832324795735953 -0.054193494037005019 -0.047798507440199138 0.01158404423513985 -0.060095107669306452 0.017332972715293986 0.070256397175000526 0.065878574198660333 -0.04306250942451495 0.059607761569204096 0.039222635858527068 0.043257263578560051 -0.035140296161769828 0.054132450824664134 0.056727487456570302 0.04978458959480507 -0.055534829976333806 -0.010643277935822027 0.050477451271610255 0.057063003134078111 0.076765847240672577 0.013780622442927881 0.057922447184518673 0.02537584225915605 0.076139125356600848 0.075541468690484642 0.043312927240514679
leaf_weight=512.27124972455204 659.18082042224705 626.29624884203076 3.701075210236012 102.13618601672351 699.1424912745133 71.914193980395794 232.75576242711395 14402.010329927318 305.20978392846882 8932.7460951749235 1131.3756221085787 150.73725822474808 1186.1909649223089 454.399135065265 553.09804219286889 255.89843334443867 60.121089294552803 265.96122245490551 65.19719759747386 239.63488376233727 52.917302132584155 64.172723036259413 23.550634385086596 138.58682603947818 108.60850295051932 134.89962062425911 104.54559536464512 42.839872740209103 15.415415832772849 466.18585652299225
leaf_count=46207 44357 3976 104 1232 63462 2037 2859 1480444 5056 68537 7856 2343 7742 2827 3720 7076 331 2260 498 21694 1641 385 249 893 693 941 1030 653 99 2330
internal_value=-0.00283551 -0.0501984 0.0559029 0.0210618 0.00382755 -0.0208609 -0.01718 -0.0578211 -0.0285024 0.0664582 0.0499208 0.0303009 0.0482171 0.0206546 0.0304337 0.00849193 -0.0137986 0.0369555 -0.00139722 -0.0594474 -0.0316331 -0.00542521 -0.0434671 0.0830395 -0.0192578 0.0285865 -0.00388313 0.0281815 -0.0288516 0.028736
internal_weight=32061.7 17749.6 14312.1 3327.79 2194.7 1102.22 1381.82 15554.9 817.481 10984.3 2051.58 920.206 1945.97 777.918 759.78 699.09 331.435 403.073 137.111 14737.4 335.392 323.518 682.731 142.288 259.346 367.655 206.682 95.7572 271.314 1092.48
internal_count=1783532 1630258 153274 69636 74563 68257 55912 1555695 51263 83638 15101 7245 13724 6248 5982 11306 7506 4795 2535 1504432 23988 3421 44606 997 3036 3800 2262 2294 7175 6306
is_linear=0
shrinkage=0.06


Tree=30
num_leaves=31
num_cat=0
split_feature=8 3 4 12 8 7 8 7 0 14 12 2 8 0 2 13 4 12 4 3 2 14 0 0 2 3 14 8 3 14
split_gain=22111.1 2212.51 1814.92 1055.73 269.492 254.199 671.458 204.252 268.687 196.683 162.439 156.857 97.9683 97.3169 103.834 73.9963 123.105 73.8114 70.813 64.0174 64.1495 63.926 62.9993 60.0302 56.5364 55.1476 48.8216 95.7752 44.4902 42.8981
threshold=0.24404761940240863 0.76253134012222301 0.51925924420356762 0.63333335518836986 0.48684211075305944 1.0000000180025095e-35 0.054093567654490478 1.0000000180025095e-35 0.43650794029235845 2.5000000000000004 0.45000000298023229 0.92907443642616283 0.69615384936332714 0.095454547554254546 0.6820855736732484 1.0000000180025095e-35 0.73252034187316906 0.29166667163372045 1.0000000180025095e-35 0.25866188108921057 0.58759590983390819 2.5000000000000004 0.43650794029235845 0.43650794029235845 0.93908473849296581 0.17712418735027316 2.5000000000000004 0.48684211075305944 0.93788579106330883 2.5000000000000004
decision_type=2 2 2 2 2 2 2 2 2 2 2 2 2 2 2 2 2 2 2 2 2 2 2 2 2 2 2 2 2 2
left_child=1 7 3 4 18 6 -3 15 -9 -8 11 13 21 -4 -15 -1 23 24 29 -6 -21 25 -20 -17 -11 -5 27 -16 -7 -2
right_child=2 5 10 12 19 28 9 8 -10 17 -12 -13 -14 14 26 16 -18 -19 22 20 -22 -23 -24 -25 -26 -27 -28 -29 -30 -31
leaf_value=-0.059638690804500363 -0.029300861715267964 -0.05735315310045682 0.069197860041721987 0.027371828516143538 0.032591707422337808 0.018333827210756458 -0.040635956073515625 -0.055495184410038444 0.016118349905213752 -0.012352127230348505 0.069582785782021692 0.062744987065441876 0.056076167727706919 -0.051288287899415759 -0.042412564773889022 -0.053574624436787191 0.05576406625400801 0.071642628168827729 -0.052484360237676317 -0.035199254459178514 0.039735832446424563 0.043380450947283343 0.060455784249752703 0.057800082549969739 0.045973367760525137 -0.027027932442085307 0.047629180745234215 0.036463676762715676 0.043858646364276367 0.030556221313367569
leaf_weight=13495.500402381644 128.88122357334942 607.72638044599444 147.28178819641471 163.16677775420249 271.47516964469105 695.37410360574722 111.14779087156057 485.01248472183943 308.62194341793656 91.871747743338346 8578.0567545788363 1224.038527470082 1133.7978638410568 75.175694759935141 88.623115352354944 267.23442947026342 49.965792901813984 239.7522734887898 758.5101559991017 135.715401946567 59.008654825389385 358.38706102594733 18.207209779880941 18.63707235455513 171.54168055765331 113.92841947264969 192.11261092033237 147.91955310106277 380.26904891431332 64.762409356422722
leaf_count=1458981 5417 61037 1230 1131 2408 3896 3553 46198 5051 1983 69195 8717 7528 1721 1197 21535 586 1776 63286 3616 594 3154 150 186 1355 2193 1220 916 1937 1785
internal_value=-0.00281329 -0.0486487 0.0539738 0.0144804 -0.0237311 0.00608585 -0.0126376 -0.0572479 -0.0276467 0.0315986 0.0660858 0.0500884 0.0455061 0.0262951 0.0137536 -0.0589464 -0.0311266 0.047555 -0.0417439 0.0137613 -0.0124911 0.0266473 -0.0498369 -0.0463137 0.025631 0.00500522 0.0251604 0.00691189 0.0273575 -0.00928219
internal_weight=30581.7 16922.7 13659 3205.84 1436.56 2297.68 1222.04 14625 793.634 614.313 10453.2 1875.15 1769.28 651.113 503.831 13831.3 335.837 503.166 970.361 466.199 194.724 635.482 776.717 285.872 263.413 277.095 428.655 236.543 1075.64 193.644
internal_count=1783532 1608074 175458 91262 77256 75537 69704 1532537 51249 8667 84196 15001 14006 6284 5054 1481288 22307 5114 70638 6618 4210 6478 63436 21721 3338 3324 3333 2113 5833 7202
is_linear=0
shrinkage=0.06


Tree=31
num_leaves=31
num_cat=0
split_feature=10 3 2 12 9 10 9 7 2 12 3 9 1 12 1 2 6 1 3 13 1 1 13 3 1 1 1 9 10 14
split_gain=21422.7 1885.72 1372.77 734.808 377.399 575.154 207.824 160.258 161.472 147.085 151.231 122.521 105.808 104.473 87.7389 73.0809 64.9913 62.7118 66.6432 56.4907 76.1823 54.5904 48.3488 42.9515 153.096 49.8151 42.6425 42.2267 40.7443 51.8082
threshold=0.67936623096466076 0.74239632487297069 0.75716626644134533 0.45000000298023229 0.19082633405923846 0.48579499125480657 0.79458171129226696 1.0000000180025095e-35 0.72377106547355663 0.45000000298023229 0.87585616111755382 0.75694981217384349 0.77836257219314586 0.29166667163372045 0.1490740776062012 0.95861870050430309 1.5000000000000002 0.62102442979812633 0.25866188108921057 1.0000000180025095e-35 0.57804551720619213 0.43714080750942236 1.0000000180025095e-35 0.17712418735027316 0.47673159837722784 0.25176055729389196 0.92907443642616283 0.46920476853847509 0.92762354016304027 2.5000000000000004
decision_type=2 2 2 2 2 2 2 2 2 2 2 2 2 2 2 2 2 2 2 2 2 2 2 2 2 2 2 2 2 2
left_child=1 7 3 6 26 22 12 19 -9 10 15 17 14 16 -2 28 -7 18 27 -1 -21 -20 -6 -13 25 -25 -3 -5 29 -4
right_child=2 4 9 11 5 13 -8 8 -10 -11 -12 23 -14 -15 -16 -17 -18 -19 21 20 -22 -23 -24 24 -26 -27 -28 -29 -30 -31
leaf_value=-0.060014037074037449 0.0013586199103192828 0.017042889631157757 -0.032751712651154778 -0.009550289420481882 -0.058094156403591418 -0.032121373795134571 0.032215799542860697 -0.053502165789257039 0.0043879089752203579 0.068802951448127647 0.064097292571083 0.063378403467099484 0.093993716174352676 0.067181930533142253 -0.042923729692282281 0.049947778288990011 0.031804642709389611 0.058751751652880629 -0.038085857272388064 -0.050676643713475994 0.019715129186792444 0.018148350184663903 0.030832159437679491 0.043608913992378602 0.062924414367970319 -0.0096627835428844747 0.041383097029562194 0.038886218157124973 0.042454885707367544 0.019488971927207829
leaf_weight=12685.261827762239 208.11384774465114 722.88804022781551 110.78089672885835 79.994200434535742 706.64763738866895 93.990613093599677 246.39717906527221 434.25674531795084 288.82272937987 7977.8994267182425 1056.5590894445777 652.54323579464108 24.273816153407097 180.84384363610297 712.6825760891661 314.9307730384171 146.48117317259312 144.24758784100413 122.21970038395375 231.64317591488361 72.726929951459169 126.43858257774264 22.717992201447487 93.843057055026293 488.79640021547675 193.48318887408823 403.89173407666385 341.02842571958899 109.46553044766188 178.39308337774128
leaf_count=1466378 7260 4995 1024 550 74892 3694 3556 42844 7712 67470 7937 4408 168 1424 44434 2106 2057 1185 2052 21387 2520 1427 267 515 3757 1085 2088 2323 672 1345
internal_value=-0.00278969 -0.0494737 0.0538391 0.021217 0.00108535 -0.0230842 -0.0168605 -0.0578708 -0.0303789 0.0653313 0.0496848 0.0414471 -0.0296556 0.0327287 -0.0329153 0.0283446 0.00681857 0.0228668 0.0151373 -0.0594011 -0.0338571 -0.0094917 -0.0553243 0.0520326 0.0424933 0.00773618 0.0257676 0.0296833 0.0112778 -0.000524135
internal_weight=29172.3 15990.2 13182.1 3434.06 2277.46 1150.68 1191.47 13712.7 723.079 9748.03 1770.13 2242.59 945.07 421.316 920.796 713.57 240.472 813.928 669.681 12989.6 304.37 248.658 729.366 1428.67 776.123 287.326 1126.78 421.023 398.64 289.174
internal_count=1783532 1630258 153274 72720 89417 82334 55418 1540841 50556 80554 13084 17302 51862 7175 51694 5147 5751 7537 6352 1490285 23907 3479 75159 9765 5357 1600 7083 2873 3041 2369
is_linear=0
shrinkage=0.06


Tree=32
num_leaves=31
num_cat=0
split_feature=8 3 4 12 9 8 8 14 0 9 12 4 8 3 8 0 2 2 12 14 0 2 14 4 2 1 1 0 9 4
split_gain=19114 2030.2 1672.31 909.823 262.54 605.132 241.215 178.245 171.717 237.716 150.54 145.074 127.739 127.046 106.468 93.8327 281.511 82.93 72.2148 71.7511 67.0138 107.488 65.2768 63.2856 56.9604 54.7219 54.0634 75.3512 58.2238 49.2347
threshold=0.24404761940240863 0.74601566791534435 0.54110360145568859 0.63333335518836986 0.22284295409917834 0.054093567654490478 0.48684211075305944 2.5000000000000004 0.43650794029235845 1.0000000180025095e-35 0.45000000298023229 0.89125296473503124 0.10912698507308961 0.89512962102890026 0.075498577207326903 0.26785714924335485 0.22401433438062671 0.83935481309890758 0.29166667163372045 2.5000000000000004 0.095454547554254546 0.6820855736732484 2.5000000000000004 0.3964285701513291 0.95861870050430309 0.28743545711040502 0.24068965017795566 0.30952382087707525 0.81364238262176525 1.0000000180025095e-35
decision_type=2 2 2 2 2 2 2 2 2 2 2 2 2 2 2 2 2 2 2 2 2 2 2 2 2 2 2 2 2 2
left_child=1 8 3 6 -3 -6 19 -7 11 -10 13 -1 -11 20 -13 16 -5 23 -9 -2 -4 -22 -14 25 -23 -18 28 -28 -21 -8
right_child=2 4 10 15 5 7 29 18 9 12 -12 14 22 -15 -16 -17 17 -19 -20 26 21 24 -24 -25 -26 -27 27 -29 -30 -31
leaf_value=-0.059811448263292044 -0.051532280679845013 0.024261978282201863 0.07192674039478586 0.054822650019180935 -0.05799666302733944 -0.040594685090898759 0.032803026568102404 0.021891143556691448 0.013239740135876255 -0.058638325258013081 0.068193166782680448 -0.043197761201609987 -0.054178071613401296 0.064999271312552939 0.16667944282402433 0.070129543317431209 0.010087775847647164 0.076467541962991895 0.068625844805438943 0.013605421981868711 -0.047980449127719094 0.015951936720801575 0.033386523712576485 0.033197823681692988 0.050814118185438018 -0.042007989387949446 -0.04563779369522894 0.074103801382105136 0.25827046552674193 -0.0060194100603188846
leaf_weight=11640.044815663248 630.20094920601696 1135.9097680700943 131.82564015686512 919.38423124141991 608.70149521436542 113.13825567066669 226.03934841789305 262.03966851998121 274.69712573383003 843.63342829048634 7717.1092401118949 17.219229973852634 46.273443009704351 859.63937356323004 17.590477682650089 361.34617066383362 111.50729770772159 42.791531406342983 218.09488214366138 84.737108431756496 65.350201005116105 353.27491489239037 90.76294260751456 89.75213266722858 322.9633367061615 207.96340055391192 175.90340563561767 21.199254489503801 3.6524698026478282 245.13514994364232
leaf_count=1406871 53467 8007 1039 6600 69438 4146 1601 3850 4825 100985 68754 1998 3554 6808 234 2905 1008 260 1759 3583 1539 2844 2407 733 2313 2910 13683 259 61 5091
internal_value=-0.00276427 -0.0478751 0.0520304 0.01394 0.00357898 -0.0159672 -0.0222784 0.0271553 -0.0571784 -0.0360923 0.0646045 -0.0594457 -0.0499108 0.0486244 0.06286 0.0429288 0.0357617 -0.0030077 0.0431198 -0.0402279 0.0325078 0.0255006 0.00381835 -0.0113183 0.0326017 -0.0238246 -0.0152743 -0.0327591 0.0237156 0.0126051
internal_weight=27837.9 15268.1 12569.8 3119.61 2337.88 1201.97 1386.87 593.273 12930.2 1255.37 9450.16 11674.9 980.67 1733.05 34.8097 1732.74 1371.4 452.014 480.135 915.693 873.414 741.588 137.036 409.223 676.238 319.471 285.492 197.103 88.3896 471.174
internal_count=1783532 1608074 175458 92161 87200 79193 77745 9755 1520874 111771 83297 1409103 106946 14543 2232 14416 11511 4911 5609 71053 7735 6696 5961 4651 5157 3918 17586 13942 3644 6692
is_linear=0
shrinkage=0.06


Tree=33
num_leaves=31
num_cat=0
split_feature=10 3 1 12 10 8 10 12 10 0 3 12 10 10 13 14 4 13 4 6 3 10 0 10 12 4 3 14 1 3
split_gain=18509.6 1753.09 1262.62 628.804 310.049 506.261 191.909 184.596 167.835 203.992 160.544 99.7559 85.0319 80.7948 96.1069 73.4883 72.9933 58.6908 91.5496 57.8439 53.0652 51.6359 50.5892 49.5175 46.2767 43.689 88.6672 41.946 40.1289 40.1194
threshold=0.67936623096466076 0.74239632487297069 0.60421237349510204 0.63333335518836986 1.0000000180025095e-35 0.070197045803070082 0.83796653151512157 0.45000000298023229 1.0000000180025095e-35 0.43650794029235845 0.89009663462638866 0.29166667163372045 0.97845596075057995 0.96379300951957714 1.0000000180025095e-35 2.5000000000000004 0.79008570313453685 1.0000000180025095e-35 0.45222154259681707 1.5000000000000002 0.72812235355377208 0.92762354016304027 0.15476191043853763 0.59776359796524059 0.63333335518836986 0.41982863843441015 0.27639257907867437 2.5000000000000004 1.0000000180025095e-35 0.93788579106330883
decision_type=2 2 2 2 2 2 2 2 2 2 2 2 2 2 2 2 2 2 2 2 2 2 2 2 2 2 2 2 2 2
left_child=1 8 3 6 29 23 20 10 9 -1 16 19 15 14 27 -8 21 -10 -19 -7 -2 -4 -18 -6 -20 26 -16 -5 -17 -3
right_child=2 4 7 13 5 11 12 -9 17 -11 -12 -13 -14 -15 25 28 22 18 24 -21 -22 -23 -24 -25 -26 -27 -28 -29 -30 -31
leaf_value=-0.055302909637379959 -0.041443336615688595 0.015217124164764452 -0.0082772728448922035 -0.036284077806011367 -0.057734590399209459 -0.033128529016745484 -0.019371564822097783 0.067114879296355456 -0.059890362117802659 0.011829373822425684 0.063443457908777368 0.060472071750689547 0.051999248011808386 0.053722769295427089 0.04675433496211058 0.058459335429587589 0.085652703191189838 -0.05586440835683365 -0.020417019866481242 0.025679857337860032 0.0676828141723754 0.046584814020086816 0.033346295278359223 0.17199369186772959 0.065735198164876371 0.066010057329460026 -0.016771022245902569 0.018597514334539763 0.0054713405809852719 0.039581544119590945
leaf_weight=408.69732746295631 580.90692959260195 746.09216764103621 251.79638756066561 97.907769426703453 628.8906787596643 98.79327145870775 344.94088425301015 7373.916018916294 11283.557093791198 270.99763080570847 890.54681990295649 187.38908180873841 128.5489463955164 943.54117120802402 289.20888475701213 81.279617583379149 77.743771892040968 189.9178055524826 51.309174725785851 154.18048936128616 16.497431507334113 81.831917282193899 462.96464654430747 3.3960293345153323 39.900446141138673 166.14148765522987 108.87703305855393 102.74827241245657 140.2078165076673 361.03509725630283
leaf_count=45790 43461 4589 4453 1200 75113 3884 6684 68808 1466364 4780 7351 1563 749 7114 1765 576 546 21105 2015 2289 128 539 3316 42 787 1329 1057 1025 3173 1937
internal_value=-0.00273953 -0.0486871 0.0518549 0.0180864 0.000888768 -0.0221008 -0.0134922 0.062943 -0.0575127 -0.0285369 0.0455126 0.0272917 0.00794426 0.0419748 0.0274828 -0.00205387 0.0272493 -0.0592157 -0.0321362 0.00271355 -0.0384298 0.00517923 0.040867 -0.0565007 0.017271 0.0401661 0.0293801 -0.00818132 0.0249164 0.0231624
internal_weight=26563.8 14424.2 12139.6 3000.81 2179.78 1072.65 1292.38 9138.8 12244.4 679.695 1764.88 440.363 694.977 1708.42 764.883 566.428 874.337 11564.7 281.127 252.974 597.404 333.628 540.708 632.287 91.2096 564.227 398.086 200.656 221.487 1107.13
internal_count=1783532 1630258 153274 68261 89417 82891 54771 85013 1540841 50570 16205 7736 11182 13490 6376 10433 8854 1490271 23907 6173 43589 4992 3862 75155 2802 4151 2822 2225 3749 6526
is_linear=0
shrinkage=0.06


Tree=34
num_leaves=31
num_cat=0
split_feature=10 2 2 12 9 10 9 12 2 9 2 4 2 0 4 0 1 2 13 4 8 2 14 10 14 9 4 4 4 2
split_gain=17187.1 1711.97 1245.71 562.191 317.007 542.723 214.953 159.829 134.603 127.659 127.434 94.2279 244.314 100.568 92.6517 95.8134 89.9414 84.2021 59.6503 83.0843 56.5175 55.1135 54.7378 45.2717 48.4768 44.8808 44.4595 76.8341 40.2728 114.669
threshold=0.67936623096466076 0.8589511811733247 0.75716626644134533 0.63333335518836986 0.21085321903228763 0.48579499125480657 0.75694981217384349 0.45000000298023229 0.93127068877220165 1.0000000180025095e-35 0.72377106547355663 0.52506268024444591 0.22401433438062671 0.30952382087707525 0.82097071409225475 0.30952382087707525 1.0000000180025095e-35 0.94494947791099559 1.0000000180025095e-35 0.4901809841394425 0.65476191043853771 0.94804319739341747 2.5000000000000004 0.91772764921188366 2.5000000000000004 0.57207792997360241 0.79008570313453685 0.96662956476211559 0.41982863843441015 0.27639257907867437
decision_type=2 2 2 2 2 2 2 2 2 2 2 2 2 2 2 2 2 2 2 2 2 2 2 2 2 2 2 2 2 2
left_child=1 9 3 6 21 -6 14 8 23 10 -1 12 20 22 16 -16 -2 -7 -11 -20 -5 26 -14 24 -4 -21 -3 -28 29 -8
right_child=2 4 7 11 5 17 28 -9 -10 18 -12 -13 13 -15 15 -17 -18 -19 19 25 -22 -23 -24 -25 -26 -27 27 -29 -30 -31
leaf_value=-0.052286401205157575 0.00067814600644981249 -0.036397495626011661 -0.024937975664292889 0.029667608144963286 -0.055521708513750066 -0.010297305355540408 0.039137861234840705 0.066868976608673483 0.057272954655339971 -0.059980416597665308 0.0048074567189343234 0.063813293468660423 -0.039499904469622794 0.073520557148492593 0.09919673118494618 -0.054649063902499649 -0.042032188181920234 0.049683474520050737 -0.053924614666709197 -0.0079665007568802421 0.061803159552380381 0.028993017688352277 0.0061157492263099493 0.044743198265508093 0.023792741352697742 0.091811685125921791 0.061455993245650237 -0.0097557857607070107 0.052293896816673631 -0.041082414288751326
leaf_weight=374.52600930444896 243.4512435765937 87.933417147956789 114.98885935917497 297.85482692997903 708.21105476375669 120.16867044661194 196.27677445486188 6859.8012366844341 1123.3938395790756 10541.697518594097 225.45854638330638 479.9618177767843 175.07320737931877 52.810151815414429 40.975088898092508 22.617451827041805 655.20803698524833 281.93258547456935 186.0874411938712 63.153890442103148 581.99050378799438 840.56896050646901 206.29287229850888 167.39949991554022 203.63648299314082 21.841811957769096 80.516976255457848 169.09530230751261 137.6800326295197 95.29020322766155
leaf_count=42852 6699 1676 1078 1857 87285 3725 2346 67470 9273 1453222 7368 4304 1708 372 282 347 43825 3908 21670 2056 4526 4874 1826 1157 1576 150 493 979 1115 3513
internal_value=-0.00271379 -0.0482738 0.0508463 0.0188615 -0.000909989 -0.0239132 -0.00975871 0.0628766 0.0458598 -0.057771 -0.030832 0.0410608 0.0327501 -0.00407924 -0.0255091 0.0444796 -0.0304617 0.0317581 -0.0592658 -0.0314755 0.0509243 0.0207693 -0.014825 0.0194794 0.00620629 0.017674 0.000290441 0.0132149 0.0255492 0.0129202
internal_weight=25355.9 13701.2 11654.7 3185.48 2288.43 1110.31 1391.5 8469.22 1609.42 11412.8 599.985 1793.98 1314.02 434.176 962.252 63.5925 898.659 402.101 10812.8 271.083 879.845 1178.11 381.366 486.025 318.625 84.9957 337.546 249.612 429.247 291.567
internal_count=1783532 1630258 153274 72720 102940 94918 58127 80554 13084 1527318 50220 14593 10289 3906 51153 629 50524 7633 1477098 23876 6383 8022 3534 3811 2654 2206 3148 1472 6974 5859
is_linear=0
shrinkage=0.06


Tree=35
num_leaves=31
num_cat=0
split_feature=10 2 2 12 9 8 9 12 7 3 2 4 3 12 4 4 2 13 4 8 9 2 2 12 4 4 4 2 8 14
split_gain=15959.5 1658.04 1201.43 543.694 287.237 512.26 210.905 137.177 130.968 125.216 122.024 107.876 218.489 92.9704 81.9299 80.3536 79.0287 60.0137 78.3223 57.3582 50.0552 49.0942 48.5043 40.6626 39.8165 67.6368 38.9841 101.13 38.906 45.5831
threshold=0.67936623096466076 0.8589511811733247 0.79759037494659435 0.63333335518836986 0.21085321903228763 0.054093567654490478 0.75694981217384349 0.45000000298023229 1.0000000180025095e-35 0.89009663462638866 0.71892556548118602 0.52506268024444591 0.22792208194732669 0.45000000298023229 0.82097071409225475 0.35948719084262853 1.0000000180025095e-35 1.0000000180025095e-35 0.4901809841394425 0.65476191043853771 0.60248687863349926 0.94804319739341747 0.95861870050430309 0.63333335518836986 0.79008570313453685 0.96662956476211559 0.41982863843441015 0.27639257907867437 0.28174604475498205 2.5000000000000004
decision_type=2 2 2 2 2 2 2 2 2 2 2 2 2 2 2 2 2 2 2 2 2 2 2 2 2 2 2 2 2 2
left_child=1 8 3 6 21 -6 14 9 17 22 -10 12 19 20 16 -14 -2 -1 -19 -5 28 24 -4 -20 -3 -26 27 -8 29 -7
right_child=2 4 7 11 5 13 26 -9 10 -11 -12 -13 15 -15 -16 -17 -18 18 23 -21 -22 -23 -24 -25 25 -27 -28 -29 -30 -31
leaf_value=-0.059925651860890758 0.00063723023087115848 -0.034839606624218193 0.011337029653327203 0.028061063092584868 -0.058587953619480208 -0.051163960247295963 0.036709416991261325 0.066410310881309345 -0.052202676855851823 0.061790008588652766 0.0039499674452865554 0.063328143877778992 -0.021165095114928034 0.060421080857531652 0.038208212203678697 0.032243708455381999 -0.03926761771363977 -0.053525313453406033 -0.019858418671268297 0.060637481123292231 0.05954207538935951 0.027422242301153928 0.043743757887459635 0.06406421763870572 0.057569217493402769 -0.0091809026980584699 0.048832068611742538 -0.039166097004883417 0.07799685357731756 0.0065191672075505256
leaf_weight=9936.698180145584 243.53536159452051 86.401585650164634 347.1833093194291 298.58074354939163 622.39079562062398 77.926845164503902 196.69225254282355 6397.2362634204328 351.03395366482437 829.02905851602554 230.99529305426404 546.50769859552383 290.04026533197612 170.35403112741187 71.143748574890196 155.92991954274476 670.72092386940494 176.51881384570152 47.70160357747227 558.60387498885393 48.495613492559642 835.55291159264743 319.08002632111311 36.833574235439301 80.786772172432393 168.90850186347961 165.22684757784009 93.203973742201924 17.673432263545692 134.33865676540881
leaf_count=1453235 6699 1676 2550 1876 85206 4080 2346 66346 42406 7433 7801 5177 2813 1629 701 1204 44353 21670 1595 4533 370 4874 2408 611 493 979 1311 3524 124 3509
internal_value=-0.00268702 -0.0478342 0.0498882 0.0194285 -0.000898089 -0.0233545 -0.00820935 0.062586 -0.0575996 0.0462247 -0.0299169 0.040953 0.0315694 0.025508 -0.0238118 -0.00249113 -0.0286379 -0.0591796 -0.0307821 0.0492902 0.00414723 0.0196327 0.0268569 0.0167083 0.000267487 0.0124155 0.025572 0.0123148 -0.0075359 -0.0146574
internal_weight=24205.3 13022.6 11182.7 3290.19 2242.83 1071.18 1440.52 7892.53 10779.8 1495.29 582.029 1849.66 1303.15 448.789 985.4 445.97 914.256 10197.8 261.054 857.185 278.435 1171.65 666.263 84.5352 336.097 249.695 455.123 289.896 229.939 212.266
internal_count=1783532 1630258 153274 74537 102940 94918 58934 78737 1527318 12391 50207 15603 10426 9712 51753 4017 51052 1477111 23876 6409 8083 8022 4958 2206 3148 1472 7181 5870 7713 7589
is_linear=0
shrinkage=0.06


Tree=36
num_leaves=31
num_cat=0
split_feature=10 6 4 10 7 12 12 9 10 0 1 13 4 10 0 1 9 4 10 4 14 14 9 1 9 12 0 6 0 1
split_gain=14817.6 1562.37 1150.01 522.763 243.002 215.337 208.329 164.947 444.901 151.607 133.728 107.241 118.105 99.9452 78.0032 90.1419 71.5908 64.3953 63.1406 57.6814 57.5724 54.1751 47.7415 42.5886 42.4253 40.9051 39.8054 44.0199 39.6291 34.6688
threshold=0.67936623096466076 1.5000000000000002 0.5646599829196931 0.96379300951957714 1.0000000180025095e-35 0.45000000298023229 0.45000000298023229 0.21085321903228763 0.48579499125480657 0.30952382087707525 0.87585616111755382 1.0000000180025095e-35 0.45222154259681707 0.83796653151512157 0.30952382087707525 0.25176055729389196 0.65232810378074657 1.0000000180025095e-35 0.91772764921188366 0.32690165936946874 2.5000000000000004 2.5000000000000004 0.77618756890296947 0.56280338764190685 0.59163263440132152 0.29166667163372045 0.10555555671453477 1.5000000000000002 0.43650794029235845 0.92403846979141246
decision_type=2 2 2 2 2 2 2 2 2 2 2 2 2 2 2 2 2 2 2 2 2 2 2 2 2 2 2 2 2 2
left_child=1 4 3 6 11 10 13 29 -9 -6 16 -1 -13 28 15 22 18 -17 26 -19 -15 -14 -8 -11 25 -10 -4 -28 -2 -3
right_child=2 7 5 -5 9 -7 14 8 24 23 -12 12 21 20 -16 17 -18 19 -20 -21 -22 -23 -24 -25 -26 -27 27 -29 -30 -31
leaf_value=-0.059564676915571449 -0.04733549955932672 0.012790163571912197 0.058111191690408286 0.048565689593180694 -0.058128457694556629 0.065670448168078113 0.0095362123912539638 -0.054665543934139339 0.0031647267161675338 -0.035544801548845074 0.059520162583351292 -0.054261361228148036 -0.033714269149912393 -0.021335168873557724 0.064483024344127809 0.074111676785160174 0.038633664688636819 -0.050651576094032022 0.054475585924567596 0.0046738612337838756 0.02800499882004388 0.054601560618756588 0.04804356313063271 0.0091851661914577835 0.070640331527202602 0.060393895258656412 -0.041354658829367105 0.010903011337302633 0.042781671984345342 0.036249817071200612
leaf_weight=9632.0438052653335 462.93217587424442 672.20164155308157 27.54592446051538 1082.5107551533729 264.1308551155962 6281.8659526165575 283.1324111847207 443.99799280567095 127.38437292259187 98.445717426016927 771.90666333399713 163.72045039385557 37.316673301625997 217.60969199799001 104.08416231535375 25.70150135550648 545.66800223710015 147.63512816745788 68.719713125377893 125.5174244530499 139.85096863191575 75.789188901893795 196.24529702216387 345.7995987329632 104.66623047692701 69.48887440841645 130.5443393997848 104.46835075318813 18.260110262781382 342.2344128433615
leaf_count=1480780 43220 4486 315 8744 34249 68537 2038 61619 4345 7649 7145 21138 1426 6061 832 190 4140 2375 499 1417 3316 1649 1217 9295 1092 607 2237 765 226 1923
internal_value=-0.00265986 -0.0474003 0.0489288 0.0158975 -0.0560795 0.0606052 -0.00465125 0.00495781 -0.0164685 -0.0221302 0.0413074 -0.0585065 -0.0216872 -0.0260634 0.0157013 0.00917698 0.0252762 -0.0166855 0.00327421 -0.0252288 -0.00203159 0.0254638 0.0253002 -0.000727091 0.0397742 0.0233645 -0.0101268 -0.018125 -0.0439158 0.0207046
internal_weight=23111.4 12377.2 10734.2 2803.48 10617.2 7930.72 1720.97 1759.97 745.537 708.376 1648.85 9908.87 276.826 838.653 882.316 778.232 876.946 298.854 331.278 273.153 357.461 113.106 479.378 444.245 301.539 196.873 262.559 235.013 481.192 1014.44
internal_count=1783532 1630258 153274 69636 1556186 83638 60892 74072 67663 51193 15101 1504993 24213 52823 8069 7237 7956 3982 3816 3792 9377 3075 3255 16944 6044 4952 3317 3002 43446 6409
is_linear=0
shrinkage=0.06


Tree=37
num_leaves=31
num_cat=0
split_feature=10 3 4 10 9 11 12 10 3 9 0 14 13 0 12 11 9 6 4 0 10 1 0 3 6 9 10 4 3 9
split_gain=13761.3 1457.86 1211.32 536.799 297.071 376.474 230.424 201.544 153.266 138.935 149.725 132.238 114.894 103.984 88.1366 81.0998 73.5312 59.4414 56.6247 69.3003 48.5931 44.0008 63.9437 41.713 37.3142 37.0923 34.9027 34.8234 53.2459 34.3142
threshold=0.66192114353179943 0.72255688905715953 0.5646599829196931 0.83796653151512157 0.19082633405923846 1.0000000180025095e-35 0.45000000298023229 0.97845596075057995 0.89009663462638866 1.0000000180025095e-35 0.43650794029235845 2.5000000000000004 1.0000000180025095e-35 0.10555555671453477 0.45000000298023229 3.5000000000000004 0.65232810378074657 2.5000000000000004 1.0000000180025095e-35 0.30952382087707525 0.92762354016304027 0.25176055729389196 0.43650794029235845 0.75147059559822094 1.5000000000000002 0.41187486052513128 0.7117014229297639 0.3964285701513291 0.30860807001590734 0.66028577089309703
decision_type=2 2 2 2 2 2 2 2 2 2 2 2 2 2 2 2 2 2 2 2 2 2 2 2 2 2 2 2 2 2
left_child=1 9 3 12 -3 -6 8 11 13 10 -1 21 23 26 17 29 20 -7 -13 27 24 -5 -23 -2 -15 -9 -4 28 -20 -14
right_child=2 4 6 7 5 14 -8 25 -10 -11 -12 18 15 16 -16 -17 -18 -19 19 -21 -22 22 -24 -25 -26 -27 -28 -29 -30 -31
leaf_value=-0.054577921489410458 -0.046236954381939595 0.01868852761106219 0.21680439816132002 0.0069067658938908342 -0.058335032663707001 -0.014503988690932095 0.065195143265657368 -0.027860597571015073 0.059440265302170454 -0.059299720898919245 0.0078588392658421272 0.053331712712445238 0.022282477187784231 -0.039842704742754642 0.056709086909844691 -0.026646528199603909 0.029253888665265678 0.067880115366526161 0.015795890114122482 0.060392529671895498 0.048934617693780401 -0.040114218676797028 0.043465832848944438 0.066861903899789618 0.0071236732582316163 0.052772802021382674 0.06680752636170427 0.041908754550410328 -0.048126625110386255 0.098283370061356359
leaf_weight=334.28136686608195 542.06876204302534 1131.4157493095845 5.8673195326700798 320.16276603192091 561.03401015978307 219.84297875594348 5998.8838521754369 21.032036766409874 762.06113726645708 8969.5159115246497 235.79812987148762 265.60192481148988 55.95436995010823 140.98642995813861 138.44393209926784 102.19144693901762 458.470304697752 36.80731999501586 105.64019730128348 92.924016640521586 43.886068988591433 207.20843224134296 39.184642430394888 11.999590952880679 107.20351593848318 874.19386862963438 115.92574407532811 54.260672565549612 84.384167640469968 34.617773179896176
leaf_count=45300 51686 7968 147 3188 86073 9664 68881 115 7445 1462468 4509 1924 2070 2924 1476 3679 3490 542 1351 788 319 4866 307 128 777 7410 900 583 1933 621
internal_value=-0.00263286 -0.0475356 0.0473533 0.0136847 -0.00211853 -0.0267402 0.0597538 0.0294531 0.0397821 -0.0574742 -0.0287526 0.0130506 -0.0299066 0.022609 0.0181246 0.00999206 0.0142643 -0.00268893 0.0326113 0.016291 -0.00926488 -0.00776185 -0.0268222 -0.0437875 -0.019556 0.0508784 0.0740336 -0.000484872 -0.0125902 0.0513309
internal_weight=22071.8 11627.1 10444.7 2811.42 2087.54 956.128 7633.28 2064.59 1634.4 9539.6 570.079 1169.37 746.832 872.339 395.094 192.764 750.546 256.65 602.811 337.209 292.076 566.556 246.393 554.068 248.19 895.226 121.793 244.285 190.024 90.5721
internal_count=1783532 1618000 165532 80649 105723 97755 84883 22465 16002 1512277 49809 14940 58184 8557 11682 6370 7510 10206 6579 4655 4020 8361 5173 51814 3701 7525 1047 3867 3284 2691
is_linear=0
shrinkage=0.06


Tree=38
num_leaves=31
num_cat=0
split_feature=10 2 2 12 9 8 12 10 9 3 2 9 1 6 10 1 2 14 2 13 1 14 9 10 8 14 1 1 3 14
split_gain=12769.9 1417.9 1197.68 486.329 254.27 368.77 155.166 151.5 141.326 117.357 108.974 101.757 81.2619 76.7356 75.0605 54.2838 49.0023 48.9775 43.1379 42.9548 54.1227 42.8849 49.1185 40.3969 39.2945 71.1829 37.3709 115.87 54.3552 37.173
threshold=0.66192114353179943 0.8589511811733247 0.79759037494659435 0.45000000298023229 0.21085321903228763 0.054093567654490478 0.45000000298023229 0.83796653151512157 1.0000000180025095e-35 0.89009663462638866 0.71892556548118602 0.77618756890296947 0.81872946023941051 1.5000000000000002 0.97845596075057995 0.58759590983390819 0.95861870050430309 2.5000000000000004 0.94804319739341747 1.0000000180025095e-35 0.57804551720619213 2.5000000000000004 0.72240144014358532 0.95042484998703014 0.21980676054954532 2.5000000000000004 1.0000000180025095e-35 0.47673159837722784 0.27639257907867437 2.5000000000000004
decision_type=2 2 2 2 2 2 2 2 2 2 2 2 2 2 2 2 2 2 2 2 2 2 2 2 2 2 2 2 2 2
left_child=1 8 3 7 18 -6 9 12 10 16 -1 15 21 -7 17 23 -4 -9 -3 -10 -21 -2 -23 29 25 -15 -13 28 -28 -5
right_child=2 4 6 11 5 13 -8 14 19 -11 -12 26 -14 24 -16 -17 -18 -19 -20 20 -22 22 -24 -25 -26 -27 27 -29 -30 -31
leaf_value=-0.05089233569498345 -0.053145055628164017 -0.0014759445547669206 0.0083472973690655941 -0.019402009326085528 -0.058272231769432165 -0.016819783502055881 0.064947478301679795 -0.017691617385142685 -0.059855190776825863 0.058844020562205467 0.0037701093694624066 0.058957164140549904 0.11390771803752722 -0.050460460916662737 0.060429222379133785 0.047141532052353809 0.041382490159320516 0.021763835280745093 0.024089046245512162 -0.05144547658685273 0.01527607061433366 -0.032184092592922639 0.040820875651503025 0.030512078181508816 0.071701867513537382 0.045590889278754737 0.03313502098530384 0.057428121120360116 -0.017877826505576285 0.015901437144192381
leaf_weight=305.30618795799091 344.08251385902986 334.85834588482976 343.80536210816354 206.73554225591943 524.84701753454283 130.76824860461056 5504.5475848373026 283.1765622086823 8265.3626196268015 739.33814129978418 230.3583780634217 440.65865981578827 12.691011370159684 37.153316195122898 81.54612173140049 176.68364239530638 305.08929915446788 188.76131862122566 818.20600608363748 157.12456985842437 60.665942250750959 200.82339041633531 39.74331382336095 220.64941403642297 89.84423363674432 110.05135095631704 155.35829568654299 411.38633625581861 145.72656339406967 223.40368286846206
leaf_count=42414 35239 3147 2787 2823 85205 5645 66660 6610 1442284 7519 7806 3865 88 1420 507 1856 2456 3684 4869 20643 2443 18995 1965 1577 774 1350 1015 4332 864 2690
internal_value=-0.00260479 -0.0470452 0.0464478 0.0156782 -0.00194716 -0.0259884 0.0604266 -0.0153417 -0.0572748 0.0425007 -0.0273852 0.0337022 -0.036297 0.0200781 0.00727408 0.0176477 0.0238794 -0.00191059 0.0166648 -0.0591621 -0.0328601 -0.0395575 -0.0201232 0.00964034 0.0404329 0.0213483 0.0452227 0.036728 0.00844455 -0.00106627
internal_weight=21088.8 11064.5 10024.2 3131.43 2045.73 892.664 6892.78 1150.82 9018.82 1388.23 535.665 1980.6 597.34 367.817 553.484 827.472 648.895 471.938 1153.06 8483.15 217.791 584.649 240.567 650.789 237.049 147.205 1153.13 712.471 301.085 430.139
internal_count=1783532 1618000 165532 86110 102410 94394 79422 67088 1515590 12762 50220 19022 56287 9189 10801 8946 5243 10294 8016 1465370 23086 56199 20960 7090 3544 2770 10076 6211 1879 5513
is_linear=0
shrinkage=0.06


Tree=39
num_leaves=31
num_cat=0
split_feature=11 2 7 12 9 2 12 3 11 2 4 3 1 9 1 6 4 9 9 4 6 1 14 14 13 1 9 3 14 4
split_gain=10108.1 2092.88 1324.45 843.488 310.476 275.365 261.651 247.607 155.968 154.187 107.626 230.552 102.672 91.9116 89.3698 85.3924 78.4345 60.8585 56.8056 48.6575 100.046 46.423 46.3408 44.4809 42.9661 39.9477 32.4719 31.5119 30.1899 30.1493
threshold=1.5000000000000002 0.75716626644134533 1.0000000180025095e-35 0.63333335518836986 0.75694981217384349 0.7320508360862733 0.45000000298023229 0.86706829071044933 1.0000000180025095e-35 0.94494947791099559 0.52506268024444591 0.22792208194732669 0.76071646809577953 0.64375689625740062 1.0000000180025095e-35 1.0000000180025095e-35 0.45773810148239141 0.5278482735157014 0.65232810378074657 0.6291005313396455 1.0000000180025095e-35 0.92907443642616283 2.5000000000000004 2.5000000000000004 1.0000000180025095e-35 0.59110671281814586 0.56212684512138378 0.93788579106330883 2.5000000000000004 0.60535588860511791
decision_type=2 2 2 2 2 2 2 2 2 2 2 2 2 2 2 2 2 2 2 2 2 2 2 2 2 2 2 2 2 2
left_child=2 3 7 4 12 -4 9 13 26 18 11 17 14 24 -2 22 -15 -5 -3 -16 -21 -7 -13 -10 -1 -26 -9 -11 -27 -6
right_child=1 6 5 10 29 21 -8 8 23 27 -12 15 -14 16 19 -17 -18 -19 -20 20 -22 -23 -24 -25 25 28 -28 -29 -30 -31
leaf_value=-0.059330325329539524 -0.010851527612136369 -0.010830016280801862 -0.049090064649117547 -0.0027840741321891347 0.012735145154609235 0.0074237855602493135 0.064058524645139281 -0.053425578429004007 -0.04150581774166523 0.038272874046351636 0.059936916964753749 -0.041091018114604069 0.086671160772024497 -0.057614126646009907 -0.052053129931138357 0.064415916786049757 0.10076039904996124 0.049791662366267191 0.028070997061992408 0.071917970428843542 -0.045728024881549222 0.032546833816289256 -0.00024710197344738531 0.049063511714304467 -0.053905123752765571 -0.058612961951019373 0.1629529754118898 0.060549892918128595 0.081013419974195838 0.053734711494084091
leaf_weight=7703.7292237346992 294.12511522183195 250.78154725348577 303.58247282495722 89.526937404181808 317.07633922249079 988.81400486361235 5392.1197330104187 138.65814425470307 22.657107862178236 419.36073438823223 397.41018472332507 187.04665512870997 23.22765384754166 21.109103311784565 1057.4005654584616 49.297473684418947 24.121179868001491 691.12356651108712 293.04805817035958 35.988477189559489 93.969251954928041 361.61735619604588 214.89331024931744 141.05940809939057 32.784734224900603 7.6314934026449945 2.5425685476511708 502.51023434847593 20.685592979658395 81.079239660874009
leaf_count=1412043 17378 6535 43473 1767 6175 11570 68681 21789 809 4085 4821 4839 350 3251 140878 564 311 6329 2339 738 6122 2039 4466 1366 3903 388 26 5342 478 677
internal_value=-0.00257508 0.0386222 -0.0463912 0.00110001 -0.026031 0.00254373 0.0579482 -0.0563652 -0.00332256 0.0354692 0.0327865 0.0240277 -0.038498 -0.0584361 -0.0404605 -0.0101133 0.0268466 0.0437621 0.0101322 -0.047795 -0.013149 0.0141512 -0.0192542 0.0365294 -0.0589328 -0.0088174 -0.0495293 0.050416 0.0433839 0.0210842
internal_weight=20159 10390 9768.99 3532.16 1902.87 1654.01 6857.82 8114.98 304.917 1465.7 1629.3 1231.89 1504.71 7810.06 1481.48 451.237 45.2303 780.651 543.83 1187.36 129.958 1350.43 401.94 163.717 7764.83 61.1018 141.201 921.871 28.3171 398.156
internal_count=1783532 282086 1501446 195104 172318 57082 86982 1444364 23990 18301 22786 17965 165466 1420374 165116 9869 3562 8096 8874 147738 6860 13609 9305 2175 1416812 4769 21815 9427 866 6852
is_linear=0
shrinkage=0.06


Tree=40
num_leaves=31
num_cat=0
split_feature=10 3 4 8 7 8 14 13 7 0 3 0 1 10 0 10 0 3 14 8 1 14 8 3 4 8 8 4 10 1
split_gain=11032.9 1334.58 1084.81 447.001 259.899 340.161 163.449 133.061 119.334 118.589 104.676 94.2538 97.7144 90.6198 100.479 82.2309 80.6618 199.951 77.1628 74.0188 57.1717 52.3909 55.9335 48.558 41.9558 38.8624 38.6149 37.2194 36.201 35.5187
threshold=0.66192114353179943 0.71148777008056652 0.62593284249305736 0.58578431606292736 1.0000000180025095e-35 0.054093567654490478 2.5000000000000004 1.0000000180025095e-35 1.0000000180025095e-35 0.43650794029235845 0.89009663462638866 0.43650794029235845 0.25176055729389196 0.92762354016304027 0.10555555671453477 0.97067421674728405 0.26785714924335485 0.22792208194732669 2.5000000000000004 0.24404761940240863 0.64565756916999828 2.5000000000000004 0.39444445073604589 0.17712418735027316 0.3964285701513291 0.28174604475498205 0.14039409160614016 1.0000000180025095e-35 0.70241516828536998 0.81284341216087352
decision_type=2 2 2 2 2 2 2 2 2 2 2 2 2 2 2 2 2 2 2 2 2 2 2 2 2 2 2 2 2 2
left_child=1 8 3 6 5 -3 15 10 29 -10 13 12 -8 14 28 23 17 -5 19 -7 -19 22 -16 -2 27 -23 -20 -14 -4 -1
right_child=2 4 7 16 -6 18 11 -9 9 -11 -12 -13 24 -15 21 -17 -18 20 26 -21 -22 25 -24 -25 -26 -27 -28 -29 -30 -31
leaf_value=-0.059284858970968184 -0.014797246858974652 -0.057407615345259913 0.29386003983116415 0.048847910950280279 0.016297251723358417 -0.052051792263130295 0.029663797470238791 0.063936403513669263 -0.054001264670955521 0.0049405510298736041 0.059253269881303146 0.069929766933910592 0.048126114653427532 0.053196804000971147 -0.056732611728088571 0.037567662360261808 0.06135400457045205 -0.014073919010686237 0.010572135551977462 0.044759581405388028 0.051828117407944074 -0.0047078777513944788 0.011101912663062999 -0.048686739795849587 0.01113766372794894 0.037870464968156027 0.057854047111228164 -0.042527512393002828 0.073576170375502764 0.032108256724125865
leaf_weight=7467.3236837759614 237.6983782434836 537.17315247934312 2.7945479997433713 667.27606320101768 1132.722564607393 87.983307859860361 258.1623283168301 4525.0366815486923 288.4875527988188 214.07241417188197 942.54370977729559 84.741158704739064 17.766963996458799 395.17082280665636 81.000307380687445 58.762348406016827 368.76219875365496 341.79239072930068 114.70146645046771 42.004290521144867 55.018295005895197 129.58745768573135 95.17902860743925 423.18918342841789 105.27323590638116 190.7883236669004 135.80637216940522 198.04429583717138 68.95470492169261 15.339939822908489
leaf_count=1449646 7129 97329 66 5909 7825 5749 6327 60572 44938 4319 11329 791 445 4330 1378 321 4280 2888 3971 497 426 1572 758 35368 3352 1547 1540 16180 564 2186
internal_value=-0.00254326 -0.0461093 0.0447355 0.0136827 -0.00292996 -0.026663 -0.0106417 0.0583351 -0.0571966 -0.0288942 0.0450372 0.0108273 0.00218093 0.0311299 0.0157857 -0.0304501 0.0371715 0.0287911 0.0167413 -0.0207681 -0.00493652 0.00619563 -0.0200857 -0.0364979 -0.0199162 0.0206481 0.0362048 -0.0350643 0.082156 -0.0590975
internal_weight=19283.2 10035.6 9247.54 2816.49 2050.39 917.669 1383.64 6431.06 7985.22 502.56 1906.02 663.988 579.247 963.475 568.304 719.65 1432.85 1064.09 380.495 129.988 396.811 496.555 176.179 660.888 321.084 320.376 250.508 215.811 71.7493 7482.66
internal_count=1783532 1618000 165532 83416 116911 109086 69913 82116 1501089 49257 21544 27095 26304 10215 5885 42818 13503 9223 11757 6246 3314 5255 2136 42497 19977 3119 5511 16625 630 1451832
is_linear=0
shrinkage=0.06


Tree=41
num_leaves=31
num_cat=0
split_feature=10 3 1 12 9 8 12 3 9 7 0 3 3 12 10 13 6 9 10 1 8 12 9 8 11 8 3 0 1 0
split_gain=10229.9 1295.03 1044.12 365.601 237.602 323.758 220.015 133.532 125.89 121.854 113.413 71.8041 77.4488 70.7888 63.3008 91.227 47.0166 44.4054 52.6874 34.2022 72.2579 34.0353 96.3732 38.1318 34.0309 32.1663 31.7372 92.724 31.2922 30.8728
threshold=0.66192114353179943 0.71148777008056652 0.60421237349510204 0.77500000596046459 0.19082633405923846 0.054093567654490478 0.45000000298023229 0.91266208887100231 0.81364238262176525 1.0000000180025095e-35 0.43650794029235845 0.19433516263961795 0.66312056779861461 0.45000000298023229 0.96379300951957714 1.0000000180025095e-35 2.5000000000000004 0.65232810378074657 0.92762354016304027 0.81284341216087352 0.081666667014360442 0.29166667163372045 0.57207792997360241 0.19523809850215915 2.5000000000000004 0.73030304908752453 0.22792208194732669 0.15476191043853763 0.94609123468399059 0.30952382087707525
decision_type=2 2 2 2 2 2 2 2 2 2 2 2 2 2 2 2 2 2 2 2 2 2 2 2 2 2 2 2 2 2
left_child=1 9 3 8 28 -6 7 17 11 19 -11 -2 -13 16 15 -5 -7 18 -4 -1 -21 22 23 -22 -19 -26 -16 -28 -3 -17
right_child=2 4 6 14 5 13 -8 -9 -10 10 -12 12 -14 -15 26 29 -18 24 -20 20 21 -23 -24 -25 25 -27 27 -29 -30 -31
leaf_value=-0.059191062874631675 0.00032984055826004987 0.0094513315135317279 -0.007734346423878549 -0.016243822952414631 -0.057989919405212316 -0.013822295552404747 0.062919160659856754 0.058478102256373531 0.025364610083947792 -0.053625442161733067 0.0046280658555499076 -0.040107342200893785 0.043123012898404887 0.051974241201850326 0.056527175536122756 0.026134535548199542 0.060738545857617822 0.058105106334991108 0.058578668280534478 -0.054881173942470246 -0.060470799477354342 0.12547527030162242 1.2439208970721007 0.90116725968078537 0.013250251030605007 0.053602039582168803 -0.00068196072337666598 0.065283941652148889 0.032368753798703215 0.065821083830652619
leaf_weight=7043.2723889970221 326.21053697727621 853.63213231787086 264.49125801492482 185.14206715393811 499.42751226713881 210.14870072295889 4915.8471840890124 569.31670003384352 249.53524132538587 273.5344744650647 214.79185463115573 584.28495579771698 43.226543655153364 128.22820729622617 397.490059889853 374.64805913809687 35.604446495883167 130.50496393302456 51.537988111376762 10.982144432142375 0.71862241160124429 3.3966940599493682 0.4132170993834734 0.18709270004183054 301.69051572307944 93.053394041955471 160.45731915533543 146.97636447101831 286.47049691854045 86.940856087952852
leaf_count=1449646 10526 6832 4777 2472 96580 9667 69174 6678 3095 44938 4319 51539 533 1530 4049 3098 547 1102 452 2019 106 27 18 16 3236 859 1027 1926 1755 989
internal_value=-0.00251304 -0.0455829 0.0438518 0.0114791 -0.00283024 -0.0263787 0.0569254 0.0360375 -0.0125768 -0.0569887 -0.0280025 -0.0225039 -0.034374 0.0158361 0.0328939 0.0193378 -0.00302 0.0208512 0.00307997 -0.0589939 0.0294719 0.22592 0.484601 0.138174 0.0315438 0.0227624 0.0453308 0.0308547 0.0152097 0.0336095
internal_weight=18442.2 9560.81 8881.35 2554.91 2013.51 873.409 6326.44 1410.59 1203.26 7547.3 488.326 953.722 627.511 373.981 1351.65 646.731 245.753 841.278 316.029 7058.97 15.6978 4.71563 1.31893 0.905715 525.249 394.744 704.924 307.434 1140.1 461.589
internal_count=1783532 1618000 165532 79254 116911 108324 86278 17104 65693 1501089 49257 62598 52072 11744 13561 6559 10214 10426 5229 1451832 2186 167 140 122 5197 4095 7002 2953 8587 4087
is_linear=0
shrinkage=0.06


Tree=42
num_leaves=31
num_cat=0
split_feature=10 7 2 8 2 8 0 4 1 4 13 2 9 10 8 10 13 11 13 4 1 1 0 3 13 4 2 3 1 13
split_gain=9479.06 1223.66 1089.94 372.853 242.03 252.054 224.555 110.177 178.443 114.945 105.844 92.5298 91.3932 71.1713 69.3448 67.2217 80.3206 57.323 54.0371 56.7968 52.1411 45.8043 40.391 39.8326 37.6977 36.5254 35.7066 35.2347 32.5506 29.452
threshold=0.64879238605499279 1.0000000180025095e-35 0.79759037494659435 0.48684211075305944 0.93405798077583324 0.054093567654490478 0.30952382087707525 0.57836258411407482 0.25176055729389196 0.35948719084262853 1.0000000180025095e-35 0.93127068877220165 0.72240144014358532 0.91772764921188366 0.67708334326744091 0.92762354016304027 1.0000000180025095e-35 3.5000000000000004 1.0000000180025095e-35 0.46737588942050939 0.54923510551452648 0.82574188709259044 0.23611111193895343 0.44920890033245092 1.0000000180025095e-35 0.51925924420356762 0.94804319739341747 0.30860807001590734 0.17712418735027316 1.0000000180025095e-35
decision_type=2 2 2 2 2 2 2 2 2 2 2 2 2 2 2 2 2 2 2 2 2 2 2 2 2 2 2 2 2 2
left_child=1 4 3 12 18 -6 -3 8 14 22 11 13 15 -4 -5 16 21 24 -1 -20 -8 28 27 -11 -14 -18 -22 -10 -2 -7
right_child=2 6 10 7 5 29 20 -9 9 23 -12 -13 17 -15 -16 -17 25 -19 19 -21 26 -23 -24 -25 -26 -27 -28 -29 -30 -31
leaf_value=-0.059448100152186725 -0.013183156029896162 -0.05731738263094166 0.0026662505661860939 0.017789685668258094 -0.055313827830301233 0.015988376134649245 -0.035084820303453106 0.057630746211827698 -0.0094620505526739288 -0.0025999959890088999 0.063016702282934545 0.054020631247866151 0.023676640167909012 0.048996516881804474 0.052681061619038093 0.019617430029740358 -0.010590570419791362 -0.021284326534776341 -0.055395002996758404 0.0094495739422936365 0.0019315152025794178 0.12166888220530662 0.072351076826849742 0.050155104824793184 0.091629701740239183 0.046117619669761079 0.021961703091173231 -0.054422679105989975 -0.048123370151256027 0.061719557770240144
leaf_weight=6748.9603861081414 120.53017119411379 200.00694231828675 272.10460001649335 345.94555965717882 258.01858366001397 151.20155644137412 84.352649935986847 403.86159859597683 101.42815272137523 93.046599279157817 4025.0122828576714 1208.1250790348276 90.333244991954416 212.64879319816828 503.52378864958882 124.87331502325833 184.71817917237058 69.785238511394709 113.87389882467687 84.868240142706782 551.12280842475593 6.2972463853657237 12.675366598181425 115.46017669374123 43.563331617508084 52.513125697150826 765.28308781608939 164.54812647076324 471.37531435023993 76.27248942386359
leaf_count=1473663 7985 34340 2617 2954 51097 3644 7085 5049 1405 1100 59903 14875 4471 2430 4951 1029 6736 2424 20119 2646 11587 54 104 1105 521 442 4070 2765 51582 779
internal_value=-0.00248108 -0.0454306 0.0425186 0.0125874 -0.0556781 -0.0147212 0.002154 0.0301677 0.0218697 -0.00707941 0.0577225 0.0451351 -0.0137 0.0229901 0.0384716 -0.0214429 -0.0275802 0.0228059 -0.0585401 -0.0277046 0.0106456 -0.039296 -0.0322905 0.026613 0.0457852 0.00196226 0.0135759 -0.0372773 -0.0410085 0.0313221
internal_weight=17656.3 9033.96 8622.37 2904.48 7433.2 485.493 1600.77 1740.49 1336.63 487.158 5717.89 1692.88 1163.99 484.753 849.469 960.307 835.434 203.682 6947.7 198.742 1400.76 598.203 278.652 208.507 133.897 237.231 1316.41 265.976 591.905 227.474
internal_count=1783532 1609030 174502 94677 1551948 55520 57082 19433 14384 6479 79825 19922 75244 5047 7905 67828 66799 7416 1496428 22765 22742 59621 4274 2205 4992 7178 15657 4170 59567 4423
is_linear=0
shrinkage=0.06


Tree=43
num_leaves=31
num_cat=0
split_feature=10 2 2 12 9 10 12 4 3 10 3 6 4 6 7 9 10 2 2 4 10 14 2 1 12 1 11 13 2 12
split_gain=8783.99 1189.06 1044.86 349.309 269.059 273.924 183.1 127.971 164.833 120.578 112.619 90.2854 88.2953 72.8795 72.323 62.1291 60.6083 57.8296 56.4187 53.0141 46.6619 42.5576 34.8796 34.0714 32.8876 32.7706 34.2068 32.2844 28.3402 27.6102
threshold=0.64879238605499279 0.81872946023941051 0.79759037494659435 0.45000000298023229 0.21085321903228763 0.48579499125480657 0.45000000298023229 0.52506268024444591 0.27639257907867437 0.83796653151512157 0.91266208887100231 1.0000000180025095e-35 0.60535588860511791 1.0000000180025095e-35 1.0000000180025095e-35 0.46920476853847509 0.97845596075057995 0.94804319739341747 0.68457102775573742 0.35948719084262853 0.96379300951957714 2.5000000000000004 0.95861870050430309 0.92907443642616283 0.29166667163372045 0.82574188709259044 1.0000000180025095e-35 1.0000000180025095e-35 0.22401433438062671 0.77500000596046459
decision_type=2 2 2 2 2 2 2 2 2 2 2 2 2 2 2 2 2 2 2 2 2 2 2 2 2 2 2 2 2 2
left_child=1 14 3 9 23 24 10 8 15 12 22 19 -2 -14 25 -5 21 -7 -16 -10 27 -11 -4 -3 -6 -1 -27 -17 -22 -29
right_child=2 4 6 7 5 17 -8 -9 11 16 -12 -13 13 -15 18 20 -18 -19 -20 -21 28 -23 -24 -25 -26 26 -28 29 -30 -31
leaf_value=-0.059291161275339212 -0.045193977409026143 0.0062555327985955199 0.0073892035612012612 -0.017555158295641134 -0.058098701565158929 -0.017132659116656651 0.062886677640661692 0.056917459829323919 -0.040476714935729539 -0.017760771525353616 0.056945911527529203 0.056362041462220944 0.089382712778519585 -0.021018989307457124 -0.051849215304898409 -0.0054172370618364432 0.05549710875893954 0.038163909775733286 -0.00477160258728821 0.0096927282791863609 0.057076889551119905 0.019826529789987776 0.034767796408911478 0.028493047019507181 -0.00038208460506477566 -0.060294883335962592 0.17824302293828431 0.0081334086562206143 0.0049668448294183263 0.045948153672304891
leaf_weight=6124.3694148776121 458.63688224600628 877.25095755141228 361.10102299647406 78.92212980100885 552.45033749239519 110.36547167319804 4240.7639210922644 432.92638207925484 234.04750502668321 268.25532570760697 535.96468279510736 58.509233091957867 33.684297128114849 59.634580715093762 217.49222998600453 102.59417366376147 75.582607008516788 177.72842311346903 158.37564849806949 112.16370030259714 386.64497014135122 182.02589796856046 312.46681296825409 345.81674640160054 37.98498411802575 4.3818215946666879 4.2763263476081192 104.17434828635305 41.615880779922009 208.89703309070319
leaf_count=1419863 61832 7882 3239 661 117085 6040 66808 5768 3566 6610 6808 567 361 2196 39145 945 507 3318 9470 1122 4239 3684 2970 2146 3046 907 128 842 247 1530
internal_value=-0.00244936 -0.044891 0.0416405 0.0121202 -0.00565197 -0.0309827 0.0570135 0.0285897 0.0193519 -0.0147809 0.0364215 -0.0125731 -0.0343692 0.0188315 -0.0575605 0.0333529 0.00577932 0.0169804 -0.0320126 -0.0242231 0.0381137 -0.00256613 0.0200901 0.0125431 -0.0543856 -0.0591263 0.0575208 0.023793 0.0520131 0.0333653
internal_weight=16899.1 8610.49 8288.61 2838.31 2101.6 878.529 5450.3 1760.5 1327.57 1077.82 1209.53 404.72 551.956 93.3189 6508.9 922.849 525.864 288.094 375.868 346.211 843.926 450.281 673.568 1223.07 590.435 6133.03 8.65815 415.666 428.261 313.071
internal_count=1783532 1609030 174502 94677 139517 129489 79825 19487 13719 75190 13017 5255 64389 2557 1469513 8464 10801 9358 48615 4688 7803 10294 6209 10028 120131 1420898 1035 3317 4486 2372
is_linear=0
shrinkage=0.06


Tree=44
num_leaves=31
num_cat=0
split_feature=10 3 4 12 12 9 8 7 10 3 6 4 6 14 8 3 9 13 1 1 4 12 8 4 3 9 1 8 3 13
split_gain=8137.02 1152.94 986.405 363.683 221.798 205.663 254.996 124.271 117.16 109.838 95.1081 138.439 88.199 61.1618 59.0937 53.5361 50.3639 50.252 45.8482 44.5677 66.3613 43.4172 43.0614 41.4366 41.2441 40.7751 33.7876 33.4398 31.8305 29.9817
threshold=0.64879238605499279 0.70801281929016124 0.62593284249305736 0.90000000596046459 0.45000000298023229 0.21085321903228763 0.054093567654490478 1.0000000180025095e-35 0.80874970555305492 0.91266208887100231 1.0000000180025095e-35 1.0000000180025095e-35 1.0000000180025095e-35 2.5000000000000004 0.24404761940240863 0.54446640610694896 0.63502788543701183 1.0000000180025095e-35 0.25866188108921057 0.25176055729389196 0.3964285701513291 0.22500000149011615 0.65476191043853771 0.32690165936946874 0.67962265014648449 0.51915737986564647 0.79277813434600841 0.39444445073604589 0.33508773148059851 1.0000000180025095e-35
decision_type=2 2 2 2 2 2 2 2 2 2 2 2 2 2 2 2 2 2 2 2 2 2 2 2 2 2 2 2 2 2
left_child=1 7 3 8 9 -3 -7 29 24 12 11 22 -4 14 -8 26 27 -13 -10 -19 28 25 -5 -20 -2 -15 -9 -14 -21 -1
right_child=2 5 4 10 -6 6 13 15 18 -11 -12 17 16 21 -16 -17 -18 19 23 20 -22 -23 -24 -25 -26 -27 -28 -29 -30 -31
leaf_value=-0.059664585418797947 -0.041831659056924264 0.012864956758531072 0.073518240213050409 0.022905011476377246 0.062405045857592739 -0.057822673814896308 -0.051113659253411485 -0.050109212318868779 0.015623362027628993 0.05581437890731674 0.060207410148521059 -0.03540913272673165 -0.021205403846795121 -0.016927700939088991 0.045022452155599559 -0.0071882245459856673 0.02473454012031568 0.039694103630067361 -0.040225605269020775 -0.00029531331538743206 0.040792468072553406 0.061817764188017925 0.056360262327679052 0.0015502888022164518 0.026477575501453271 0.055740490084697621 0.48444962555679738 0.029376679330977221 -0.051975379224012595 -0.032914062005820408
leaf_weight=5716.0014441004023 434.02209668513387 1136.1087192595005 96.66186994407326 231.64545072708279 4067.4146210909821 431.14937965525314 80.476790783926845 201.07057266496122 391.52550909016281 499.78733287751675 321.77375180646777 113.90061099641025 192.68027911847457 82.253750646486878 32.239306298084557 244.00532521074638 434.84279325418174 123.04149332316592 135.63597520440817 88.374495496042073 79.93815721385181 93.136867459863424 344.46232164651155 231.11931249499321 34.337846540380269 41.987390152644366 0.42656840570270915 62.253345675766468 83.386905121617019 154.92024405999109
leaf_count=1417174 59045 9444 900 1748 67572 99258 5911 32969 5391 6699 4604 2015 3061 3719 418 16101 3990 963 6542 712 656 1071 3944 4554 724 623 8 540 842 22334
internal_value=-0.0024159 -0.0443201 0.0407873 0.0105685 0.0555374 -0.00330495 -0.0274375 -0.0566404 -0.0132292 0.0338201 0.031622 0.0229833 0.0198426 0.0122498 -0.0236166 -0.0260892 0.0123208 -0.000508327 0.0013441 0.0100996 -0.00436747 0.0308474 0.0429083 -0.0138996 -0.0368236 0.00763057 -0.0489776 -0.00885355 -0.025385 -0.0589587
internal_weight=16180.6 8213.78 7966.8 2613.16 5353.64 1897.35 761.243 6316.42 1226.64 1286.23 1386.52 1064.75 786.438 330.094 112.716 445.502 689.776 488.642 758.281 374.741 251.7 217.378 576.108 366.755 468.36 124.241 201.497 254.934 171.761 5870.92
internal_count=1783532 1609030 174502 91740 82762 120444 111000 1488586 76256 15190 15484 10880 8491 11742 6329 49078 7591 5188 16487 3173 2210 5413 5692 11096 59769 4342 32977 3601 1554 1439508
is_linear=0
shrinkage=0.06


Tree=45
num_leaves=31
num_cat=0
split_feature=10 2 2 10 7 11 14 13 3 13 10 4 1 6 4 3 7 0 4 14 10 3 1 1 1 11 14 1 1 0
split_gain=7533.07 1135.76 968.377 267.04 241.662 260.567 161.493 117.818 89.7795 77.1313 73.9434 73.6012 107.96 66.9971 65.4777 117.882 61.5718 56.4644 54.1331 47.8115 41.9028 36.9941 39.582 34.1665 33.9118 36.2951 31.0154 29.7601 29.0009 28.3327
threshold=0.64879238605499279 0.80982521176338207 0.79759037494659435 0.91772764921188366 1.0000000180025095e-35 1.0000000180025095e-35 2.5000000000000004 1.0000000180025095e-35 0.91266208887100231 1.0000000180025095e-35 0.92762354016304027 0.56070175766944896 0.19560018926858905 1.5000000000000002 0.41982863843441015 0.2674796879291535 1.0000000180025095e-35 0.30952382087707525 0.21980676054954532 2.5000000000000004 0.97067421674728405 0.4976190477609635 0.29679679870605474 0.57659712433815014 0.81284341216087352 1.0000000180025095e-35 2.5000000000000004 0.1490740776062012 0.92907443642616283 0.30952382087707525
decision_type=2 2 2 2 2 2 2 2 2 2 2 2 2 2 2 2 2 2 2 2 2 2 2 2 2 2 2 2 2 2
left_child=1 16 3 6 5 -3 9 8 10 27 19 12 20 -7 15 -8 24 -18 -14 -4 26 22 -20 -24 -1 -26 -5 -2 -6 -17
right_child=2 4 7 11 28 13 14 -9 -10 -11 -12 -13 18 -15 -16 29 17 -19 21 -21 -22 -23 23 -25 25 -27 -28 -29 -30 -31
leaf_value=-0.059233966483314665 -0.016126032526112749 -0.057059514558404911 -0.012322626984024067 -0.00014073937310575999 0.0057831041987538179 -0.020835171530354375 0.026818448143636694 0.061861819010163833 0.057830456376858581 0.0006389040022862152 0.049735351480550506 0.056562114876133308 -0.047237964664211075 0.032120256238967838 0.036338973486657107 -0.041354379578060145 -0.058461182914217022 -0.0095315449631264842 0.027338303464260302 0.027173473957751687 0.051011977201218861 0.041448978767517713 -0.029013937856185008 0.071315662318684608 -0.060256882818873467 0.17043284829469021 0.041768264467868833 -0.051700278301431833 0.026514959961949861 0.08235352153360892
leaf_weight=5405.3945317319594 112.77838106593117 516.75666494155303 168.61145451804623 135.3605960868299 878.20813435455784 148.54182870406657 232.37565647019073 3428.8390431087464 690.43390080332756 217.6764354147017 347.66061257943511 292.46395574137568 74.274263090454042 204.30060429545119 261.43526597972959 183.487648896873 161.4438482481055 179.09073262661695 99.243122769519687 319.26088406424969 377.75364293158054 93.63501737639308 148.79265375062823 13.312516578473149 5.0308265641797316 4.7957648080773652 119.86767484992743 339.51656945981085 335.78001437336206 6.9161490886472157
leaf_count=1409276 5898 126057 1734 996 6877 11065 7748 59903 10465 5273 4759 4185 741 4185 5269 18357 33675 14491 828 2964 4178 932 1457 108 1194 171 972 37642 2039 93
internal_value=-0.0023815 -0.0437346 0.0399194 0.0110743 -0.00577688 -0.0299202 -0.00776769 0.0556896 0.0418206 -0.0287067 0.028591 0.0299091 0.0225708 0.00982675 0.0127355 -0.00186029 -0.0574753 -0.0327286 -0.000656996 0.0135234 0.0383227 0.00908929 -0.00250444 -0.0207746 -0.0590315 0.0523288 0.0195418 -0.0428299 0.0115174 -0.0368609
internal_weight=15503 7839.34 7663.7 2708.89 2083.59 869.599 1354.19 4954.81 1525.97 669.971 835.533 1354.7 1062.24 352.842 684.215 422.779 5755.76 340.535 429.258 487.872 632.982 354.983 261.348 162.105 5415.22 9.82659 255.228 452.295 1213.99 190.404
internal_count=1783532 1609030 174502 94677 150223 141307 80280 79825 19922 48813 9457 14397 10212 15250 31467 26198 1458807 48166 4066 4698 6146 3325 2393 1565 1410641 1365 1968 43540 8916 18450
is_linear=0
shrinkage=0.06


Tree=46
num_leaves=31
num_cat=0
split_feature=10 0 2 12 7 8 12 4 8 2 4 2 12 0 14 8 7 8 10 14 11 4 0 2 4 0 0 14 2 0
split_gain=6969.63 1096.87 945.094 289.899 270.192 262.16 200.13 199.291 105.575 92.7443 82.4929 116.377 65.0482 59.5385 53.1461 48.9925 56.1745 47.7628 46.7804 69.8806 74.1269 41.0158 41.8017 38.5429 36.8656 46.7907 41.0933 36.4691 36.1522 30.816
threshold=0.64395171403884899 0.43650794029235845 0.79759037494659435 0.90000000596046459 1.0000000180025095e-35 0.065591398626565947 0.45000000298023229 0.82097071409225475 0.3717105239629746 0.94201681017875682 0.52506268024444591 0.22401433438062671 0.45000000298023229 0.30952382087707525 2.5000000000000004 0.054093567654490478 1.0000000180025095e-35 0.65476191043853771 0.97845596075057995 2.5000000000000004 3.5000000000000004 0.45773810148239141 0.10555555671453477 0.25866188108921057 0.99122807383537304 0.77500000596046459 0.58571431040763866 2.5000000000000004 0.94494947791099559 0.91666665673255932
decision_type=2 2 2 2 2 2 2 2 2 2 2 2 2 2 2 2 2 2 2 2 2 2 2 2 2 2 2 2 2 2
left_child=1 7 3 8 5 -3 9 -1 14 -4 11 17 28 27 -2 16 -9 -5 19 -10 -21 23 -23 -16 26 -26 -6 -13 -7 -11
right_child=2 4 6 10 24 12 -8 15 18 29 -12 13 -14 -15 21 -17 -18 -19 -20 20 -22 22 -24 -25 25 -27 -28 -29 -30 -31
leaf_value=-0.058979499384442836 -0.048078612950356751 -0.056661779052684311 0.0097069377659731605 0.01821655770004629 0.012219480644764507 -0.035468510304447726 0.061820294367583815 -0.056342838281878867 -0.016508231682067859 0.021510123709417718 0.055784861461638177 -0.033104569226595291 0.05334519569109767 0.063049045777442983 0.0062918135142025159 0.10641239218681421 0.051556571374988987 0.051931172795715082 0.040196111541552997 0.081142311435893108 0.0047706831993042072 0.068241294299794766 -0.011307332158441995 -0.0495615314597821 -0.048935317481442225 0.0099981087843501702 0.058937932974406977 0.0055285742679883751 0.015197952410232028 0.052095183681700331
leaf_weight=5317.1630283521954 276.35461483965628 545.10214261920191 401.73223770665936 262.2639555525966 163.42319242097437 87.558269834378734 3617.0436358312145 30.601521523902193 405.36849491973408 149.88813368137926 333.70725685823709 160.82997074257582 97.104429582133889 42.65663832006976 72.900160150835291 22.577013876289129 40.173694411758333 357.43601953983307 115.17186625674367 61.513141991570592 178.56900816014968 39.091750611085445 60.718590209027752 114.08411365747452 51.380731005221605 864.95183856599033 115.81159567739815 194.15645289188251 120.43192593893036 568.01033066399395
leaf_count=1428931 36616 141783 3920 2007 2808 10898 66881 8045 14465 1617 5138 2032 1389 467 5614 791 405 4392 947 1584 3427 823 1912 17437 258 6094 587 2102 2593 7569
internal_value=-0.00234634 -0.043303 0.0388578 0.010346 -0.00587822 -0.0317358 0.0549586 -0.0574537 -0.0096092 0.0327914 0.0298983 0.021407 0.0127987 -0.00392648 -0.0293016 0.0294531 0.00490343 0.0376628 0.00497061 -0.0013149 0.0243384 -0.011208 0.0198487 -0.0277858 0.0125097 0.00669359 0.0315958 -0.0119745 -0.00613126 0.0457094
internal_weight=14867.8 7456.28 7411.5 2674.82 2045.76 850.197 4736.67 5410.52 1323.77 1119.63 1351.05 1017.34 305.095 397.643 563.149 93.3522 70.7752 619.7 760.623 645.451 240.082 286.795 99.8103 186.984 1195.57 916.333 279.235 354.986 207.99 717.898
internal_count=1783532 1604582 178950 98963 166410 156663 79987 1438172 82825 13106 16138 11000 14880 4601 62402 9241 8450 6399 20423 19476 5011 25786 2735 23051 9747 6352 3395 4134 13491 9186
is_linear=0
shrinkage=0.06


Tree=47
num_leaves=31
num_cat=0
split_feature=8 0 4 12 4 9 8 12 0 4 9 3 12 9 4 0 8 0 9 13 2 9 2 4 8 4 2 0 2 11
split_gain=6407.76 1181.69 895.504 295.603 277.735 188.607 308.008 155.136 96.5157 115.558 89.2755 83.8412 82.223 58.8141 58.4169 83.1986 53.2895 51.5356 46.7787 46.3509 45.5091 41.7608 37.0772 65.4011 36.2253 34.5553 49.8024 40.8923 29.0151 26.4679
threshold=0.24404761940240863 0.43650794029235845 0.62593284249305736 0.90000000596046459 0.83176100254058849 0.22284295409917834 0.060661764815449722 0.45000000298023229 0.26785714924335485 1.0000000180025095e-35 0.77618756890296947 0.94312667846679699 0.29166667163372045 0.61422947049140941 1.0000000180025095e-35 0.43650794029235845 0.056349206715822227 0.11805555596947671 0.19082633405923846 1.0000000180025095e-35 0.80982521176338207 0.55823644995689403 0.27639257907867437 0.35948719084262853 0.67708334326744091 0.99122807383537304 0.99450549483299266 0.58571431040763866 0.94494947791099559 2.5000000000000004
decision_type=2 2 2 2 2 2 2 2 2 2 2 2 2 2 2 2 2 2 2 2 2 2 2 2 2 2 2 2 2 2
left_child=1 4 3 10 -1 25 21 11 9 24 14 17 13 28 -2 -16 18 -4 -6 -11 -19 -7 -21 -24 -5 27 -27 -3 -8 -17
right_child=2 5 7 8 16 6 12 -9 -10 19 -12 -13 -14 -15 15 29 -18 20 -20 22 -22 -23 23 -25 -26 26 -28 -29 -30 -31
leaf_value=-0.058165657338419219 0.0004109404304778941 0.011179177318990215 0.069530352349434152 0.024022062271634278 0.048078094547743644 -0.057978042358472474 -0.037251574145345266 0.061818997165662609 0.06217309204034948 -0.034260392578016503 0.013752785148507208 0.061324629758687119 0.045689630887489799 0.055472447756459972 -0.04254823008081287 0.1378671249797889 0.095857032838275472 -0.019357401204630503 -0.057799190994723554 0.03385110901403391 0.025102226605134049 0.16097213353634743 -0.03395053185685952 0.031572120596635056 0.055719968171571141 -0.015578830257866137 0.01505419887183412 0.057120035379437141 0.0015605856746144519 0.019325799579589499
leaf_weight=5148.3770057572983 247.85279735224321 170.03484378941357 79.413156488910317 244.55740131414495 38.892376369563863 494.70857379562221 134.75916808587499 3413.4656209964305 262.97190869692713 109.65146717987955 325.28227060008794 309.30515389889479 160.67969008465298 46.736794961383566 482.29244482074864 8.0528602525591833 39.670123626245186 97.923311697784811 24.477190253557637 144.5890453979373 539.65672251023352 3.1560435730498275 124.85254411865026 97.798484050203115 276.58541180938482 267.99643296515569 665.54419474885799 118.26333309407346 142.84108035452664 42.926802140660584
leaf_count=1430964 7861 3777 788 2000 419 138069 12231 66707 4419 2065 5233 4871 2407 548 66140 72 836 1602 6800 1303 5746 131 1512 979 3675 4044 4230 655 2963 485
internal_value=-0.00231105 -0.0407366 0.0397778 0.00997591 -0.0562136 -0.00387217 -0.0234385 0.0556691 0.0298354 0.0213147 -0.0126585 0.0352146 0.0105912 -0.00679685 -0.0236569 -0.0348431 0.0413216 0.023951 0.00718183 -2.79047e-05 0.0182739 -0.0565901 0.0101933 -0.00517 0.040845 0.0118675 0.00626021 0.0300247 -0.0172805 0.0380508
internal_weight=14263.3 7456.14 6807.18 2367.41 5251.42 2204.72 982.881 4439.76 1261.01 998.034 1106.41 1026.3 485.017 324.337 781.125 533.272 103.04 716.993 63.3696 476.892 637.58 497.865 367.24 222.651 521.143 1221.84 933.541 288.298 277.6 50.9797
internal_count=1783532 1608074 175458 95744 1439019 169055 156349 79714 15953 11534 79791 13007 18149 15742 74558 66697 8055 8136 7219 5859 7348 138200 3794 2491 5675 12706 8274 4432 15194 557
is_linear=0
shrinkage=0.06


Tree=48
num_leaves=31
num_cat=0
split_feature=11 2 0 9 9 9 4 13 13 1 9 4 11 4 1 6 1 2 0 11 9 3 14 4 14 9 9 0 4 2
split_gain=5109.06 1239.64 1030.39 436.949 221.886 275.467 177.965 170.088 139.085 100.076 99.9532 86.4769 79.1859 59.6523 170.452 57.243 56.0223 48.6234 53.1121 44.7841 48.4253 41.3743 34.3327 33.9478 46.3284 32.8601 31.7195 30.1016 29.9514 43.5623
threshold=1.5000000000000002 0.79759037494659435 0.43650794029235845 0.75694981217384349 0.21085321903228763 0.50802230834960949 0.82097071409225475 1.0000000180025095e-35 1.0000000180025095e-35 1.0000000180025095e-35 0.64375689625740062 0.51668518781661998 1.0000000180025095e-35 0.41982863843441015 0.25176055729389196 1.5000000000000002 0.80874970555305492 0.25866188108921057 0.43650794029235845 1.0000000180025095e-35 0.19082633405923846 0.93788579106330883 2.5000000000000004 0.43288289010524755 2.5000000000000004 0.66028577089309703 0.47671405971050268 0.23611111193895343 0.99122807383537304 0.99450549483299266
decision_type=2 2 2 2 2 2 2 2 2 2 2 2 2 2 2 2 2 2 2 2 2 2 2 2 2 2 2 2 2 2
left_child=2 3 6 8 28 12 -1 10 9 -2 15 17 -6 14 -5 -3 23 26 -19 20 -8 -12 -14 -11 -25 -26 -10 -16 -4 -30
right_child=1 7 4 13 5 -7 19 -9 11 16 21 -13 22 -15 27 -17 -18 18 -20 -21 -22 -23 -24 24 25 -27 -28 -29 29 -31
leaf_value=-0.058756686661418568 0.0023578077220899204 -0.014636125693237139 0.028011599907111613 0.039115759641687585 -0.05839502566979788 0.068220476616509845 0.046657763017419689 0.060420945449388794 -0.024745771983524057 -0.051970267508747461 0.036465253631108432 0.044716188748820745 -0.058073157920837275 0.04928285696735913 -0.024772225088903071 0.029168818488357253 0.092537130721251054 -0.036927441099208487 0.090032749865920497 0.10910892493848177 -0.057932091286976975 0.062277832676080946 0.0053311529601374206 -0.047821872439200254 -0.010823250099029194 0.076034003987506732 0.019119168453144358 0.063190341434895048 -0.014749430902541896 0.014069936061126762
leaf_weight=4401.6244461592287 241.11836562911049 178.68415993847884 286.60239950404502 557.98553369287401 451.97866350389086 87.795312509639189 40.187175774481148 2970.1312220264226 80.451956989010796 543.61759340623394 603.56968378741294 144.27214970393106 40.60616201441735 376.87808339577168 244.71175253251567 269.17342832335271 11.028645902872084 203.73873227043077 12.595409920439122 19.239028835203499 26.409558330429718 355.04912856221199 126.59879268775694 138.12122160755098 85.67981055076234 19.193017528858036 226.22110166610219 14.855627827346323 264.70213469257578 658.6490773987025
leaf_count=1330635 15630 4777 4092 6450 135155 2304 465 60570 3304 115151 8131 2022 5693 5458 4674 3642 147 18946 107 734 7879 6486 6850 15520 6119 324 4475 153 3658 3981
internal_value=-0.00227497 0.0321216 -0.0413586 0.00170189 -0.00453638 -0.0312415 -0.0570881 0.0522814 -0.0177839 -0.0315146 0.0350928 0.0035908 -0.0453444 0.029534 0.0204301 0.0116917 -0.0417539 -0.00775369 -0.0295356 0.0284757 0.00518168 0.0460256 -0.0100668 -0.0436368 -0.0249933 0.0050727 0.00761173 -0.0197379 0.0110675 0.00580813
internal_weight=13681.5 7277.08 6404.39 2900.47 1916.93 706.979 4487.46 4376.61 1706.04 1038.76 1406.48 667.279 619.184 1194.43 817.553 447.858 797.64 523.007 216.334 85.8358 66.5967 958.619 167.205 786.612 242.994 104.873 306.673 259.567 1209.95 923.351
internal_count=1783532 282086 1501446 198480 161733 150002 1339713 83606 181745 152891 23036 28854 147698 16735 11277 8419 137261 26832 19053 9078 8344 14617 12543 137114 21963 6443 7779 4827 11731 7639
is_linear=0
shrinkage=0.06


Tree=49
num_leaves=31
num_cat=0
split_feature=10 2 2 9 12 9 10 12 3 9 4 0 1 10 4 1 9 4 1 4 13 0 10 12 3 0 2 13 9 9
split_gain=5548.85 1014.34 819.406 229.074 214.286 189.709 201.353 119.377 104.058 69.8508 53.8066 53.0446 51.0368 51.9749 42.5043 102.108 42.353 38.4493 37.6691 50.5618 37.5668 31.6781 31.3455 29.2905 28.235 46.6787 27.861 27.7478 35.8873 26.7319
threshold=0.64395171403884899 0.80982521176338207 0.79759037494659435 0.81364238262176525 0.45000000298023229 0.21085321903228763 0.48579499125480657 0.45000000298023229 0.94312667846679699 1.0000000180025095e-35 0.58123165369033825 0.30952382087707525 0.82574188709259044 0.97845596075057995 0.50373134016990673 0.25176055729389196 0.58191436529159557 0.2828571498394013 0.1490740776062012 0.3964285701513291 1.0000000180025095e-35 0.18333333730697635 0.97845596075057995 0.29166667163372045 0.25866188108921057 0.43650794029235845 0.94804319739341747 1.0000000180025095e-35 0.56212684512138378 0.46920476853847509
decision_type=2 2 2 2 2 2 2 2 2 2 2 2 2 2 2 2 2 2 2 2 2 2 2 2 2 2 2 2 2 2
left_child=1 9 3 7 8 -3 23 12 22 11 24 -1 13 18 15 -5 26 -17 -2 -20 21 -12 -4 -7 29 -26 -8 -11 -29 -9
right_child=2 5 4 14 -6 6 16 10 -10 27 20 -13 -14 -15 -16 17 -18 -19 19 -21 -22 -23 -24 -25 25 -27 -28 28 -30 -31
leaf_value=-0.057912367521046441 -0.0029338506322140702 0.0095154402234741836 0.012318801988964624 0.042729771674940457 0.060830796216562309 -0.057377880506784745 -0.026856726158011567 -0.018543798409245048 0.057974633512858115 -0.059666803206169274 0.054438821517658109 -0.0067481478691420738 0.094743843841916156 0.048831340264379915 0.054665426206452518 -0.039892916888521972 0.056844132663072269 0.01088320822518999 -0.05027599219236701 -0.013493996502619036 0.059991307571842657 -0.079776417884916628 0.052756497290600064 -0.00046625476797531213 -0.020723669272524482 0.069277905482926144 0.018734451239625489 -0.043737198681765864 0.05014324656879756 0.020776894546638745
leaf_weight=128.09865591931157 181.21979862870649 1207.0136754505802 641.78529464011081 439.63915012963116 3081.6947420798242 427.98841031524353 83.217433015350252 75.651414466788992 316.02179037034512 4168.9122274983674 11.371382668614389 169.43462871876545 13.426266473717986 34.383860107511282 242.6896163970232 79.561942742206156 60.759267345070839 165.0838329680264 313.32223225664347 235.7891710549593 115.38176329433918 14.282049598637967 77.323218435049057 35.236001427518204 214.28238530643284 22.969065502285957 114.85352237406187 105.84255203045905 17.015116523485631 351.18111773882993
leaf_count=33675 9249 10594 6807 4990 66881 126217 6314 642 5354 1384346 167 14504 141 210 4013 972 890 1798 55181 11682 1773 177 945 3293 4502 240 2759 20467 1523 3226
internal_value=-0.00223856 -0.0415443 0.0364225 0.00940385 0.0528972 -0.00503748 -0.0293647 -0.00446498 0.029278 -0.0568896 0.011732 -0.0287762 -0.0212236 -0.0232596 0.0330916 0.0254402 0.0130224 -0.00562984 -0.0266537 -0.0344818 0.0453899 -0.0202829 0.0166669 -0.0530488 0.00458394 -0.0120103 -0.000420203 -0.0588386 -0.0307353 0.0138077
internal_weight=13145.4 6518.37 6627.06 2510.24 4116.83 1929.07 722.055 1583.26 1035.13 4589.3 805.119 297.533 778.141 764.715 926.975 684.285 258.83 244.646 730.331 549.111 141.035 25.6534 719.109 463.224 664.084 237.251 198.071 4291.77 122.858 426.833
internal_count=1783532 1604582 178950 98963 79987 150067 139473 87190 13106 1454515 10727 48179 76463 76322 11773 7760 9963 2770 76112 66863 2117 344 7752 129510 8610 4742 9073 1406336 21990 3868
is_linear=0
shrinkage=0.06


Tree=50
num_leaves=31
num_cat=0
split_feature=10 0 2 12 10 8 1 1 12 8 14 3 2 2 14 8 8 12 10 11 1 2 2 1 6 1 10 2 8 10
split_gain=5122.98 991.398 782.677 303.563 193.215 214.144 106.116 102.4 100.699 85.8383 120.897 60.874 56.2629 56.0359 55.3748 48.8642 45.6425 39.4057 32.3621 43.6786 31.1713 47.0539 30.1139 28.4768 26.0185 25.9128 25.7549 25.1362 27.7972 24.2806
threshold=0.64395171403884899 0.43650794029235845 0.90070420503616344 0.90000000596046459 1.0000000180025095e-35 0.065591398626565947 0.60421237349510204 0.77459675073623668 0.35416667163372045 0.48684211075305944 2.5000000000000004 0.94312667846679699 0.22401433438062671 0.58380147814750682 2.5000000000000004 0.24404761940240863 0.67708334326744091 0.29166667163372045 0.97845596075057995 3.5000000000000004 0.51316702365875255 0.25176055729389196 0.6820855736732484 0.92907443642616283 2.5000000000000004 0.85270008444786083 0.95561030507087719 0.65030118823051464 0.12060606107115747 0.59776359796524059
decision_type=2 2 2 2 2 2 2 2 2 2 2 2 2 2 2 2 2 2 2 2 2 2 2 2 2 2 2 2 2 2
left_child=1 7 3 9 -3 29 12 -1 11 10 26 -4 16 -14 15 -7 -5 24 19 -11 21 -12 -23 27 -16 -21 -2 28 -9 -6
right_child=2 4 8 6 5 14 -8 23 -10 18 20 -13 13 -15 17 -17 -18 -19 -20 25 -22 22 -24 -25 -26 -27 -28 -29 -30 -31
leaf_value=-0.058818484239341835 -0.042848710983228129 0.00996024498441434 0.022335813556843571 0.016620135778903648 -0.056829654818309573 -0.051946897553579181 0.053673950145935394 -0.060199061963896357 0.061711228543223258 0.042612094874229477 0.017435135686736908 0.057373919354425214 -0.0071662381814944541 0.043237901211582261 -0.0051188713607565094 0.04464970093658259 0.05063284752800571 0.062510623484232183 0.039009440603606817 -0.0068201090838534715 0.018291121069008771 -0.044713254382100651 0.086012079630596233 0.047875714219642589 0.072641733605300726 0.056277361866524198 0.025229698606733169 -0.026065885664793127 0.29358400684913244 0.12821210861462271
leaf_weight=4125.3627151243854 412.03962208027951 1188.3290217565373 439.76539527950808 286.34270147746429 435.85225502611138 71.133745682425797 557.76769586396404 1.398950231727212 2536.1132635977119 92.499014755245298 103.99112069746479 300.47094687074423 332.8417432801798 104.28001569351181 97.853890161961317 25.650750374887139 281.82565160095692 77.095666980138049 129.0963507220149 387.66248050052673 258.86348118958995 115.14101996459067 6.7137153199873856 23.158152788411826 18.403860267717391 24.93844885751605 21.026071411557496 171.57936543598771 1.865916578331962 2.5678752998355767
leaf_count=1413637 46613 9752 5087 2301 141721 7459 11177 439 58666 1785 6081 5351 4163 1617 5714 485 4104 1045 1322 5947 6172 17860 201 814 177 357 146 23257 25 57
internal_value=-0.00220072 -0.0408712 0.0355553 0.0140221 -0.00495525 -0.0292835 0.0326859 -0.0567955 0.0560283 -0.00477498 -0.0165049 0.0365582 0.021041 0.0048582 0.0107032 -0.0263459 0.0334913 0.0292484 0.0121999 0.00534775 0.00407901 -0.0122108 -0.0375108 -0.0146466 0.00719081 -0.00300637 -0.0395434 -0.0229277 0.141993 -0.0557458
internal_weight=12631.6 6240.25 6391.38 3115.03 1916.89 728.558 1563.06 4323.37 3276.35 1551.97 917.775 740.236 1005.29 437.122 290.138 96.7845 568.168 193.353 634.196 505.1 484.709 225.846 121.855 198.002 116.258 412.601 433.066 174.844 3.26487 438.42
internal_count=1783532 1604582 178950 109846 166410 156658 23362 1438172 69104 86484 77073 10438 12185 5780 14880 7944 6405 6936 9411 8089 30314 24142 18061 24535 5891 6304 46759 23721 464 141778
is_linear=0
shrinkage=0.06


Tree=51
num_leaves=31
num_cat=0
split_feature=10 0 4 8 12 9 10 4 0 3 3 0 13 12 11 0 1 8 9 10 11 1 11 12 3 3 10 4 0 0
split_gain=4726.26 963.765 762.713 249.751 199.295 181.378 196.466 178.551 141.977 115.296 78.0578 68.9319 53.3465 48.3823 47.2654 46.291 98.7594 41.9811 36.5466 32.2576 29.9072 29.3487 28.8028 40.8931 27.3862 46.414 26.9123 26.6166 40.2799 35.6095
threshold=0.64395171403884899 0.43650794029235845 0.71307507157325756 0.69615384936332714 0.45000000298023229 0.22284295409917834 0.48022346198558813 0.82097071409225475 0.43650794029235845 0.25176055729389196 0.94312667846679699 0.15476191043853763 1.0000000180025095e-35 0.45000000298023229 4.5000000000000009 0.26785714924335485 0.21132376790046695 0.73030304908752453 0.53866082429885875 0.91772764921188366 1.5000000000000002 0.68870675563812267 2.5000000000000004 0.45000000298023229 0.81605800986289989 0.54446640610694896 0.7117014229297639 0.99122807383537304 0.77500000596046459 0.58571431040763866
decision_type=2 2 2 2 2 2 2 2 2 2 2 2 2 2 2 2 2 2 2 2 2 2 2 2 2 2 2 2 2 2
left_child=1 7 3 8 10 27 -7 -1 9 -2 11 26 19 -8 -14 16 -5 -13 -9 -11 24 -18 -10 -24 25 -20 -4 29 -29 -3
right_child=2 5 4 15 -6 6 13 18 22 12 -12 17 14 -15 -16 -17 21 -19 20 -21 -22 -23 23 -25 -26 -27 -28 28 -30 -31
leaf_value=-0.058416273003743011 0.0063228562646415118 0.0078095067454865396 0.205765467849958 0.048440203839229298 0.060777737613075353 -0.053796829553598734 -0.00371665453019934 0.016368547807454094 0.075873306648766237 -0.045906517440427973 0.056149633514874765 0.0061730921531293892 0.013055999937038482 0.05475980893144719 -0.040580325341002151 0.05720542878382464 -0.0071841415516713933 0.053964394457042604 0.098805439779821438 -0.0024972851347719086 0.092037745979741167 0.0553902805894936 -0.0032090703087581502 0.056030725010355456 0.15520120840465573 1.0537904296502476 0.06446848352138515 -0.047486517574652984 0.0073048920809354011 0.050700819789555526
leaf_weight=4001.1090745178517 713.49303937284276 172.71962445508689 5.2547515083570024 336.74470389634371 2664.2658968041651 434.4382727064658 177.87221341091208 77.301838763291016 59.678182329516858 407.36210785899311 272.41837099194527 547.89831065805629 169.86914185946807 71.375767086166888 90.741475830320269 254.43246405571699 241.2817802792415 75.25861082598567 0.31986193708143928 72.611720161978155 6.6014702622778714 30.381099253892899 81.328695212723687 86.636493947356939 0.90431998413987458 0.42886274657212198 63.430893836542964 51.162828437052667 863.86394601408392 116.81033939239569
leaf_count=1428931 21507 3753 55 4633 64592 140059 12646 9106 763 55121 5167 6470 5276 1112 2256 5287 1714 1001 16 1367 82 388 983 1670 10 27 700 304 7895 641
internal_value=-0.00216201 -0.0402023 0.034657 0.00947217 0.0523183 -0.00475142 -0.0294345 -0.0565823 -0.00399222 -0.0108901 0.0289447 0.0182325 -0.0274735 0.0130289 -0.00561952 0.035715 0.0267278 0.0119448 0.029183 -0.0393395 0.149188 -0.000186205 0.0400684 0.0273468 0.377417 0.645812 0.0752783 0.00925828 0.00424128 0.0251139
internal_weight=12148 5974.91 6173.09 2544.56 3628.53 1888.24 683.686 4086.67 1681.72 1454.08 964.261 691.843 740.584 249.248 260.611 862.84 608.408 623.157 85.5564 479.974 8.25451 271.663 227.643 167.965 1.65304 0.748725 68.6856 1204.56 915.027 289.53
internal_count=1783532 1604582 178950 100965 77985 166410 153817 1438172 88943 85527 13393 8226 64020 13758 7532 12022 6735 7471 9241 56488 135 2102 3416 2653 53 43 755 12593 8199 4394
is_linear=0
shrinkage=0.06


Tree=52
num_leaves=31
num_cat=0
split_feature=8 2 4 10 12 0 1 9 10 7 10 1 13 12 0 9 0 2 11 9 2 1 13 0 1 9 1 2 8 11
split_gain=4374.84 997.413 728.286 210.666 161.977 117.992 122.277 116.892 211.738 68.7696 76.9231 63.3465 58.3867 57.1684 49.5251 48.1166 42.7798 44.6897 40.5187 38.0421 35.9069 30.7705 28.4761 28.351 59.3758 27.0279 25.348 23.2951 22.607 36.1519
threshold=0.24404761940240863 0.80982521176338207 0.64932429790496837 0.97845596075057995 0.45000000298023229 0.43650794029235845 0.25176055729389196 0.24264069646596911 0.48579499125480657 1.0000000180025095e-35 0.62087112665176403 0.94609123468399059 1.0000000180025095e-35 0.29166667163372045 0.30952382087707525 0.61422947049140941 0.11805555596947671 0.80982521176338207 3.5000000000000004 0.81364238262176525 0.94804319739341747 0.81284341216087352 1.0000000180025095e-35 0.15476191043853763 0.21132376790046695 0.40685302019119268 0.94609123468399059 0.56980520486831676 0.73030304908752453 2.5000000000000004
decision_type=2 2 2 2 2 2 2 2 2 2 2 2 2 2 2 2 2 2 2 2 2 2 2 2 2 2 2 2 2 2
left_child=1 9 3 5 11 6 19 22 -9 10 -1 16 20 15 -11 -10 -4 -18 -14 -2 -8 -12 26 24 25 -5 -3 -7 29 -19
right_child=2 7 4 23 -6 27 12 8 13 14 21 -13 18 -15 -16 -17 17 28 -20 -21 -22 -23 -24 -25 -26 -27 -28 -29 -30 -31
leaf_value=-0.059423324828148889 4.4348613084710694e-05 0.0031106527330716518 0.068696151786512893 -0.047753591251240776 0.060473105489181007 -0.025969959517679001 -0.043850459552128462 -0.05294782017045005 -0.016307852677903471 -0.057430043144295534 -0.028102786109372106 0.059329459453691551 0.031125025344261276 0.043367082602965019 -0.0050670021900904895 0.049777561986905403 -0.023710373402004319 0.045106359330759689 -0.019199232979881315 0.030052766722178079 0.078307167933364244 0.13624862706965646 0.11427292804007144 0.060703171513015637 0.0027276497878922891 0.05155635355985088 0.024317886600167822 0.053706039947112254 0.053532862069718516 0.0073948743035733922
leaf_weight=3484.4843911842909 511.07552631269209 951.96444429433905 63.145623135846108 10.238873213529585 2583.9786607762799 14.548759873025118 391.40744271292351 387.51734206965193 244.93392657232471 107.73293837183155 253.38575726305135 211.70212451741099 77.835600694641471 121.47599230357446 164.02666026097722 47.326855822699144 84.390211505815387 128.23394204233773 221.51950109866448 216.51140784565359 8.8584621828049404 4.1684637726284555 9.0818018601275963 157.56404800340533 166.58900937065482 270.72132270783186 257.85669080563821 143.59048197418451 76.266546163707972 319.5821975544095
leaf_count=1367176 19296 11658 712 50 66063 200 56487 126504 9644 33675 40217 4184 2895 2035 14491 513 1341 1347 5117 2036 68 46 114 3456 1124 3840 2001 2192 1114 3936
internal_value=-0.00212207 -0.0376618 0.0357808 0.00869712 0.0528909 -0.00279863 -0.00824733 -0.00327653 -0.0210778 -0.0549681 -0.0570845 0.0307106 -0.0261571 0.00877255 -0.0258251 -0.0056064 0.0216896 0.0168114 -0.00611438 0.00897409 -0.0411469 -0.0254428 0.00842525 0.038815 0.0311091 0.0479373 0.00763068 0.0463759 0.0233364 0.0181937
internal_weight=11691.7 6033.96 5657.76 2190.46 3467.3 1585.35 1427.21 2020.16 801.254 4013.8 3742.04 883.321 699.621 413.737 271.76 292.261 671.619 608.473 299.355 727.587 400.266 257.554 1218.9 605.113 447.549 280.96 1209.82 158.139 524.083 447.816
internal_count=1783532 1608074 175458 96761 78697 88291 85899 152469 138696 1455605 1407439 12634 64567 12192 48166 10157 8450 7738 8012 21332 56555 40263 13773 8470 5014 3890 13659 2392 6397 5283
is_linear=0
shrinkage=0.06


Tree=53
num_leaves=31
num_cat=0
split_feature=8 0 4 4 12 12 9 10 0 4 10 12 3 0 9 0 13 10 2 8 11 9 10 10 11 10 11 4 2 0
split_gain=4030.95 970.523 699.269 235.779 203.85 144.405 116.359 219.782 89.8903 75.865 72.26 67.1209 65.8981 54.4402 46.3604 42.8292 40.948 38.39 37.5422 33.7345 32.4591 30.4089 29.2573 28.6668 28.5011 27.6835 25.4462 24.3271 36.7381 32.0528
threshold=0.24404761940240863 0.43650794029235845 0.69309264421463024 0.83176100254058849 0.90000000596046459 0.45000000298023229 0.22284295409917834 0.46882475912570959 0.26785714924335485 1.0000000180025095e-35 0.79324594140052807 0.29166667163372045 0.94312667846679699 0.43650794029235845 0.6080540418624879 0.26785714924335485 1.0000000180025095e-35 0.51358735561370861 0.78629976511001598 0.67708334326744091 2.5000000000000004 0.24666429311037066 0.99758455157279979 0.97845596075057995 3.5000000000000004 0.61583185195922863 3.5000000000000004 0.99122807383537304 0.99450549483299266 0.58571431040763866
decision_type=2 2 2 2 2 2 2 2 2 2 2 2 2 2 2 2 2 2 2 2 2 2 2 2 2 2 2 2 2 2
left_child=1 3 4 25 10 12 27 -8 9 19 13 14 15 -2 -9 -4 22 21 -17 -6 -15 -5 -11 -12 -18 -1 -24 29 -29 -3
right_child=2 6 5 17 8 -7 7 11 -10 16 23 -13 -14 20 -16 18 24 -19 -20 -21 -22 -23 26 -25 -26 -27 -28 28 -30 -31
leaf_value=-0.058555859318045439 -0.040440809265427223 0.0073587821296306997 0.066835067424193123 0.042827984911773073 0.01935058921191346 0.060520952343574699 -0.05402453805494644 -0.016684761199224223 0.057276175105236297 -0.051215683039437895 -0.0040966936229270366 0.046193788447405147 0.058681281920569324 0.14685481153982105 0.049281187001023456 -0.035105415904630607 0.040131850307892604 0.091828408917943416 0.020049290295448257 0.052013077763298762 0.0032908033438373528 -0.044918709519544575 -0.14371891916684548 0.028890233995465347 0.00085739165378751598 -0.037605255119836319 0.041489729500376993 -0.015030642327989396 0.011457466976706552 0.047896291493154323
leaf_weight=3453.1020128906239 296.42230115132406 174.63554481742904 64.080634691519663 39.444309398066252 234.83599169296212 2375.0018256190233 379.25862773950212 248.80858578463085 266.99604504276067 77.116226399317384 647.96268778480589 123.48060626722872 226.34428998455405 8.465103621361779 45.343681600643322 49.051574431825429 87.563269867561758 32.439793973928317 471.34398417780176 220.93053898215294 17.167709687259048 22.231728331651539 3.0009308047592667 111.10351734608412 276.77357933972962 243.03559345309623 24.258613433688879 265.57993015018292 649.50807811552659 117.44021078641526
leaf_count=1388387 62567 3777 795 680 2000 64419 137516 16047 6150 1880 17128 2157 4792 95 629 806 1556 555 5544 3675 382 6820 17 951 2496 42577 205 4044 4230 655
internal_value=-0.00208023 -0.0369347 0.0349191 -0.0547903 0.0094924 0.0530571 -0.00316459 -0.0209589 0.0266099 0.0177532 -0.00937232 0.00906853 0.0311945 -0.0331866 -0.00651609 0.02055 0.000804356 0.0389902 0.0148505 0.0351836 0.0507021 0.0111988 -0.032329 0.000731559 0.0102965 -0.0571783 0.0211006 0.00858205 0.00377 0.0236584
internal_weight=11252.7 5794.31 5458.42 3790.25 2272.6 3185.82 2004.06 796.892 1191.48 924.479 1081.12 417.633 810.82 322.055 294.152 584.476 468.713 94.1158 520.396 455.767 25.6328 61.676 104.376 759.066 364.337 3696.14 27.2595 1207.16 915.088 292.076
internal_count=1783532 1608074 175458 1439019 99102 76356 169055 156349 17979 11829 81123 18833 11937 63044 16676 7145 6154 8055 6350 5675 477 7500 2102 18079 4052 1430964 222 12706 8274 4432
is_linear=0
shrinkage=0.06


Tree=54
num_leaves=31
num_cat=0
split_feature=8 2 4 10 14 12 10 6 7 12 1 7 12 0 8 14 11 10 1 0 2 4 0 11 1 4 0 4 2 10
split_gain=3715.59 990.345 606.903 157.114 182.419 148.081 111.775 110.505 82.7342 80.6221 57.3556 55.2811 69.7652 47.2049 43.319 42.0542 41.8607 39.8105 35.1016 32.7388 36.9166 45.5343 40.1976 33.4166 31.2604 31.8315 48.3026 40.4694 31.0079 29.0653
threshold=0.28174604475498205 0.80982521176338207 0.62593284249305736 0.97845596075057995 2.5000000000000004 0.45000000298023229 0.62087112665176403 1.5000000000000002 1.0000000180025095e-35 0.22500000149011615 0.92403846979141246 1.0000000180025095e-35 0.29166667163372045 0.30952382087707525 0.42481203377246862 2.5000000000000004 3.5000000000000004 0.85201290249824535 0.81284341216087352 0.11805555596947671 0.95861870050430309 0.95119047164917003 0.91666665673255932 3.5000000000000004 0.94609123468399059 0.97868481278419506 0.58571431040763866 0.83484846353530895 0.6291005313396455 0.4874474853277207
decision_type=2 2 2 2 2 2 2 2 2 2 2 2 2 2 2 2 2 2 2 2 2 2 2 2 2 2 2 2 2 2
left_child=1 6 3 4 14 10 8 11 -1 24 19 12 29 -10 -2 -14 -6 -18 -8 -4 21 28 23 -22 25 26 27 -9 -21 -3
right_child=2 7 5 -5 16 -7 18 9 13 -11 -12 -13 15 -15 -16 -17 17 -19 -20 20 22 -23 -24 -25 -26 -27 -28 -29 -30 -31
leaf_value=-0.059233745041308204 -0.041316661735849296 -0.058629031643523358 0.064095973684041879 0.036462060602354615 0.044252152096136164 0.059941828663667464 -0.023704690516357738 -0.042084455716798322 -0.057068165134688841 0.05485150158793748 0.055197768968355161 0.00049438189685395699 -0.063967821861562899 -0.0038908487593660212 -0.010967795015161444 0.040794400659481311 -0.022916716774439325 0.02117360065416294 0.12357436420211128 -0.089395866281662531 0.023103942285870437 -0.041489974647693648 0.045904934450343222 -0.067151109339426529 0.021355865367371222 -0.0075999918168158714 0.041701636211066283 0.041632031196338043 0.020136824082494578 -0.023994732599608572
leaf_weight=3125.9173531881534 257.61741742189042 216.33299248688854 53.851694284006953 553.88773775845766 208.9418631256558 2294.6113565703854 351.49361533089541 63.178098524454981 96.040037563303486 124.37511542881839 229.0577094592154 282.14681114349514 17.761670199455693 160.56365623045713 493.96852102922276 61.758046380244195 94.351031385129318 337.24299546610564 5.9238790189847341 9.8055014358833414 41.157180242240429 71.742661782773212 182.92404474318027 23.032560624182224 288.85924891661853 697.71243999945 132.1093353019096 30.981798141263425 182.06010576221161 146.16757489694282
leaf_count=1375098 38901 85402 652 8149 7958 65701 53635 6910 33675 2687 4857 4116 1357 14491 10972 2478 4923 4047 70 226 446 769 2719 311 7707 31048 3925 1219 1744 7339
internal_value=-0.00203896 -0.0347688 0.0356779 0.00943408 -0.00131962 0.052215 -0.0531734 -0.00137741 -0.0565452 0.00884568 0.0298746 -0.0202549 -0.0334995 -0.0237937 -0.0213703 0.0173945 0.0222073 0.011535 -0.0212637 0.0196006 0.0149089 -0.000709614 0.0315699 -0.00928137 0.00412785 -0.00125805 0.0182976 -0.0145389 0.014539 -0.0446638
internal_weight=10835.6 5801.32 5034.25 1946.01 1392.12 3088.24 3739.94 2061.38 3382.52 1337.22 793.631 724.167 442.02 256.604 751.586 79.5197 640.536 431.594 357.417 564.574 510.722 263.608 247.114 64.1897 1212.84 923.982 226.269 94.1599 191.866 362.501
internal_count=1783532 1631157 152375 74950 66801 77425 1476969 154188 1423264 53496 11724 100692 96576 48166 49873 3835 16928 8970 53705 6867 6215 2739 3476 757 50809 43102 12054 8129 1970 92741
is_linear=0
shrinkage=0.06


Tree=55
num_leaves=31
num_cat=0
split_feature=10 7 2 12 2 4 12 0 2 10 9 3 14 10 13 13 10 4 2 9 4 9 10 12 10 14 14 10 13 0
split_gain=3417.25 875.749 690.683 226.992 153.655 117.266 116.453 95.2739 90.4907 86.0342 72.0186 55.4689 54.5678 45.5931 44.0672 37.9944 78.5356 36.9295 40.2078 35.2753 31.8413 30.6569 43.0121 28.8064 28.0082 27.7113 26.9604 26.3951 35.4501 25.1362
threshold=0.62612760066986095 1.0000000180025095e-35 0.90070420503616344 0.90000000596046459 0.93405798077583324 0.41982863843441015 0.35416667163372045 0.30952382087707525 0.22401433438062671 0.45910002291202551 0.73860013484954845 0.94312667846679699 2.5000000000000004 0.97067421674728405 1.0000000180025095e-35 1.0000000180025095e-35 0.90422871708869945 0.3964285701513291 0.25866188108921057 0.5278482735157014 0.47913043200969702 0.64375689625740062 0.75490951538085949 0.29166667163372045 0.92762354016304027 2.5000000000000004 2.5000000000000004 0.96379300951957714 1.0000000180025095e-35 0.23611111193895343
decision_type=2 2 2 2 2 2 2 2 2 2 2 2 2 2 2 2 2 2 2 2 2 2 2 2 2 2 2 2 2 2
left_child=1 4 3 10 14 8 11 -3 19 23 12 -4 13 -2 -1 16 -7 18 -14 -5 -16 24 -23 -6 -19 -12 -22 28 -21 -10
right_child=2 7 6 5 9 15 -8 -9 29 -11 25 -13 17 -15 20 -17 -18 21 -20 27 26 22 -24 -25 -26 -27 -28 -29 -30 -31
leaf_value=-0.058834986258329114 -0.035234733591067352 -0.053877868130996806 0.018188409229681426 -0.0089764641094056893 -0.053482588221110308 -0.053279212230700923 0.060586482203462598 0.0062722422517380921 -0.015895925398932944 0.019773059974102961 0.0006209772689783384 0.054077995913732337 0.0062453142073531313 0.028898130319827318 -0.052206820482382392 0.056883731864333389 0.056525708710513066 -0.0036279406480583341 -0.046338059631493185 -0.0097251440217611864 -0.049413633171626767 0.12787746616186643 0.014285637694785509 0.033421458983618632 0.074885927559004514 0.028286797694629415 0.04016379526867199 0.05055320846270342 0.039754936665417941 0.056513539264186383
leaf_weight=3157.439357573865 452.60749901970848 102.14404036523774 418.51342290174216 74.467909082304686 134.72861228697002 37.092523362021893 1937.6399546563625 1318.3218710417859 295.77242413558997 148.71934078098275 332.61860314384103 246.24681042507291 109.95004240446724 43.76494799181819 56.89338765013963 450.0232339897193 63.750979818403721 161.59244721778668 99.927989845629781 83.570131813874468 17.755270233144984 19.221284917090088 31.944534546229988 15.289608530467374 18.198791554197669 214.32177446270362 37.947050105547532 217.22134524956346 138.54157826351002 18.328324696980417
leaf_count=1455733 54717 34340 5198 701 49010 567 58815 22742 4077 5209 7196 5402 7252 333 19194 11002 1463 5556 20421 751 1176 638 458 945 193 3839 1254 3842 1218 290
internal_value=-0.0019948 -0.0378975 0.0307805 0.0104445 -0.0537567 0.027973 0.0531522 0.00194692 0.0136997 -0.0125662 -0.00583948 0.031483 -0.0159364 -0.0295802 -0.0575197 0.0494245 0.016137 -0.00057367 -0.0187909 0.0292093 -0.0206356 0.0159809 0.0569583 -0.0446255 0.00431937 0.011462 0.0116107 0.0356818 0.0211379 -0.0116707
internal_weight=10454.6 4989.24 5465.32 2862.92 3568.77 1378.77 2602.4 1420.47 827.902 298.738 1484.15 664.76 937.208 496.372 3270.04 550.867 100.844 440.835 209.878 513.801 112.596 230.957 51.1658 150.018 179.791 546.94 55.7023 439.333 222.112 314.101
internal_count=1783532 1589603 193929 124514 1532521 23911 69415 57082 10879 55164 100603 10600 89568 55050 1477357 13032 2030 34518 27673 6512 21624 6845 1096 49955 5749 11035 2430 5811 1969 4367
is_linear=0
shrinkage=0.06


Tree=56
num_leaves=31
num_cat=0
split_feature=8 0 4 4 10 14 13 7 8 14 8 3 8 14 0 4 10 10 4 2 8 7 13 0 1 8 6 2 0 3
split_gain=3159.19 857.496 652.962 201.193 166.135 188.273 105.8 102.571 172.575 75.5347 64.2078 54.5071 52.0329 58.9664 45.0337 52.0217 36.9847 35.8977 35.4224 60.809 34.4311 47.633 34.3115 32.8873 52.634 30.9783 31.4706 29.3576 28.0347 26.2061
threshold=0.21980676054954532 0.43650794029235845 0.69309264421463024 0.79205974936485302 0.97845596075057995 2.5000000000000004 1.0000000180025095e-35 1.0000000180025095e-35 0.054093567654490478 2.5000000000000004 0.42481203377246862 0.94312667846679699 0.73030304908752453 2.5000000000000004 0.43650794029235845 1.0000000180025095e-35 0.59776359796524059 0.75490951538085949 0.3964285701513291 0.28730159997940069 0.054093567654490478 1.0000000180025095e-35 1.0000000180025095e-35 0.15476191043853763 0.21132376790046695 0.39444445073604589 1.5000000000000002 0.93127068877220165 0.26785714924335485 0.78456193208694469
decision_type=2 2 2 2 2 2 2 2 2 2 2 2 2 2 2 2 2 2 2 2 2 2 2 2 2 2 2 2 2 2
left_child=1 3 4 -1 5 10 11 8 16 -10 -2 12 13 25 15 -7 -3 29 19 -17 21 -5 27 24 -6 26 -4 -11 -22 -15
right_child=2 7 6 20 23 14 -8 -9 9 22 -12 -13 -14 17 -16 18 -18 -19 -20 -21 28 -23 -24 -25 -26 -27 -28 -29 -30 -31
leaf_value=-0.057669473285643008 -0.04171019411574628 -0.056381720861241019 -0.072013756896023448 -0.054835019264527003 0.043882543672089692 0.033948910839271047 0.059099072671682927 0.0074013515668302308 -0.046478920069467543 -0.01979421761241551 -0.0083837878325385817 0.05692326973104745 0.056602695204791505 0.1275620418859342 0.052200737086166446 0.016370557171494798 0.13950930346111287 0.02450419237557076 0.025173635607692882 -0.039726248592050165 0.12783067999827 0.037275540963819943 0.054646023280080641 0.058952344885959372 0.00027554381902851341 0.0095908984464951035 0.0049648168406981018 0.025114441889325489 0.021618447991815389 0.044620594520120037
leaf_weight=3041.6123793639708 346.07920489250682 314.44923346396536 41.75544914463535 33.661720523610711 248.9558727145195 254.97535574855283 1849.8655148791149 1175.5171803198755 78.485002545174211 85.307267865166068 522.08060385799035 283.51934483833611 153.40372918732464 22.497892563696951 122.96667024213821 134.38208287069574 3.5084442468360058 251.67365420795977 130.87514532241039 144.22807008866221 16.594374214066193 50.580994563642889 75.468630829825997 153.24777326546609 166.14513454027474 159.06457253405824 35.26760006765835 135.86488500796258 19.411791474325582 35.124778067693114
leaf_count=1408233 60946 139572 1096 14795 3899 4106 58350 9747 8637 6597 11548 7577 3608 276 2091 6524 52 3788 3558 14792 460 757 1223 4089 1188 2139 391 2146 1054 293
internal_value=-0.00195202 -0.0356165 0.0315417 -0.0546601 0.00720921 -0.0023992 0.0506485 -0.00339268 -0.0217001 0.00586401 -0.0216689 0.0347344 0.0257317 0.0170484 0.0188461 0.0126734 -0.0542202 0.034285 -0.000574202 -0.0126691 0.0214598 0.000469985 0.0197129 0.0351983 0.0264287 -0.0055331 -0.0367665 0.00779293 0.0705691 0.0770038
internal_weight=10086.6 5030.46 5056.11 3161.86 2223.94 1655.59 2832.17 1868.6 693.083 375.126 868.16 982.307 698.788 545.384 787.427 664.461 317.958 309.296 409.485 278.61 120.249 84.2427 296.641 568.349 415.101 236.088 77.023 221.172 36.0062 57.6227
internal_count=1783532 1593273 190259 1425299 112741 103565 77518 167974 158227 18603 72494 19168 11591 7983 31071 28980 139624 4357 24874 21316 17066 15552 9966 9176 5087 3626 1487 8743 1514 569
is_linear=0
shrinkage=0.06


Tree=57
num_leaves=31
num_cat=0
split_feature=8 3 4 12 10 12 10 10 10 10 3 0 3 11 4 4 8 1 0 10 2 4 0 8 11 1 0 0 1 11
split_gain=2913.25 938.97 472.19 137.442 128.957 123.588 136.911 169.853 104.679 75.8885 58.9488 57.0331 66.8758 43.6758 43.3054 64.8842 40.7372 39.2443 38.8871 35.6774 30.3637 37.8803 33.2033 29.6605 40.9214 27.4793 26.8243 25.9784 55.1329 25.126
threshold=0.32666666805744177 0.66312056779861461 0.62593284249305736 0.45000000298023229 0.62087112665176403 0.29166667163372045 0.20463493466377261 0.48397369682788854 0.97845596075057995 1.0000000180025095e-35 0.93788579106330883 0.43650794029235845 0.27639257907867437 2.5000000000000004 1.0000000180025095e-35 0.35948719084262853 0.16333333402872088 0.80874970555305492 0.43650794029235845 0.86505654454231273 0.14459930360317233 0.45222154259681707 0.10555555671453477 0.73030304908752453 2.5000000000000004 0.83096903562545787 0.15476191043853763 0.15476191043853763 0.21132376790046695 1.5000000000000002
decision_type=2 2 2 2 2 2 2 2 2 2 2 2 2 2 2 2 2 2 2 2 2 2 2 2 2 2 2 2 2 2
left_child=1 4 8 10 9 6 -3 -8 11 18 23 12 -2 16 -14 -16 29 20 25 -15 -6 -22 -23 24 -4 -1 -26 28 -10 -9
right_child=2 5 3 -5 17 -7 7 13 27 -11 -12 -13 14 19 15 -17 -18 -19 -20 -21 21 22 -24 -25 26 -27 -28 -29 -30 -31
leaf_value=-0.050979064831593583 0.0094906254104712567 0.0075943561799827093 0.046556181279952064 0.059492742811910623 0.0037865449636451782 0.040388404431944303 -0.056353224535388803 0.004308705744270688 0.045173693787142019 -0.059042138798984165 0.057904519052313252 0.042747239075508668 0.049069643477032049 -0.053035234629888094 -0.046661571247803735 0.00017408113329229013 0.034655310260041636 0.11887537406993622 -0.0028097659625250034 0.048491818424948263 -0.048886460985124613 0.04185616120237657 -0.026040642217251851 0.051262680612079135 0.0539429999311027 0.78974676705831903 -0.004530038031175355 0.058809102352305159 -0.00068594749125240693 -0.050678646572763879
leaf_weight=116.9509532477241 654.45016316743568 1157.0619281778345 91.043698084540665 1903.66719648242 109.50598925328813 239.79075558949262 343.53572484781034 125.84370167297311 229.55151938274503 2587.4955119724618 174.31084768101573 108.48385220742784 30.200898729497567 74.032886015949771 233.0689809655305 196.06229943200015 147.12280946783721 7.0696479298640034 136.07894910685718 14.982017205562441 202.2982521019876 35.748704849509522 94.393849622923881 78.147540934383869 31.232105756178498 0.14012610167264838 295.16404134151526 114.6610073056072 160.26061998680234 39.245130435330793
leaf_count=42744 15334 11921 1045 64472 7697 8989 157045 8339 3850 1347215 4568 1690 498 2541 21501 7669 2341 93 3508 172 51506 1997 4984 1188 399 4 3480 3176 1087 2479
internal_value=-0.00191176 -0.0311227 0.0349818 0.0512674 -0.0512516 -0.000203288 -0.00532128 -0.025387 0.0107093 -0.0559746 0.0278934 0.00121843 -0.00282654 0.00112673 -0.0203759 -0.0252632 0.0116969 -0.021372 -0.0246227 -0.0359473 -0.0236154 -0.0326417 -0.00739015 0.0173377 0.0109867 -0.0499729 0.00106511 0.0337042 0.0263198 -0.00876296
internal_weight=9731.6 5431.3 4300.3 2573.57 3289.68 2141.61 1901.82 744.762 1726.74 2840.67 669.898 1222.27 1113.78 401.227 459.332 429.131 312.212 449.016 253.17 89.0149 441.947 332.441 130.143 495.587 417.44 117.091 326.396 504.473 389.812 165.089
internal_count=1783532 1653575 129957 75152 1459748 193827 184838 172917 54805 1393471 10680 46692 45002 15872 29668 29170 13159 66277 46256 2713 66184 58487 6981 6112 4924 42748 3879 8113 4937 10818
is_linear=0
shrinkage=0.06


Tree=58
num_leaves=31
num_cat=0
split_feature=8 3 1 12 10 12 9 10 14 10 7 3 14 14 14 1 3 0 9 0 9 1 11 8 11 8 1 8 3 10
split_gain=2674.37 896.204 452.527 137.241 129.515 111.315 126.318 161.455 84.3793 94.2076 77.3219 61.9612 56.589 51.2788 42.0237 42.022 39.1864 37.2726 31.4136 30.2631 30.2203 29.684 29.682 34.4967 29.2097 41.342 28.196 29.4506 28.035 23.6165
threshold=0.32666666805744177 0.66312056779861461 0.60421237349510204 0.45000000298023229 0.62087112665176403 0.29166667163372045 0.19082633405923846 0.48397369682788854 2.5000000000000004 0.97845596075057995 1.0000000180025095e-35 0.93788579106330883 2.5000000000000004 2.5000000000000004 2.5000000000000004 0.21132376790046695 0.44843699038028723 0.43650794029235845 0.56615138053894054 0.41428571939468389 0.83087757229805004 0.81284341216087352 2.5000000000000004 0.73030304908752453 2.5000000000000004 0.19523809850215915 0.25176055729389196 0.92582416534423839 0.27639257907867437 0.7117014229297639
decision_type=2 2 2 2 2 2 2 2 2 2 2 2 2 2 2 2 2 2 2 2 2 2 2 2 2 2 2 2 2 2
left_child=1 4 8 11 10 6 -3 -8 9 20 -1 22 24 -7 -6 -11 -17 -12 -14 26 28 -16 29 -24 25 -9 -10 -28 -2 -4
right_child=2 5 3 -5 14 13 7 12 19 15 17 -13 18 -15 21 16 -18 -19 -20 -21 -22 -23 23 -25 -26 -27 27 -29 -30 -31
leaf_value=-0.0589577268688583 -0.011458961286661443 0.0071733600918369072 0.1237210149448624 0.057794670551577491 -0.043818712787659017 -0.026314613146135098 -0.056271628660892921 -0.049490056640166431 0.031821503701116388 0.044094336161474935 -0.04946246401955489 0.058059161961408395 0.00089175757927104408 0.05073930945958828 -0.0087859956887794462 -0.027609958357461183 0.042203873943019908 -0.0026365615711303001 0.043155858973049972 0.061595883668695513 0.0060889138882767278 0.12561348184957771 0.0011767115284723451 0.045781850454684206 -0.076987358500291772 0.041237810871396358 -0.0031656910992603547 0.057779069395440488 -0.041396752634570419 0.034889177273701312
leaf_weight=2440.2400667190086 269.61478975228965 1159.442388896714 12.531971941469235 1903.1156417289749 170.9646134772338 36.861958414083347 323.55244206788484 44.883419926045462 339.42331316298805 172.28794317319989 111.40831069764681 166.94158170372248 185.65882227895781 198.64124537818134 262.11788402800448 78.010089706629515 46.017359483987093 135.77615794353187 96.071778228390031 73.080494395922869 162.83609012048692 6.0526241576299062 344.10793675645255 76.248840549960732 38.906264009769075 30.277309534139931 210.96943740639836 33.011118626222014 193.36778738349676 76.808057888876647
leaf_count=1347229 10053 11950 149 66144 35455 2494 157047 5771 4826 2963 42739 4582 6381 6495 30742 548 931 3503 1364 1643 2167 80 4914 1190 1830 495 7063 450 21394 940
internal_value=-0.00187017 -0.0303788 0.0340596 0.0495429 -0.0507822 -0.00020678 -0.00508098 -0.0248324 0.0087572 -0.00294711 -0.0557186 0.0263338 0.000868169 0.0386785 -0.0205725 0.0249234 -0.00170724 -0.0237414 0.0153041 0.0251977 -0.0161433 -0.00575259 0.0159427 0.00926767 -0.0347866 -0.0129418 0.0206383 0.00508027 -0.0239627 0.0473499
internal_weight=9399.23 5240.86 4158.37 2579.75 3126.56 2114.3 1878.79 719.35 1578.62 922.134 2687.42 676.638 395.798 235.503 439.135 296.315 124.027 247.184 281.731 656.484 625.819 268.171 509.697 420.357 114.067 75.1607 583.404 243.981 462.983 89.34
internal_count=1783532 1653575 129957 77919 1459748 193827 184838 172888 52038 38056 1393471 11775 15841 8989 66277 4442 1479 46242 7745 13982 33614 30822 7193 6104 8096 6266 12339 7513 31447 1089
is_linear=0
shrinkage=0.06


Tree=59
num_leaves=31
num_cat=0
split_feature=10 9 2 9 2 14 10 2 11 4 1 13 13 4 2 3 10 9 13 14 10 10 9 1 13 6 3 6 11 4
split_gain=2452.24 782.725 602.231 164.141 126.38 85.1913 84.2673 82.3522 81.826 69.0073 97.9971 65.5174 42.227 38.367 53.208 37.1377 34.7829 34.7633 29.3803 27.9462 26.1667 39.0813 36.504 25.4798 25.2858 24.0156 22.4747 22.4661 21.6504 20.8838
threshold=0.61583185195922863 0.19082633405923846 0.91331186890602123 0.75694981217384349 0.90070420503616344 2.5000000000000004 0.97067421674728405 0.62418830394744884 1.0000000180025095e-35 0.41982863843441015 0.27812939882278448 1.0000000180025095e-35 1.0000000180025095e-35 0.3964285701513291 0.25176055729389196 0.99450549483299266 0.94461485743522655 0.30807501077651983 1.0000000180025095e-35 2.5000000000000004 0.75490951538085949 0.87737199664115917 0.62090381979942333 0.59299960732460033 1.0000000180025095e-35 1.0000000180025095e-35 0.19433516263961795 1.0000000180025095e-35 2.5000000000000004 0.30368906259536749
decision_type=2 2 2 2 2 2 2 2 2 2 2 2 2 2 2 2 2 2 2 2 2 2 2 2 2 2 2 2 2 2
left_child=1 7 3 5 18 6 12 -1 -6 10 -5 15 26 14 -7 16 -4 -15 -3 -10 22 -22 -19 -20 27 -16 -2 -11 -24 -12
right_child=2 4 11 9 8 13 -8 -9 19 24 29 -13 -14 17 25 -17 -18 20 23 -21 21 -23 28 -25 -26 -27 -28 -29 -30 -31
leaf_value=-0.053717713087031813 -0.016900373204694143 -0.059006977118556063 0.016218901209417946 0.027026282890527952 -0.05297300878891157 0.015226021164889735 0.026696891576257643 0.0051848403253554323 -0.02684534309561061 0.056939533052860092 -0.040990241288845097 0.059284818289160136 -0.0058897141534375915 -0.039582629036799648 -0.036746006112468803 0.056427242720136689 0.050399252958875054 0.023484819474547985 -0.049918576126002069 0.025549757714800309 -0.0053911076527325096 0.043455283988782123 0.12419218791427988 0.017226289551515339 0.050687409644462375 0.059212351223814429 -0.047937626472262539 0.013408157527656521 0.037694035839800515 -0.0034863803915729987
leaf_weight=91.379636411322281 117.43768584181089 2437.6726713264361 326.04088480258361 490.49212998524308 129.87933883222286 217.95728753658477 121.26820272020996 1316.7296470884467 52.264693339122459 57.593306791037321 103.55165916564874 1369.5451842257753 207.07463610288687 29.297267663758248 146.74803938681725 236.99590775743127 159.66894113458693 64.021051896153949 50.901001978898421 122.64456182788126 127.09893137775362 110.0009523127228 29.560934961424209 33.893317259615287 340.79968199227005 10.031025421107186 294.90229133330286 164.82514927303419 16.086005738354288 110.47895817179233
leaf_count=35486 8414 1427699 4734 7049 62907 8627 1679 27437 2953 1003 2374 51360 6438 876 24594 7011 4380 3989 18871 3043 2202 2065 810 2046 10340 496 49912 2163 462 2112
internal_value=-0.00182724 -0.0351866 0.0272957 0.00888755 -0.0533897 -0.0046043 -0.0190416 0.00136234 -0.0168957 0.0247606 0.0122443 0.051572 -0.0279962 0.00963842 -0.00394897 0.0369559 0.0274551 0.0231778 -0.0577993 0.00989356 0.0284802 0.0172709 0.0527146 -0.02308 0.040417 -0.0306064 -0.039098 0.0246802 0.0937102 -0.0216314
internal_weight=9086.84 4235.36 4851.48 2759.23 2827.26 1491.48 740.683 1408.11 304.789 1267.74 704.523 2092.25 619.415 750.801 374.736 722.706 485.71 376.065 2522.47 174.909 346.768 237.1 109.668 84.7943 563.218 156.779 412.34 222.418 45.6469 214.031
internal_count=1783532 1580442 203090 135605 1517519 110564 66443 62923 68903 25041 11535 67485 64764 44121 33717 16125 9114 10404 1448616 5996 9528 4267 5261 20917 13506 25090 58326 3166 1272 4486
is_linear=0
shrinkage=0.06


Tree=60
num_leaves=31
num_cat=0
split_feature=8 0 4 4 12 12 0 7 8 4 0 1 3 12 0 2 4 2 4 10 10 8 8 7 10 0 1 6 1 2
split_gain=2267.33 755.186 547.491 191.723 156.242 132.276 84.5249 70.2564 140.168 50.362 48.259 70.1727 44.8515 39.5784 38.2929 40.0858 36.0884 57.6539 34.6301 32.0559 30.8139 30.1885 27.7472 37.4669 25.0743 24.5021 21.6526 21.5331 20.7674 25.7787
threshold=0.21980676054954532 0.43650794029235845 0.75931033492088329 0.79205974936485302 0.90000000596046459 0.45000000298023229 0.26785714924335485 1.0000000180025095e-35 0.054093567654490478 1.0000000180025095e-35 0.43650794029235845 0.25866188108921057 0.99450549483299266 0.29166667163372045 0.26785714924335485 0.78629976511001598 0.35948719084262853 0.33489097654819494 0.16843971610069278 0.59776359796524059 0.85201290249824535 0.67708334326744091 0.054093567654490478 1.0000000180025095e-35 0.74369570612907421 0.26785714924335485 0.33508773148059851 2.5000000000000004 0.67028987407684337 0.61311829090118419
decision_type=2 2 2 2 2 2 2 2 2 2 2 2 2 2 2 2 2 2 2 2 2 2 2 2 2 2 2 2 2 2
left_child=1 3 4 -1 10 12 9 8 19 21 11 24 14 27 -4 -16 17 18 -11 -3 -13 -6 23 -5 -2 -24 -20 -10 29 -12
right_child=2 7 5 22 6 -7 -8 -9 13 16 28 20 -14 -15 15 -17 -18 -19 26 -21 -22 -23 25 -25 -26 -27 -28 -29 -30 -31
leaf_value=-0.057005449631728475 -0.035017836089718785 -0.055430222747018226 0.070387698854669903 -0.053524900569221871 0.014957745030918746 0.059052500206249213 0.052442701185819243 0.0059802384978753136 -0.014216045246399325 -0.043871597590574803 -0.028150010710939376 -0.04280206281564302 0.056575994012093671 0.036986834038837291 -0.053004284497127727 0.017811520050833606 0.02501822707377338 -0.050568416172664762 0.022303809087947931 0.12561957877834806 -0.01254601977878763 0.048095225953453613 0.12326047935000184 0.033918573006938901 0.0085218804308034128 0.021521842675325163 -0.069504710641960371 0.038072287254545222 -0.0020505583227815164 0.052986180014888855
leaf_weight=2450.006031480385 54.097415041178465 252.72339807124808 46.115659940289333 27.086520917364396 224.62643254967406 1556.1334887326229 271.49323732405901 1171.004917874001 217.60837210004684 41.094557209871709 17.080835610046051 274.72231056541204 141.13045838475227 101.69862823211588 30.868404197972268 424.5545957738068 146.54832319822162 93.295006447820924 167.87872495828196 3.5703140324912956 216.81315893540159 176.92243359424174 15.747471258509902 50.579092449275777 397.47859921585768 18.572455042973161 9.7871094893198443 32.600663627730682 82.578147463034838 80.706449895165861
leaf_count=1408233 14119 139572 729 14795 2142 61567 8814 9747 15841 499 355 64083 4182 2086 623 5919 2257 2053 2039 52 5978 3675 460 757 8756 1054 238 676 1235 996
internal_value=-0.00178488 -0.0326419 0.0282912 -0.0534963 0.00751928 0.0495952 0.0232552 -0.00261238 -0.0191562 0.0140427 -0.00833107 -0.0137692 0.0266955 0.00542518 0.0182873 0.0130117 0.000457474 -0.0110768 0.00576522 -0.0529081 -0.0294563 0.0295581 0.0232755 0.00342194 0.00330596 0.0682039 0.0172463 -0.0074032 0.0201046 0.0388138
internal_weight=8795.12 4341.2 4453.93 2561.99 2255.12 2198.8 1131.65 1779.21 608.201 860.153 1123.48 943.111 642.669 351.908 501.539 455.423 458.604 312.055 218.76 256.294 491.535 401.549 111.986 77.6656 451.576 34.3199 177.666 250.209 180.365 97.7873
internal_count=1783532 1593273 190259 1425299 117239 73020 21717 167974 158227 12903 95522 92936 11453 18603 7271 6542 7086 4829 2776 139624 70061 5817 17066 15552 22875 1514 2277 16517 2586 1351
is_linear=0
shrinkage=0.06


Tree=61
num_leaves=31
num_cat=0
split_feature=8 3 4 12 0 2 8 1 0 2 12 8 4 3 9 8 4 9 9 11 9 2 4 11 2 11 2 8 0 12
split_gain=2080.58 783.837 415.757 126.506 96.4743 91.888 90.5883 77.3525 76.4878 60.5656 56.7446 52.8924 52.7383 48.4374 47.7865 101.982 46.2428 37.0086 38.0876 31.7708 37.136 29.0219 41.0543 36.1382 27.0222 26.4427 25.8181 25.3122 25.0384 24.0152
threshold=0.32666666805744177 0.66312056779861461 0.69309264421463024 0.45000000298023229 0.38750000298023229 0.9529346525669099 0.18898809701204303 0.25176055729389196 0.43650794029235845 0.91042780876159679 0.29166667163372045 0.69615384936332714 0.87026646733284008 0.94312667846679699 0.22284295409917834 0.10912698507308961 0.34549072384834295 0.23739406466484073 0.68100523948669445 2.5000000000000004 0.57701873779296886 0.14459930360317233 0.45222154259681707 2.5000000000000004 0.83935481309890758 6.5000000000000009 0.88273492455482494 0.075498577207326903 0.26785714924335485 0.70833334326744091
decision_type=2 2 2 2 2 2 2 2 2 2 2 2 2 2 2 2 2 2 2 2 2 2 2 2 2 2 2 2 2 2
left_child=1 6 4 13 7 14 8 11 12 16 -7 25 -1 28 26 -16 -9 -10 -19 20 -17 -8 -23 -24 -22 -2 -3 -14 -4 -18
right_child=2 5 3 -5 -6 10 21 9 17 -11 -12 -13 27 -15 15 19 29 18 -20 -21 24 22 23 -25 -26 -27 -28 -29 -30 -31
leaf_value=-0.05851243206749554 0.010173308177164364 0.014608868367589964 0.059725755157737037 0.059107084292862239 0.044982517582767334 0.0074821958628417473 0.0071334015859997194 -0.031564200908949396 -0.0032417617948620578 0.060114799383810841 0.052317338135294128 0.037353431255751704 -0.030560201454026804 0.057241133863678163 -0.053469989181650843 -0.0037578431584197308 -0.015158514026233163 -0.049080973295916097 0.19947587613518689 -0.029147475255236061 0.11571442623519396 -0.049563932889355809 0.038045119869347048 -0.035141158015323568 0.026348830467691181 -0.031940503324274436 -0.012993258120590812 0.16988108962799284 0.011033846723766323 0.018289964217740869
leaf_weight=2034.8679359933594 484.3540260202717 233.9379113415489 42.166864288505167 1473.6875795451924 243.44568703486584 923.4122097552754 94.684428331907839 318.63198591244873 142.44742690154817 40.576258038170636 114.18920026253909 286.47906097024679 3.9403966541867685 133.25983024016023 248.29323000879958 113.3558315592818 159.95930347091053 154.31121197261382 2.251782336505129 85.397791796829551 18.391016596229747 167.67879107582849 46.003544690203853 51.457624667091295 36.073861963581294 60.362360747996718 254.94467637094203 5.3441290280316025 386.44617758714594 149.49243196030147
leaf_count=1303696 10914 7464 667 62291 6225 38959 7742 23093 5979 778 3346 4927 1875 4348 132162 5779 9000 76842 20 2940 383 56728 2782 3916 512 661 2282 168 5143 1910
internal_value=-0.00174193 -0.0282567 0.0314535 0.0498712 0.00994813 -6.13895e-05 -0.0494111 0.0042616 -0.0537154 -0.0109303 0.0124164 0.0164828 -0.0578614 0.025647 -0.0131339 -0.0261464 -0.0155201 -0.0253715 -0.0455061 0.000645713 0.0158064 -0.0213812 -0.031564 -0.000595829 0.0565247 0.0055065 0.000214788 0.0848129 0.0158241 0.00100005
internal_weight=8509.84 4730.98 3778.86 2035.56 1743.3 2028 2702.99 1499.86 2343.16 668.66 1037.6 831.195 2044.15 561.873 990.394 501.512 628.084 299.01 156.563 253.219 167.821 359.824 265.14 97.4612 54.4649 544.716 488.883 9.28453 428.613 309.452
internal_count=1783532 1653575 129957 72449 57508 193827 1459748 51283 1388580 34781 42305 16502 1305739 10158 151522 141776 34003 82841 76862 9614 6674 71168 63426 6698 895 11575 9746 2043 5810 10910
is_linear=0
shrinkage=0.06


Tree=62
num_leaves=31
num_cat=0
split_feature=10 9 2 12 2 12 1 2 8 14 8 3 13 10 9 3 13 10 9 11 1 9 14 1 2 8 1 10 1 9
split_gain=1908.28 717.133 531.183 163.289 111.318 106.633 82.8962 68.2485 67.5184 55.4774 77.6025 40.5702 32.6168 48.4036 31.9721 26.6633 26.2749 26.0268 24.8941 47.1836 27.0822 24.1973 24.09 24.0855 40.5712 21.2667 20.4749 20.4576 20.1611 19.7132
threshold=0.61125501990318309 0.19082633405923846 0.91331186890602123 0.90000000596046459 0.90070420503616344 0.35416667163372045 0.64747309684753429 0.62418830394744884 0.054093567654490478 2.5000000000000004 0.56696429848670971 0.99450549483299266 1.0000000180025095e-35 0.92762354016304027 0.41036838293075567 0.17712418735027316 1.0000000180025095e-35 0.70241516828536998 0.6934003233909608 3.5000000000000004 0.24068965017795566 0.3611722886562348 2.5000000000000004 0.22361110895872119 0.57932874560356151 0.24404761940240863 0.5604878067970277 0.94461485743522655 0.85270008444786083 0.72240144014358532
decision_type=2 2 2 2 2 2 2 2 2 2 2 2 2 2 2 2 2 2 2 2 2 2 2 2 2 2 2 2 2 2
left_child=1 7 3 9 16 11 12 -1 -6 10 15 -4 13 -5 -14 -2 -3 29 27 20 -20 -8 25 -19 -25 -10 -18 -11 -12 -16
right_child=2 4 5 6 8 -7 21 -9 22 18 28 -13 14 -15 17 -17 26 23 19 -21 -22 -23 -24 24 -26 -27 -28 -29 -30 -31
leaf_value=-0.052702710236406894 -0.010423731571260092 -0.058774763541880243 0.016739431703938257 -0.030542142703385695 -0.052171916122988181 0.059074122504459432 -0.039428478340845299 0.0046360092302993698 -0.051123220166934311 -0.0069577754210951182 0.0018631795039416627 0.052940510277855145 -0.033409690939127788 0.02270045506769516 0.095334843440860059 -0.041632051273786337 -0.052057724243730674 0.035652285684686147 0.12618364969564688 -0.00035127084575071771 0.039356048441060693 0.052844912753251226 0.022338650629960152 -0.0012216752481422506 0.048326556666467228 0.041214227882028713 0.010769253018248976 0.046426580384666238 0.057195111328583799 0.48205038843230225
leaf_weight=79.256856160005555 140.57009721861687 2048.6316163826268 381.72618247382343 124.51627158501651 116.74216311436612 1292.4606310003437 10.577430472243575 1308.6343878987245 36.133368088165298 349.04758513404522 278.69767762185074 157.4001725949347 36.10904777655378 121.4022685084492 11.901217718725089 329.72680563211907 39.847229900071397 281.13816706743091 15.011543252971022 153.15580299275462 93.359863149933517 312.33755312627181 115.92101207294036 232.64795437408611 79.933291379362345 11.948766254819928 35.142846767324954 27.90843915566802 25.910290548577905 0.49425235390663225
leaf_count=35483 8865 1422923 5636 3210 63619 57219 167 27436 2519 37228 3875 4703 465 1758 721 57217 17981 4207 537 3003 3138 11282 2566 2114 2037 119 2662 310 525 7
internal_value=-0.00169684 -0.0329803 0.0249266 0.00762072 -0.0528038 0.0497239 0.0237888 0.00136163 -0.0172966 -0.00623288 -0.0170231 0.0273085 0.0143234 -0.00425794 0.0214386 -0.032304 -0.0574979 0.0247061 0.00686281 0.0210865 0.0513834 0.0498224 0.00752866 0.0229096 0.0114488 -0.0281767 -0.0226149 -0.00300539 0.00656977 0.110755
internal_weight=8248.29 3792.26 4456.03 2624.45 2404.37 1831.59 1211.06 1387.89 280.745 1413.39 774.905 539.126 888.142 245.919 642.224 470.297 2123.62 606.115 638.483 261.527 108.371 322.915 164.003 593.719 312.581 48.0821 74.9901 376.956 304.608 12.3955
internal_count=1783532 1575308 208224 140666 1512389 67558 25968 62919 68823 114698 70482 10339 14519 4968 9551 66082 1443566 9086 44216 6678 3675 11449 5204 8358 4151 2638 20643 37538 4400 728
is_linear=0
shrinkage=0.06


Tree=63
num_leaves=31
num_cat=0
split_feature=8 2 4 12 14 8 9 10 10 14 7 3 8 11 10 4 4 8 12 11 9 3 2 2 9 3 1 4 1 10
split_gain=1752.25 672.942 460.753 129.376 115.25 111.747 75.2995 136.59 68.7902 58.7288 50.299 46.4373 40.3008 33.5662 45.0984 32.2343 54.4252 29.6817 28.5491 35.5953 37.1255 27.4595 29.4207 27.0494 24.788 22.7998 22.6961 50.1412 20.8903 19.7581
threshold=0.24404761940240863 0.77032968401908886 0.75931033492088329 0.45000000298023229 2.5000000000000004 0.58578431606292736 0.24264069646596911 0.48397369682788854 0.62087112665176403 2.5000000000000004 1.0000000180025095e-35 0.99450549483299266 0.92582416534423839 3.5000000000000004 0.86505654454231273 0.52277433872222911 1.0000000180025095e-35 0.69615384936332714 0.22500000149011615 1.5000000000000002 0.49892704188823706 0.17712418735027316 0.94201681017875682 0.62418830394744884 0.53866082429885875 0.64549729228019725 1.0000000180025095e-35 0.25866188108921057 0.88273492455482494 0.49358868598937994
decision_type=2 2 2 2 2 2 2 2 2 2 2 2 2 2 2 2 2 2 2 2 2 2 2 2 2 2 2 2 2 2
left_child=1 8 4 11 5 21 -3 24 10 -9 -1 -4 13 -6 -15 16 17 -7 19 20 -11 -2 -23 -12 -8 -18 -16 -28 -25 -22
right_child=2 6 3 -5 12 15 7 9 -10 18 23 -13 -14 14 26 -17 25 -19 -20 -21 29 22 -24 28 -26 -27 27 -29 -30 -31
leaf_value=-0.058884340145406971 -0.0090024917404915687 0.0051554737492619535 0.015870259321904123 0.058654122327413336 0.033462171893036761 -0.0067590926407801542 -0.051996513590546668 -0.04119569314576426 -0.017653856196826946 -0.00366045786845345 -0.051775457337235112 0.058251949315198018 0.057383659306439259 -0.022946290465677841 0.037558468228429488 0.039427042947436743 -0.021312097000707034 0.040852276101361676 0.045778946473403206 -0.022321556229231335 0.32205720055159814 -0.039867799024443325 0.045462702484156486 -0.0040226436100146302 0.23515814605269156 0.040486849764627089 -0.037063106422370366 0.024224094491232914 0.47228818661728883 0.06041032533206777
leaf_weight=1784.6960883114953 235.55219266831409 1240.3027335801162 457.82799820089713 1304.7612534919754 323.96147869410925 67.478356828913093 287.40112174220849 80.878077392233536 184.55698777548969 61.449790872866288 70.631873070029542 116.81833403930068 107.51353515870869 122.62969597463962 145.22300850227475 128.25416016019881 208.60248299688101 156.37784581631422 85.326614915393293 95.610813227249309 1.0615385791752476 311.27158652979415 15.259187171235679 90.5735931370873 1.0863044364377845 23.960275648161769 65.981847631279379 176.90053207799792 0.33270491659641166 48.945659102057107
leaf_count=1323140 7622 17339 6877 61101 15422 507 165881 7041 39829 3556 32194 4096 3028 6694 1855 3570 2389 3084 1946 2001 62 54159 274 13903 92 451 832 3497 3 1087
internal_value=-0.00165297 -0.0295059 0.0266526 0.0482069 0.00726051 -0.00551403 -0.00356462 -0.0199083 -0.0526626 0.0040558 -0.0559824 0.0244859 0.0228083 0.0183548 0.0087721 0.0128504 0.00538238 0.0265005 0.0165726 0.00453756 0.027578 -0.0246166 -0.0358802 -0.0239213 -0.0509152 -0.0149451 0.0187942 0.00757471 -0.00227941 0.0659645
internal_weight=8001.23 4032.85 3968.37 1879.41 2088.97 1146.76 1902.06 661.76 2130.79 373.272 1946.23 574.646 942.21 834.697 510.735 584.673 456.419 223.856 292.394 207.068 111.457 562.083 326.531 161.538 288.487 232.563 388.105 242.882 90.9063 50.0072
internal_count=1783532 1608074 175458 72074 103384 72056 199005 181666 1409069 15693 1369240 10973 31328 28300 12878 10001 6431 3591 8652 6706 4705 62055 54433 46100 165973 2840 6184 4329 13906 1149
is_linear=0
shrinkage=0.06


Tree=64
num_leaves=31
num_cat=0
split_feature=12 2 3 9 3 1 7 9 4 3 9 0 1 4 4 2 0 9 2 14 14 1 9 9 2 13 6 12 1 0
split_gain=1512.75 664.775 369.105 218.181 91.5437 79.3152 56.07 56.0564 54.3478 59.3157 52.3863 51.7329 38.4826 34.5124 52.7944 44.4863 42.5693 31.6689 30.8423 30.0614 27.2907 24.3842 21.2967 20.3445 25.4397 29.9454 20.24 20.1777 19.9585 19.6746
threshold=0.45000000298023229 0.78629976511001598 0.66312056779861461 0.6934003233909608 0.92422503232955944 1.0000000180025095e-35 1.0000000180025095e-35 0.47491006553173071 0.51668518781661998 0.27639257907867437 0.61422947049140941 0.26785714924335485 0.82574188709259044 0.79008570313453685 0.96871945261955272 0.99450549483299266 0.63333335518836986 0.62090381979942333 0.62418830394744884 2.5000000000000004 2.5000000000000004 0.77459675073623668 0.83087757229805004 0.57701873779296886 0.92907443642616283 1.0000000180025095e-35 2.5000000000000004 0.13392857462167743 0.91331186890602123 0.81666666269302379
decision_type=2 2 2 2 2 2 2 2 2 2 2 2 2 2 2 2 2 2 2 2 2 2 2 2 2 2 2 2 2 2
left_child=1 3 7 5 13 -1 12 -2 9 -9 26 19 -7 16 -15 28 -3 -17 -8 -11 -5 -18 -23 24 25 -4 -6 -22 -16 -19
right_child=2 4 23 20 10 6 18 8 -10 11 -12 -13 -14 14 15 17 21 29 -20 -21 27 22 -24 -25 -26 -27 -28 -29 -30 -31
leaf_value=-0.0058973812520273835 -0.021021441361258188 -0.026665388674912697 -0.039580817651425883 -0.011455818083978069 0.0040656587609378412 -0.054855129137398158 -0.051314588583965239 0.020700791912160735 0.045379718947496511 -0.039575373327253686 0.05234379610687654 0.056929924177320984 0.078663313762952325 0.023615355678958744 -0.030091779968902395 -0.0033289650395691606 0.033378034916441202 -0.053384029736863466 0.00020030841583859349 -0.00024501219380870939 0.032561270615181617 -0.0094611646247696728 -0.15489073705805032 0.057881969016641284 0.053282921101593946 0.035816337721411011 0.031521957580392293 -0.028942717724101227 0.013935814378127033 0.039028892246773028
leaf_weight=147.16903886955697 175.44532314944081 414.6889540546108 26.599926004419103 217.4319886531448 341.16297146584839 1969.8387237107381 67.098132052225992 592.25363481044769 182.6785808991408 141.65332695888355 151.59706188924611 35.299232267192565 7.8019138049567109 273.51731412974186 282.07269925822038 504.52394190104678 77.046598371816799 9.0065573342144472 111.141947019496 138.23265394929331 117.28145782335196 21.625142497010533 4.3550570234656325 1214.7491258503869 169.19122892839368 66.057928788824938 134.86559844377916 22.962670437293127 42.674113382352516 104.77260948158801
leaf_count=30266 33454 91595 3902 10578 11888 1372737 32194 10196 6580 5045 4842 964 864 14093 23862 28715 2110 129 14830 4424 4567 488 59 58328 7269 1956 3989 576 1331 1701
internal_value=-0.00160891 -0.0211771 0.0342328 -0.0417433 0.00199108 -0.0485143 -0.0514235 0.0104551 0.015521 0.00951012 0.0216267 -0.0115179 -0.0543284 -0.0051149 0.000406593 -0.00632476 -0.0180897 0.00311952 -0.0191924 -0.0201505 0.00185467 0.0164278 -0.0338395 0.0546121 0.039443 0.0141716 0.0118444 0.022491 -0.0243062 0.0317136
internal_weight=7764.8 5022.63 2742.16 2660.73 2361.91 2303.05 2155.88 1265.56 1090.12 907.439 627.626 315.185 1977.64 1734.28 1216.57 943.05 517.716 618.303 178.24 279.886 357.676 103.027 25.9802 1476.6 261.849 92.6579 476.029 140.244 324.747 113.779
internal_count=1783532 1651414 132118 1466612 184802 1450891 1420625 60663 27209 20629 20719 10433 1373601 164083 69831 55738 94252 30545 47024 9469 15721 2657 547 71455 13127 5858 15877 5143 25193 1830
is_linear=0
shrinkage=0.06


Tree=65
num_leaves=31
num_cat=0
split_feature=8 0 2 12 1 12 1 9 8 14 8 14 3 2 9 1 2 2 9 2 3 8 11 8 1 11 11 9 13 3
split_gain=1485.35 631.843 425.171 110.652 105.954 87.3178 77.3953 56.3102 102.867 52.8684 59.0316 47.644 36.4397 29.9299 41.2221 28.3572 27.9378 30.8934 27.5553 27.5033 27.0381 25.5903 25.2742 26.0136 25.9272 73.6161 20.6954 44.347 31.9829 28.8126
threshold=0.21980676054954532 0.43650794029235845 0.91331186890602123 0.90000000596046459 0.77459675073623668 0.35416667163372045 0.60421237349510204 0.24264069646596911 0.054093567654490478 2.5000000000000004 0.56696429848670971 2.5000000000000004 0.99450549483299266 0.85053193569183361 1.0000000180025095e-35 0.92907443642616283 0.22401433438062671 0.64326766133308422 0.55823644995689403 0.63224515318870556 0.84273937344551098 0.67708334326744091 3.5000000000000004 0.3717105239629746 0.24068965017795566 2.5000000000000004 1.5000000000000002 0.50802230834960949 1.0000000180025095e-35 0.78456193208694469
decision_type=2 2 2 2 2 2 2 2 2 2 2 2 2 2 2 2 2 2 2 2 2 2 2 2 2 2 2 2 2 2
left_child=1 4 3 9 -1 12 16 -3 18 10 -2 -10 -4 14 -6 -15 21 -18 -9 -16 -17 -5 23 -11 25 -25 27 -13 -28 -29
right_child=2 7 5 6 13 -7 -8 8 11 22 -12 26 -14 15 19 20 17 -19 -20 -21 -22 -23 -24 24 -26 -27 28 29 -30 -31
leaf_value=-0.055754632146275983 -0.028851686078367172 0.0052964561078225562 0.01591026529570665 0.010232801236159722 0.12621076087579877 0.058314290561040108 0.046965066187564262 -0.055875778242211314 -0.044008642624568051 0.010073042686022641 0.0060473871241425656 0.0047526577496395184 0.054906901111281707 -0.033546276123876728 0.13298196267127096 0.25313089225280577 -0.0075210682077006602 0.041665644659032774 0.12023958408628344 -0.027084694946441147 0.021521453253953986 0.040018708904217271 -0.0026192133612998668 0.59604062934734536 0.035475072913258215 0.084881610654371595 -0.02825030591347431 0.15528106953206464 0.043611827792799145 0.048940207766829606
leaf_weight=1833.7562220717082 423.14776762085967 1187.8390126659069 317.32968143885955 254.26376477291342 13.237757955677806 1083.4455666756257 320.96431347040925 190.81312415830325 63.289279388147406 164.07169801462442 296.92173128644936 97.068019371945411 118.46654487028718 98.397599389194511 4.5949668837711242 2.0211104747140807 309.16365765535738 53.998853174271062 3.2527731043519443 24.306935046450235 17.753327966900542 175.51721923425794 251.01156202389393 1.0909200555179239 73.598062366596423 14.440100320614874 72.704356954549439 11.95614871860016 32.156908299773932 39.396066090790555
leaf_count=1400601 66781 15169 5127 2475 545 56623 12597 134390 8601 16003 4400 5617 4357 12072 584 44 5296 1368 123 10935 518 4104 9041 42 1787 258 2287 535 698 554
internal_value=-0.00155853 -0.0287591 0.0244794 0.00842264 -0.0516653 0.0491915 0.0221065 -0.0018665 -0.0185289 -0.00402754 -0.014461 0.00255605 0.0265111 -0.00488886 0.0385254 -0.0203702 0.0120443 -0.000207466 -0.0529239 -0.00163651 0.0451938 0.022397 0.0108726 0.0242477 0.0503408 0.120786 0.0141915 0.0286076 -0.00621296 0.0736992
internal_weight=7549.98 3692.54 3857.43 2338.19 1994.07 1519.24 1113.91 1698.48 510.637 1224.28 720.069 316.571 435.796 160.312 42.1397 118.172 792.943 363.163 194.066 28.9019 19.7744 429.781 504.212 253.201 89.1291 15.531 253.281 148.42 104.861 51.3522
internal_count=1783532 1593273 190259 124152 1425299 66107 25840 167974 152805 98312 71181 18292 9484 24698 12064 12634 13243 6664 134513 11519 562 6579 27131 18090 2087 300 9691 6706 2985 1089
is_linear=0
shrinkage=0.06


Tree=66
num_leaves=31
num_cat=0
split_feature=10 9 2 12 12 2 4 8 0 14 8 3 1 4 4 9 9 10 0 1 4 8 4 2 4 2 0 1 0 3
split_gain=1366.63 628.958 429.607 110.593 110.084 100.742 82.1583 58.5187 57.3709 40.1929 57.4476 36.8477 33.3825 33.0133 34.8652 30.282 26.9778 24.4491 24.4202 38.0023 20.7714 20.2753 33.9627 25.86 18.5641 53.7632 30.5489 29.5301 29.5221 20.5204
threshold=0.61125501990318309 0.21085321903228763 0.91331186890602123 0.35416667163372045 0.90000000596046459 0.88273492455482494 0.52506268024444591 0.054093567654490478 0.30952382087707525 2.5000000000000004 0.38278388977050787 0.99450549483299266 0.84273937344551098 1.0000000180025095e-35 0.21164613962173465 0.36404040455818182 0.77618756890296947 0.97845596075057995 0.30952382087707525 0.32466214895248419 0.35948719084262853 0.19523809850215915 0.69631093740463268 0.48050633072853094 0.3964285701513291 0.27639257907867437 0.095454547554254546 0.55625879764556896 0.30952382087707525 0.63686314225196849
decision_type=2 2 2 2 2 2 2 2 2 2 2 2 2 2 2 2 2 2 2 2 2 2 2 2 2 2 2 2 2 2
left_child=1 8 4 11 9 21 13 -7 -1 10 -2 -4 17 16 -15 -8 -6 -12 19 -16 -21 -3 -23 -24 25 -11 27 29 -27 -26
right_child=2 5 3 -5 6 7 15 -9 -10 24 12 -13 -14 14 18 -17 -18 -19 -20 20 -22 22 23 -25 26 28 -28 -29 -30 -31
leaf_value=-0.050561752780639818 -0.038104429231429642 -0.058573827562675845 0.013795430418798629 0.058123524799614086 0.0079383423234436392 -0.052227810634554138 -0.040965433842498608 0.0038599715363050627 0.0041160355926085591 0.013860465289655685 -0.014167995592237106 0.05070740911055964 0.051113134566157604 -0.032629325461529961 0.024188204401223806 0.049389737602758256 0.040930042979486631 0.020802571848125517 0.056294618511504267 -0.041629809041771319 0.0029599045993863047 -0.046162209467038917 0.38900432558538045 0.040924272435740941 -0.0054402921796737717 -0.048380958724404934 0.0052327589201131971 0.075954289107859368 0.092026593845459137 0.22253233894007379
leaf_weight=72.954324683872983 245.4873887548456 1617.0161492252955 363.01994299679063 1040.2539301149081 189.81427972146776 110.99496161541902 13.939341264078392 168.82429228432011 1301.9329016667325 192.08030222600792 356.43458288849797 133.039660487324 38.512563647702336 98.144762686803006 147.9051481243223 317.48133464623243 168.37965307384729 90.18095407448709 33.942279803217389 72.916106903227046 77.672433417872526 50.230199030484073 0.82083287450950493 12.023177053662947 33.354544671019539 94.424770166748203 244.58910076646134 50.949588980060071 5.7174247164512044 1.4846959501737718
leaf_count=41014 55706 1395789 5636 57219 2230 72496 211 6477 28050 11066 12998 4703 731 1486 1829 13388 3528 1047 802 1537 957 30741 16 725 2997 23620 5301 1099 108 25
internal_value=-0.00151579 -0.0298961 0.0220875 0.0470069 0.00660924 -0.0517205 0.0205216 -0.0183882 0.00121472 -0.00490747 -0.0144531 0.023695 -0.00248485 0.00998884 -0.00120686 0.0455895 0.0234471 -0.00710671 0.00806997 0.00258625 -0.0186308 -0.057272 -0.0238987 0.0631693 0.00629419 -0.00472203 0.0160381 0.046845 -0.0403647 0.0042749
internal_weight=7344.52 3334.8 4009.72 1536.31 2473.41 1959.91 1120.2 279.819 1374.89 1353.22 730.615 496.06 485.128 788.775 430.581 331.421 358.194 446.616 332.436 298.494 150.589 1680.09 63.0742 12.844 622.6 292.222 330.378 85.7888 100.142 34.8392
internal_count=1783532 1575308 208224 67558 140666 1506244 25968 78973 69064 114698 70482 10339 14776 12369 6611 13599 5758 14045 5125 4323 2494 1427271 31482 741 44216 34794 9422 4121 23728 3022
is_linear=0
shrinkage=0.06


Tree=67
num_leaves=31
num_cat=0
split_feature=10 9 2 12 4 12 4 11 2 13 10 0 0 14 10 4 4 5 0 2 9 4 10 11 9 12 2 10 12 9
split_gain=1247.39 603.025 405.849 111.721 101.965 99.4877 77.6046 72.6681 54.2668 46.5385 64.2974 46.2625 38.0576 36.0204 46.3441 29.7918 31.976 28.9146 25.6 36.9245 25.4236 22.7483 22.2503 20.6208 19.7407 35.9466 28.9247 17.9217 17.5694 26.7126
threshold=0.61125501990318309 0.21085321903228763 0.91331186890602123 0.35416667163372045 0.78086888790130626 0.90000000596046459 0.52506268024444591 1.0000000180025095e-35 0.62418830394744884 1.0000000180025095e-35 0.92762354016304027 0.26785714924335485 0.58571431040763866 2.5000000000000004 0.97845596075057995 1.0000000180025095e-35 0.16843971610069278 1.0000000180025095e-35 0.30952382087707525 0.33489097654819494 0.77618756890296947 0.35948719084262853 0.83796653151512157 1.0000000180025095e-35 0.34913147985935217 0.22500000149011615 0.19139194488525393 0.38032488524913793 0.90000000596046459 0.56212684512138378
decision_type=2 2 2 2 2 2 2 2 2 2 2 2 2 2 2 2 2 2 2 2 2 2 2 2 2 2 2 2 2 2
left_child=1 8 5 17 12 13 15 28 -1 10 -8 -9 -3 14 22 20 -17 -4 19 -18 -7 -21 24 -14 25 -2 -27 -10 -6 -30
right_child=2 4 3 -5 7 6 9 11 27 -11 -12 -13 23 -15 -16 16 18 -19 -20 21 -22 -23 -24 -25 -26 26 -28 -29 29 -31
leaf_value=-0.051335885536843935 -0.00055976866026099473 -0.058502317238410456 0.015188790842962976 0.057851944749825766 -0.056316221550566335 0.0074759519773236411 -0.059545270646919474 0.16174247240403569 0.0035764972104427905 0.056240096978651108 0.059949652256808296 -0.0012386051207435842 -0.060090934796053729 0.0059506645556045437 0.022492230114893277 -0.046655014284459027 0.017252508721167528 0.051124864731357404 0.055391289804037167 -0.044224564291897105 0.039798453174978057 0.0023864846847514785 -0.010589779281745012 0.12654756702485012 -0.036136663188616899 0.69529896007565328 0.063110924030557028 0.18141660844465649 0.02699092011273159 0.67224063823978086
leaf_weight=67.453113615629263 3.6804292517481363 1526.0866593370447 384.948406371288 984.13559227436781 140.21554832661059 189.47200483852066 32.924815799226053 6.5043928760569534 1302.0502535895212 253.71273602452129 31.932459281757474 173.88091589522082 3.2491222157841531 618.24876726104412 107.75073561444879 49.175220400560647 194.56923472566996 101.951959323138 32.849211648106575 80.019535032333806 162.94563481211662 71.263473966973834 359.54356442415155 6.1933521417668089 248.00652969290968 0.55412454111501552 0.49176526116207242 2.0431634898995972 4.7177904261043286 0.24286444857716549
leaf_count=39171 770 1380682 6445 57219 107168 2230 590 467 29815 11576 1433 12831 2307 44216 1333 789 2422 3894 807 1709 3528 884 8221 231 60100 36 22 78 2555 3
internal_value=-0.00147288 -0.0290461 0.0213342 0.0462214 -0.0512926 0.00631258 0.0196907 -0.0207922 0.00114081 0.0446453 -0.000711982 0.00463822 -0.0577593 -0.00467229 -0.0137937 0.00950257 -0.00113739 0.0227134 0.00477317 -3.45595e-05 0.0224208 -0.0222679 -0.0201794 0.0623259 -0.0338218 0.0876491 0.398051 0.00385512 -0.0523902 0.0585811
internal_weight=7140.81 3232.64 3908.18 1471.04 1861.09 2437.14 1098.86 325.562 1371.55 318.57 64.8573 180.385 1535.53 1338.28 720.027 780.294 427.877 486.9 378.701 345.852 352.418 151.283 612.276 9.44247 252.733 4.72632 1.04589 1304.09 145.176 4.96065
internal_count=1783532 1575308 208224 67558 1506244 140666 25968 123024 69064 13599 2023 13298 1383220 114698 70482 12369 6611 10339 5822 5015 5758 2593 69149 2538 60928 828 58 29893 109726 2558
is_linear=0
shrinkage=0.06


Tree=68
num_leaves=31
num_cat=0
split_feature=10 9 2 2 9 13 14 10 0 11 10 1 3 2 3 13 13 1 1 2 2 13 9 14 10 10 11 9 14 10
split_gain=1137.1 577.618 383.416 102.156 80.6881 77.7178 54.5675 54.0366 50.8753 50.6141 33.0149 32.3452 29.9505 44.5612 29.6613 27.1851 26.1675 24.8115 27.7936 29.2089 25.5516 23.5386 22.4832 21.6342 19.3566 19.452 18.7965 18.6666 18.5775 18.5202
threshold=0.61125501990318309 0.21085321903228763 0.91331186890602123 0.88273492455482494 0.75694981217384349 1.0000000180025095e-35 2.5000000000000004 0.97845596075057995 0.30952382087707525 1.0000000180025095e-35 0.94461485743522655 0.60421237349510204 0.22792208194732669 0.58380147814750682 0.99450549483299266 1.0000000180025095e-35 1.0000000180025095e-35 0.53589835762977611 1.0000000180025095e-35 0.64038833975791942 0.53410854935646068 1.0000000180025095e-35 0.2817846685647965 2.5000000000000004 0.70241516828536998 0.92762354016304027 2.5000000000000004 0.99794238805770885 2.5000000000000004 0.97845596075057995
decision_type=2 2 2 2 2 2 2 2 2 2 2 2 2 2 2 2 2 2 2 2 2 2 2 2 2 2 2 2 2 2
left_child=1 8 4 16 6 10 7 15 -1 -5 14 12 29 23 28 -2 -3 18 -8 -20 -19 -13 -22 -14 -24 -26 -11 -25 -4 -6
right_child=2 3 5 9 11 -7 17 -9 -10 26 -12 21 13 -15 -16 -17 -18 20 19 -21 22 -23 24 27 25 -27 -28 -29 -30 -31
leaf_value=-0.049657324037542742 -0.033698953233075098 -0.058547857996181292 -0.011243079507955528 -0.051155400558535548 0.013496404318711606 0.056950544340100523 0.018368577555005108 0.024182512946293741 0.0037099300286126979 0.0090648765377084311 0.050266773637736073 0.015775152921735456 -0.02617074552339731 0.04321626166608953 0.046363097960628957 -0.0057018729300488402 -0.01761810288827079 0.077783478931938252 -0.021160769023251223 0.057832085774476551 -0.050297775519393025 0.047081453823186348 0.055409918575115819 -0.0022954196410844441 0.0038936898370638992 0.050293545288178435 -0.062430756309251011 0.063326156163582295 0.02027552274706038 0.042155885348641078
leaf_weight=67.652318434556946 352.81472603010479 1441.2097150197951 105.22526881564409 97.790997358621098 240.1627396880649 843.81050007604063 144.76038773823529 100.0043633133173 1300.5864976686426 155.96119558019564 170.61313995718956 155.21143451752141 159.71089301246684 66.305915236938745 103.04149095062166 193.23981519113295 58.515600812504999 25.773275548941456 217.33981275674887 18.268048885394819 17.597898209933192 195.19406654266641 45.366174271446653 117.06747016368899 178.68361311755143 39.764566452242434 14.465824653161688 18.005590297281742 186.89430548856035 122.6164995059371
leaf_count=41014 61128 1406722 1700 71592 2868 51389 3469 1591 28050 7023 7432 2718 3728 1408 3972 6631 20549 931 32475 746 460 9096 3125 1946 3921 1147 358 115 3065 3163
internal_value=-0.00142991 -0.0281989 0.0205617 -0.0508515 0.00601297 0.0454143 -0.00384485 -0.0163653 0.0010712 -0.0167471 0.0282088 0.0182505 0.0110069 -0.00122616 0.0186852 -0.0237912 -0.0569509 0.00791999 -0.0023229 -0.015036 0.0206031 0.0332144 0.0153662 -0.0112226 0.0197464 0.0123399 0.00299634 0.00645211 0.00892211 0.0231831
internal_weight=6953.65 3136.18 3817.47 1767.94 2407.89 1409.58 1333.61 646.059 1368.24 268.218 565.774 1074.27 723.869 361.09 395.161 546.055 1499.73 687.554 380.368 235.608 307.186 350.406 281.412 294.784 263.814 218.448 170.427 135.073 292.12 362.779
internal_count=1783532 1575308 208224 1506244 140666 67558 115624 69350 69064 78973 16169 25042 13228 7197 8737 67759 1427271 46274 36690 33221 9584 11814 8653 5789 8193 5068 7381 2061 4765 6031
is_linear=0
shrinkage=0.06


Tree=69
num_leaves=31
num_cat=0
split_feature=8 3 4 12 8 9 0 13 3 9 8 14 2 3 4 8 14 11 8 0 0 1 0 14 11 3 8 11 1 14
split_gain=1057.22 539.359 299.185 126.339 81.3843 79.5714 64.4937 56.1894 52.0946 52.0463 95.765 43.1513 39.5748 38.5752 36.5814 31.4033 30.6516 29.4753 29.0599 27.7569 26.4972 26.2402 26.0901 25.3544 27.1913 24.6573 23.9391 20.9968 20.9947 20.0615
threshold=0.32666666805744177 0.66312056779861461 0.69309264421463024 0.45000000298023229 0.16333333402872088 1.0000000180025095e-35 0.38750000298023229 1.0000000180025095e-35 0.27639257907867437 0.19082633405923846 0.060661764815449722 2.5000000000000004 0.91042780876159679 0.94312667846679699 0.35948719084262853 0.69615384936332714 2.5000000000000004 2.5000000000000004 0.19523809850215915 0.30952382087707525 0.087121214717626586 1.0000000180025095e-35 0.26785714924335485 2.5000000000000004 3.5000000000000004 0.46085773408412939 0.73030304908752453 2.5000000000000004 0.81284341216087352 2.5000000000000004
decision_type=2 2 2 2 2 2 2 2 2 2 2 2 2 2 2 2 2 2 2 2 2 2 2 2 2 2 2 2 2 2
left_child=1 4 6 13 5 19 8 9 15 -3 -11 17 14 22 -10 23 21 18 -12 -1 25 -6 -4 -2 -25 -16 27 -24 -18 -9
right_child=2 7 3 -5 16 -7 -8 29 12 10 11 -13 -14 -15 20 -17 28 -19 -20 -21 -22 -23 26 24 -26 -27 -28 -29 -30 -31
leaf_value=-0.058742288276652919 -0.0074578409473698383 0.004767517752901294 0.058624493246212439 0.057258582360443427 -0.0034108612262893261 -0.056840713778110202 0.039684554842981001 -0.015848087302142436 -0.031026406411283732 -0.052835982711982935 -0.044520829282653843 0.011247357272791744 0.054109180149546104 0.054491351834900316 -0.0075376474274254099 0.028839124004537992 -0.0085895816445739539 -0.080276000826596181 0.032962155706986962 -0.0051737187785005929 -0.031103873008278351 -0.057429505044229889 0.030669913785428445 0.049285937445640443 0.0052706383970798779 0.036589795254356662 0.044993311028888344 -0.0079329625246359232 0.13032178936256744 0.047042820497973217
leaf_weight=44.3903705481207 313.20244230877142 1144.3413464630721 38.264043184928596 964.75946650095284 46.564391366846394 1310.0931266338448 189.55057949852198 21.666699772933498 271.55365442216862 185.62509015138494 41.425959302461706 291.68354538391577 30.922954697161913 93.125758577138186 99.973824664019048 267.29217515327036 220.25656864594202 33.290831105376128 30.077081952127628 161.54861684807111 68.649834738578647 106.22079169790959 64.231205482734367 72.066757343593054 169.05383814417291 83.794419784913771 49.940256407484412 241.21874897694215 3.9877571938559404 116.11651394679211
leaf_count=32795 10624 11993 667 62291 6533 1313147 6225 688 22215 157855 7766 9483 758 4348 5295 5113 41602 1854 545 13461 1733 52141 864 1484 2313 1748 996 3283 69 3643
internal_value=-0.00138662 -0.0226277 0.0250612 0.0446849 -0.0451867 -0.0513908 0.00687256 0.000280201 0.00235423 -0.00266253 -0.0172691 -0.000617181 -0.011849 0.0197648 -0.0157416 0.0119467 -0.0202405 -0.033641 -0.0119283 -0.0167205 0.000701921 -0.0409662 0.0115497 0.00380119 0.018426 0.0125835 0.00648122 0.000184601 -0.00611931 0.0371531
internal_weight=6774.89 3757.29 3017.6 1451.54 1893.06 1516.03 1566.06 1864.23 1376.51 1726.44 582.103 396.477 554.895 486.78 523.972 821.615 377.03 104.794 71.503 205.939 252.418 152.785 393.654 554.323 241.121 183.768 355.39 305.45 224.244 137.783
internal_count=1783532 1653575 129957 72449 1459748 1359403 57508 193827 51283 189496 177503 19648 31749 10158 30991 19534 100345 10165 8311 46256 8776 58674 5810 14421 3797 7043 5143 4147 41671 4331
is_linear=0
shrinkage=0.06


Tree=70
num_leaves=31
num_cat=0
split_feature=10 9 2 12 4 12 4 10 2 13 10 0 0 14 10 1 4 4 10 9 13 0 1 1 9 9 1 10 10 1
split_gain=949.953 530.034 342.58 113.694 103.579 80.687 67.3102 59.7398 45.7232 44.1156 56.1855 36.4712 36.1482 27.2937 35.9381 26.4875 24.4418 28.8156 22.6724 21.0327 19.8517 19.6798 31.3395 19.2664 17.7946 20.1262 17.7775 17.4334 17.3061 16.5213
threshold=0.61125501990318309 0.21085321903228763 0.91331186890602123 0.35416667163372045 0.78086888790130626 0.90000000596046459 0.52506268024444591 0.44076909124851232 0.62418830394744884 1.0000000180025095e-35 0.92762354016304027 0.58571431040763866 0.26785714924335485 2.5000000000000004 0.97845596075057995 0.99450549483299266 1.0000000180025095e-35 0.21164613962173465 0.90422871708869945 0.4449113011360169 1.0000000180025095e-35 0.30952382087707525 0.32466214895248419 0.87007671594619762 0.5505102574825288 0.34800212085247045 0.21132376790046695 0.74369570612907421 0.5219533145427705 0.94609123468399059
decision_type=2 2 2 2 2 2 2 2 2 2 2 2 2 2 2 2 2 2 2 2 2 2 2 2 2 2 2 2 2 2
left_child=1 8 5 15 11 13 16 -6 -1 10 -8 -3 -9 14 23 -4 18 20 -7 -20 -18 22 -19 27 25 -14 -22 -2 -13 -10
right_child=2 4 3 -5 7 6 9 12 29 -11 -12 28 24 -15 -16 -17 17 21 19 -21 26 -23 -24 -25 -26 -27 -28 -29 -30 -31
leaf_value=-0.050234612806384721 -0.041905398728161403 -0.058170352207055367 0.012857577412835974 0.057059290506282064 -0.047716945173691717 -0.00065347052222603289 -0.055854981887868076 0.1538259706362084 0.00014694833849902746 0.055133161813390397 0.059547554043146295 -0.0046810419252341405 0.059790145663990907 0.0047585203001757198 0.019970024360655224 0.049191429796832865 -0.072757122420495798 0.022554433043238242 -0.03142218039151419 0.0373633763400485 0.021140759450026327 0.053805477910536997 -0.016796355927487239 0.031206187136431543 0.03709142397678318 -0.018831579728691327 -0.040235082165650145 -0.01547371834073843 0.16670366325450511 0.017764075808381758
leaf_weight=60.062127913697623 112.36580224771751 1290.3328515341273 370.47443757555448 838.16075149434619 136.03598581260303 118.07626291515771 32.788139590295032 5.7467672074562861 1067.0983687326079 223.7080145496875 28.293897041119635 5.2745470897643809 13.132249532034619 611.12021987198386 103.38636993430555 89.723800238221884 27.73289258882869 144.62658565933816 17.374261170625687 202.77742302976549 30.898588550509885 29.949202353949659 146.82863177661784 26.902356518898159 37.030869165668264 109.10288918705191 37.74105732399039 447.97395105543546 3.5477723060175776 233.58423926634714
leaf_count=39171 48022 1380682 6445 57219 104218 1287 590 692 28089 11576 1433 2427 1502 44216 1333 3894 675 1829 97 4374 342 802 2494 442 981 15631 469 20685 111 1804
internal_value=-0.0013433 -0.0265815 0.0191816 0.043903 -0.0499908 0.00547965 0.0179331 -0.0182797 0.000947289 0.0427936 -0.00239921 -0.0573391 0.0059882 -0.00447735 -0.0126499 0.0199415 0.00856808 -0.00113899 0.0205582 0.0319349 -0.0299158 0.00748968 0.00273038 -0.0183928 0.000653793 -0.0103849 -0.0126063 -0.0207741 0.0642389 0.00331074
internal_weight=6601.85 2960.95 3640.9 1298.36 1600.2 2342.54 1040.79 301.049 1360.74 284.79 61.082 1299.16 165.013 1301.75 690.628 460.198 756.005 417.777 338.228 220.152 96.3725 321.404 291.455 587.242 159.266 122.235 68.6396 560.34 8.82232 1300.68
internal_count=1783532 1575308 208224 67558 1506244 140666 25968 123024 69064 13599 2023 1383220 18806 114698 70482 10339 12369 6611 5758 4471 1486 5125 4323 69149 18114 17133 811 68707 2538 29893
is_linear=0
shrinkage=0.06


Tree=71
num_leaves=31
num_cat=0
split_feature=10 9 3 10 4 14 11 0 1 13 11 10 0 1 3 0 10 9 4 9 11 10 4 11 11 9 1 4 6 13
split_gain=864.745 505.757 315.747 106.707 103.421 102.318 60.3459 46.303 42.7151 42.0723 48.4252 40.9023 35.8332 34.7511 56.0387 34.1277 28.2789 32.5273 27.2697 25.1622 26.9896 23.5661 21.1298 20.4946 18.8156 26.5994 24.1725 21.5561 25.1395 18.3618
threshold=0.61125501990318309 0.21085321903228763 0.87585616111755382 0.99758455157279979 0.78086888790130626 2.5000000000000004 1.0000000180025095e-35 0.15476191043853763 0.54923510551452648 1.0000000180025095e-35 5.5000000000000009 0.7214152216911317 0.26785714924335485 0.4530817717313767 0.27639257907867437 0.58571431040763866 0.7117014229297639 0.33401361107826238 0.45222154259681707 0.73860013484954845 3.5000000000000004 0.92762354016304027 0.58578637242317211 3.5000000000000004 4.5000000000000009 0.68100523948669445 0.55217784643173229 0.77058029174804699 1.5000000000000002 1.0000000180025095e-35
decision_type=2 2 2 2 2 2 2 2 2 2 2 2 2 2 2 2 2 2 2 2 2 2 2 2 2 2 2 2 2 2
left_child=1 8 3 5 15 9 -6 23 -1 19 22 -4 -8 14 -7 -3 18 -18 -15 -2 -21 24 -11 -5 25 -19 -27 28 -26 -13
right_child=2 4 11 7 6 13 12 -9 -10 10 -12 29 -14 16 -16 -17 17 21 -20 20 -22 -23 -24 -25 27 26 -28 -29 -30 -31
leaf_value=-0.037679079249891889 -0.032429242302517945 -0.058022884427838581 0.0067007637187640025 -0.021798635159880547 -0.050673164683253363 0.015551207351328629 0.14009780580642356 0.058491989745173882 0.0038338839184504873 0.0068413955346913954 -0.025116573645566038 0.040954599207322244 -0.00071679215654036851 -0.032159985041038473 -0.027655685773706907 0.060708343945205648 -0.035427065528247439 0.003121348050547109 0.066908172595142604 0.020893399649729371 -0.021365327532917946 0.042970485958657614 0.043484523944668736 0.025419430928232074 -0.029606590485441432 0.096095520916278696 0.028233771521797742 0.029012831644132014 -0.20214817322391648 0.059630239923418218
leaf_weight=96.037215882155579 345.56784050387796 1218.1862817060901 74.959167805500329 37.593864856287837 118.60126176971244 362.64712080609752 6.7656425893073893 172.05776243191212 1259.1076546846889 180.01792773813941 141.9981685008388 294.15811149124056 169.31826985056978 11.438042807625605 153.93602244392969 8.7780493340687809 37.631879820488393 165.08816426014528 79.705630078096874 81.579414653358981 163.35752535890788 144.58012696821243 82.667177291121334 276.35423165652901 32.428004004061222 21.766604940639809 143.29221478151157 22.654263002797961 3.3544440232217303 532.81645754352212
leaf_count=38835 60303 1380682 1815 336 109726 13511 467 10244 30229 5696 3173 11916 12831 3860 21856 2538 769 4463 2959 3027 3434 6021 4016 5329 913 499 3973 955 86 39070
internal_value=-0.00129962 -0.0257664 0.0184625 0.00805935 -0.0495076 0.00237673 -0.0175897 0.0334755 0.000891918 -0.0117891 0.00311307 0.0491404 0.0046937 0.0143389 0.00267603 -0.0571734 0.0234407 0.0184851 0.0544756 -0.0220019 -0.00729051 0.0222904 0.018373 0.0197653 0.0145959 0.0201506 0.0371828 -0.0167859 -0.0457816 0.0529872
internal_weight=6438.44 2876.79 3561.65 2659.72 1521.65 2173.71 294.685 486.006 1355.14 995.188 404.683 901.934 176.084 1178.52 516.583 1226.96 661.939 570.796 91.1437 590.505 244.937 533.164 262.685 313.948 388.584 330.147 165.059 58.4367 35.7824 826.975
internal_count=1783532 1575308 208224 155423 1506244 139514 123024 15909 69064 79649 12885 52801 13298 59865 35367 1383220 24498 17679 6819 66764 6461 16910 9712 5665 10889 8935 4472 1954 999 50986
is_linear=0
shrinkage=0.06


Tree=72
num_leaves=31
num_cat=0
split_feature=8 2 4 10 12 13 9 10 14 9 0 11 2 14 2 14 2 4 9 5 8 10 9 0 9 0 10 10 8 11
split_gain=817.493 451.658 244.62 161.03 98.3487 65.6552 51.7433 116.933 49.3174 46.8809 43.8027 41.2686 36.4395 34.8017 33.1261 29.9852 28.6534 27.0379 26.7778 25.4353 25.2294 25.1878 24.0592 22.974 22.966 22.1546 21.4334 21.3583 20.9373 25.2711
threshold=0.3717105239629746 0.7320508360862733 0.69309264421463024 0.62087112665176403 0.45000000298023229 1.0000000180025095e-35 0.19082633405923846 0.48397369682788854 2.5000000000000004 0.59163263440132152 0.38750000298023229 2.5000000000000004 0.27639257907867437 2.5000000000000004 0.90521115064620983 2.5000000000000004 1.0000000180025095e-35 0.35948719084262853 1.0000000180025095e-35 1.0000000180025095e-35 0.19523809850215915 0.97845596075057995 0.56615138053894054 0.26785714924335485 0.55395013093948375 0.10555555671453477 0.83796653151512157 0.91772764921188366 0.73030304908752453 2.5000000000000004
decision_type=2 2 2 2 2 2 2 2 2 2 2 2 2 2 2 2 2 2 2 2 2 2 2 2 2 2 2 2 2 2
left_child=1 3 10 18 19 6 -3 9 11 24 12 20 21 16 17 -7 -5 -14 -1 23 -9 -2 27 -4 -8 -19 -22 -10 29 -25
right_child=2 5 4 13 -6 15 7 8 22 -11 -12 -13 14 -15 -16 -17 -18 25 -20 -21 26 -23 -24 28 -26 -27 -28 -29 -30 -31
leaf_value=-0.024874121139674122 0.0054001318256244723 0.0033384219308007753 0.062539115305530163 -0.0045392454355845779 0.057068287795621946 -0.021599196409189121 -0.053058288930264645 -0.041656276728868277 -0.0056520182613275759 2.768916066209397 0.037242447985361464 -0.075909269702627777 -0.027392219812256959 5.8627119909475977e-05 0.054024079907805819 0.045480244180999149 -0.052937771135072476 0.013516442902377666 -0.057781370978175442 0.061103866371957354 0.04513100664652385 0.030831206550903961 0.032163712324243379 0.052632991124197087 0.41857913583838691 -0.03068415220067526 -0.05562681642678579 0.065169782751227118 0.044955377719235842 -0.0039661964762159581
leaf_weight=97.2262629797915 528.72792674356606 1242.2901352159679 32.826795980334282 73.525394840631634 792.7482743342407 28.737283103866503 230.66018380742753 39.047184215160087 205.82372661208501 0.021206359553615495 158.0592978191562 47.824970262881834 232.78611223958433 281.82571155461483 28.00790205411613 145.2219852298731 109.79794971179217 158.89150931092445 1054.8936379930237 48.626872503198683 36.20541494950885 190.7999158911407 129.3814458301058 32.373568435199559 0.37228164885891502 54.938817709218711 9.6198245435953122 16.563390200957656 51.070075079798698 231.32520584575832
leaf_count=43481 9177 15066 632 5894 60218 1005 224370 7724 8770 6 5957 2292 11344 34238 805 5658 41840 3925 1283884 2825 752 4125 2518 507 41 1041 162 392 1216 3667
internal_value=-0.0012566 -0.0190647 0.025016 -0.0429745 0.0448685 -0.000925579 -0.00406431 -0.016917 -0.000166269 -0.0520394 0.00756004 -0.0313348 0.00363125 -0.0131779 -0.00927371 0.034399 -0.0335266 -0.0132432 -0.0550044 0.0204596 -0.00621749 0.0121438 0.0115914 0.0147737 -0.0522983 0.00216011 0.0239795 -0.000377211 0.0097923 0.00298233
internal_weight=6290.22 3749.04 2541.18 1617.27 1188.97 2131.77 1957.81 715.52 484.466 231.054 1352.21 132.697 1194.15 465.149 474.624 173.959 183.323 446.616 1152.12 396.223 84.8724 719.528 351.769 347.596 231.032 213.83 45.8252 222.387 314.769 263.699
internal_count=1783532 1678093 105439 1409337 69065 268756 262093 247027 22610 224417 36374 10930 30417 81972 17115 6663 47734 16310 1327365 8847 8638 13302 11680 6022 224411 4966 914 9162 5390 4174
is_linear=0
shrinkage=0.06


Tree=73
num_leaves=31
num_cat=0
split_feature=8 3 2 10 9 12 13 14 2 3 3 9 8 10 11 8 2 14 2 0 13 2 2 2 6 9 14 10 2 3
split_gain=742.571 426.316 227.468 147.531 86.0042 67.2659 57.8308 40.0816 39.0764 37.8064 35.3547 34.2063 46.1304 30.1427 39.3589 42.9001 28.4135 26.9144 26.4578 25.912 25.1067 24.392 23.8593 23.524 20.5131 19.4518 18.458 18.0226 17.2133 25.7709
threshold=0.3717105239629746 0.66312056779861461 0.89699381589889537 0.6062217950820924 1.0000000180025095e-35 0.45000000298023229 1.0000000180025095e-35 2.5000000000000004 0.9529346525669099 0.93788579106330883 0.7897985875606538 0.19082633405923846 0.10912698507308961 0.97845596075057995 4.5000000000000009 0.69615384936332714 1.0000000180025095e-35 2.5000000000000004 1.0000000180025095e-35 0.30952382087707525 1.0000000180025095e-35 0.88273492455482494 0.88273492455482494 1.0000000180025095e-35 2.5000000000000004 0.41187486052513128 2.5000000000000004 0.76755931973457348 0.22401433438062671 0.48528139293193823
decision_type=2 2 2 2 2 2 2 2 2 2 2 2 2 2 2 2 2 2 2 2 2 2 2 2 2 2 2 2 2 2
left_child=1 3 10 4 19 9 8 16 11 24 13 21 -13 14 17 18 -5 20 -16 -1 -2 -3 -14 -22 -4 -15 -8 -19 -27 -30
right_child=2 6 5 7 -6 -7 26 -9 -10 -11 -12 12 22 25 15 -17 -18 27 -20 -21 23 -23 -24 -25 -26 28 -28 -29 29 -31
leaf_value=-0.058528033374496864 -0.014007580321710848 0.012958140659713291 0.02009666177993483 -0.0048483584765874246 -0.057767711548517946 0.057492800787735887 -0.010442013630808477 0.00010933679593770339 0.0066852536089790039 0.058279305145446769 0.039305108585331296 -0.052216919430451002 0.010550920319388105 -0.10969363272023648 -0.0052088189201236167 0.014004453928307549 -0.05188172644953646 0.079085799326160694 -0.038684085756192782 -0.0036477500776482151 -0.015211585866482021 -0.014022634510820347 -0.030921530097885969 0.042776234768110107 -0.023535059650359357 0.038793454221234154 0.044894471386310461 0.022822201809660242 -0.0043323604540889691 0.040093080290015452
leaf_weight=38.559750206186436 166.7344466507202 232.9079192642821 146.61982315592468 74.083826518559363 1043.612053729943 671.70513922907412 25.911370298592374 323.97273116832366 915.74103773734532 76.034784378483891 133.89318366162479 140.47226174268872 114.73879553854931 3.9894327763468018 166.09968793787993 178.16164902970195 123.02776312251808 22.584658361040056 174.07967393251602 157.39720363880042 38.44544740091078 250.21621371223591 88.425603693467565 73.017230039462447 52.745596526190639 151.94517127610743 133.52111788198818 221.60312017076649 127.40776180662215 74.491578618064523
leaf_count=32795 11187 6094 2505 6491 1337846 54735 895 40611 40781 4050 5296 133410 6943 32 1772 3057 49607 1052 5889 13461 292 1906 1844 2008 999 3885 5409 4541 1229 2910
internal_value=-0.00121733 -0.0183827 0.0241379 -0.0396584 -0.0509194 0.0472542 0.00131258 -0.0128706 -0.00185214 0.0222819 0.00985124 -0.0113084 -0.0257792 0.00703143 0.00186639 -0.00984726 -0.0342044 0.0134894 -0.0223391 -0.0144469 0.000729841 -0.00101555 -0.00749962 0.0227752 0.00855313 0.0220535 0.035901 0.028026 0.0235389 0.0120586
internal_weight=6142.15 3662.59 2479.56 1760.65 1239.57 947.105 1901.93 521.084 1742.5 275.4 1532.45 826.761 343.637 1398.56 1040.73 518.341 197.112 522.385 340.179 195.957 278.197 483.124 203.164 111.463 199.365 357.834 159.432 244.188 353.845 201.899
internal_count=1783532 1678093 105439 1480811 1384102 62289 197282 96709 190978 7554 43150 150197 142197 37854 29798 10718 56098 19080 7661 46256 13487 8000 8787 2300 3504 8056 6304 5593 8024 4139
is_linear=0
shrinkage=0.06


Tree=74
num_leaves=31
num_cat=0
split_feature=8 2 4 10 12 12 9 8 0 3 3 7 11 9 10 0 4 4 10 2 4 0 4 8 11 12 11 2 3 0
split_gain=673.194 399.383 224.348 157.92 98.9025 56.2244 38.9992 119.696 38.3513 34.8828 33.3201 27.5666 24.4694 33.3053 28.8725 23.9519 23.4635 33.4976 21.923 21.6289 29.6167 48.6103 20.3094 19.4149 24.0683 18.6641 19.3367 17.7437 27.5646 17.5561
threshold=0.3717105239629746 0.7320508360862733 0.69309264421463024 0.62087112665176403 0.45000000298023229 0.55000001192092907 0.19082633405923846 0.054093567654490478 0.38750000298023229 0.94312667846679699 0.29818989336490637 1.0000000180025095e-35 2.5000000000000004 0.56212684512138378 0.92762354016304027 0.26785714924335485 0.35948719084262853 1.0000000180025095e-35 0.97845596075057995 0.17467582225799563 0.43288289010524755 0.095454547554254546 0.58578637242317211 0.73030304908752453 2.5000000000000004 0.45000000298023229 4.5000000000000009 0.64326766133308422 0.54653680324554454 0.30952382087707525
decision_type=2 2 2 2 2 2 2 2 2 2 2 2 2 2 2 2 2 2 2 2 2 2 2 2 2 2 2 2 2 2
left_child=1 3 8 11 9 6 -3 -8 10 15 18 -1 13 -9 -14 -4 17 -12 -2 -5 29 22 -22 24 -17 26 -10 -23 -29 -21
right_child=2 5 4 19 -6 -7 7 12 25 -11 16 -13 14 -15 -16 23 -18 -19 -20 20 21 27 -24 -25 -26 -27 -28 28 -30 -31
leaf_value=-0.057469638518094897 0.0044465216455719199 0.0029210116780319768 0.061316523216090359 0.0054998945670303463 0.056553844925739401 0.035110915721137788 -0.055835578466099968 -0.005409471010182498 0.035922787919932836 0.059222951508377898 0.037285755965057919 -0.023214535506365291 -0.030945270518142869 0.031222832596909174 0.069142636035010363 0.050135425960203692 0.0033798150654696609 -0.034405829999299767 0.027640523495558015 -0.04067550683318532 -0.0045939470378655173 -0.061864180464401577 0.070544538236285786 0.041974366037097942 -0.0081994325837292589 0.052052743488335697 -0.035614940465294398 0.11406301986884497 -0.029896034100436036 0.085145725302000791
leaf_weight=941.55581584095489 557.95324971480295 1241.5608488549478 30.372169242240489 163.28965537180193 713.21952081797644 146.00702054606518 187.47392632224364 251.35110343882116 35.460684049874544 63.848231696523726 27.007262925850227 92.919972815318033 120.2433926028898 138.62676798918983 11.355729378759859 28.872761653736234 213.97595961007755 178.77424402814358 199.0428811442107 168.25668170687277 20.695561189728323 36.432622262393124 34.60244191926904 44.030315525829792 215.53332728450187 91.983400352299213 22.067014660686255 6.1333968758699511 21.832701180421282 4.0893222293816498
leaf_count=1283892 10983 15027 598 10465 60218 10650 214810 20994 392 3813 437 43473 4067 2934 274 420 5154 9583 4260 62453 2992 3445 752 996 3020 5357 208 437 1184 244
internal_value=-0.00117554 -0.0176801 0.0232625 -0.0414326 0.043351 -0.000802157 -0.00349032 -0.0147167 0.0066637 0.0187427 0.0030269 -0.0543927 6.29717e-05 0.00761234 -0.0223087 0.0106357 -0.0105315 -0.0249969 0.0105451 -0.0119884 -0.0217666 0.00116083 0.0424236 0.00529906 -0.00130808 0.0352878 0.00848167 -0.0342707 0.00167641 -0.0376901
internal_weight=6008.57 3586.43 2422.14 1489.81 1095.88 2096.62 1950.61 709.051 1326.26 382.657 1176.75 1034.48 521.577 389.978 131.599 318.809 419.757 205.782 756.996 455.332 292.043 119.697 55.298 288.436 244.406 149.511 57.5277 64.3987 27.9661 172.346
internal_count=1783532 1678093 105439 1409337 69065 268756 258106 243079 36374 8847 30417 1327365 28269 23928 4341 5034 15174 10020 15243 81972 71507 8810 3744 4436 3440 5957 600 5066 1621 62697
is_linear=0
shrinkage=0.06


Tree=75
num_leaves=31
num_cat=0
split_feature=8 3 4 12 7 14 8 10 9 10 8 14 11 10 11 9 3 11 9 8 4 11 8 9 10 9 13 12 4 3
split_gain=611.341 388.126 263.076 122.204 74.0248 59.615 57.9025 48.2012 41.6204 58.0834 34.7063 31.1843 30.5245 27.2856 27.0324 25.8593 25.527 24.1203 32.2979 23.8519 21.6896 19.1022 30.4279 24.3748 23.2605 18.7555 18.568 24.191 18.5589 44.7094
threshold=0.19523809850215915 0.66312056779861461 0.79008570313453685 0.45000000298023229 1.0000000180025095e-35 2.5000000000000004 0.42481203377246862 0.59776359796524059 0.24264069646596911 0.44076909124851232 0.92582416534423839 2.5000000000000004 1.5000000000000002 0.99758455157279979 5.5000000000000009 0.51038074493408214 0.99450549483299266 2.5000000000000004 0.56615138053894054 0.29705883562564855 0.08893280848860742 3.5000000000000004 0.5419580638408662 0.93771553039550792 0.94461485743522655 0.47084967792034155 1.0000000180025095e-35 0.90000000596046459 1.0000000180025095e-35 0.48313754796981817
decision_type=2 2 2 2 2 2 2 2 2 2 2 2 2 2 2 2 2 2 2 2 2 2 2 2 2 2 2 2 2 2
left_child=1 4 5 16 7 6 20 -1 -3 -10 17 -11 15 14 26 -13 -4 18 -7 -19 -2 23 24 -21 -23 -14 27 -8 -15 -30
right_child=2 8 3 -5 -6 10 13 -9 9 11 -12 12 25 28 -16 -17 -18 19 -20 21 -22 22 -24 -25 -26 -27 -28 -29 29 -31
leaf_value=-0.058627484148412637 -0.0084458816518653453 0.0037050365950924676 0.010350996991613728 0.055281052708471536 -0.013422388801095284 0.0025436501483558863 0.00397345536229701 -0.015652553633074003 -0.050194123287781181 -0.043118539948887709 0.053815258457356026 0.0067247143465618275 0.00040988281491009869 0.041386155172271191 -0.023240964541583354 0.063124980719592966 0.047691698781515447 -0.027062291386838959 0.056966077040455483 0.030904846767360616 -0.042536041677827957 -0.024746127298071175 0.015576898819193313 -0.10603930504530357 0.044983820969095804 -0.064410908567397215 0.021131124664424763 -0.048014152619908788 -0.02439289767723344 0.047598856253807248
leaf_weight=895.67166945862118 108.41263697680552 1155.7628416307853 415.15562004607636 698.6428850623779 191.72927463310771 72.257055677939206 148.50347072340082 104.96858621574938 138.33321163122309 52.025685598666314 74.099239826202393 84.078849523386452 44.667989247129299 88.109607469290495 189.70911717740819 44.890882381529082 78.345435582101345 70.01087902020663 85.958689353545196 165.03096116683446 176.69541190302698 149.39183655730449 278.3208732814528 4.8155656633898607 19.466043142601848 25.099019680870697 146.50525610137265 41.151324996259063 74.558835741132498 53.224379884079099
leaf_count=1304239 8270 16923 7320 59949 46242 9583 6679 38485 142059 14280 3132 10455 1375 2551 3388 1172 4230 9259 7220 5216 62098 5544 5690 102 259 980 3028 512 623 2669
internal_value=-0.00113484 -0.0218584 0.0169398 0.0391357 -0.0475754 0.00334392 -0.00659218 -0.0541194 -0.00200914 -0.0189824 0.0144421 -0.0017645 0.00906123 0.00224096 -0.00513241 0.0263561 0.016279 0.0109904 0.0321114 0.0061265 -0.0295732 0.00989227 0.00338604 0.0270221 -0.0167076 -0.0229097 0.005087 -0.00730682 0.0202009 0.00559317
internal_weight=5875.59 2737.23 3138.37 1192.14 1192.37 1946.22 1026.87 1000.64 1544.86 389.096 919.351 250.762 198.737 741.762 525.869 128.97 493.501 845.252 158.216 687.036 285.108 617.025 447.179 169.847 168.858 69.767 336.16 189.655 215.893 127.783
internal_count=1783532 1576210 207322 71499 1388966 135823 89818 1342724 187244 170321 46005 28262 13982 19450 13607 11627 11550 42873 16803 26070 70368 16811 11493 5318 5803 2355 10219 7191 5843 3292
is_linear=0
shrinkage=0.06


Tree=76
num_leaves=31
num_cat=0
split_feature=12 2 4 11 0 1 1 1 0 4 3 9 4 14 9 4 2 2 3 0 4 4 2 0 3 4 11 0 9 0
split_gain=554.991 298.792 250.952 185.776 74.607 52.6894 35.2537 48.3094 30.7192 34.3334 28.6071 28.3241 28.0434 27.3524 27.1575 25.3116 23.7593 30.6301 24.1625 37.0818 36.4435 38.898 58.853 23.1387 41.3072 52.7498 56.9161 52.134 31.3451 22.3828
threshold=0.45000000298023229 0.7320508360862733 0.77485185861587536 1.5000000000000002 0.35416667163372045 0.92403846979141246 0.68870675563812267 0.25176055729389196 0.43650794029235845 0.88630491495132457 0.33508773148059851 0.58191436529159557 0.3964285701513291 2.5000000000000004 0.61422947049140941 0.62397539615631115 0.99450549483299266 0.92718276381492626 0.76728257536888134 0.43650794029235845 0.96662956476211559 0.77485185861587536 0.83935481309890758 0.91666665673255932 0.81605800986289989 0.82446312904357921 1.5000000000000002 0.63333335518836986 0.62090381979942333 0.58571431040763866
decision_type=2 2 2 2 2 2 2 2 2 2 2 2 2 2 2 2 2 2 2 2 2 2 2 2 2 2 2 2 2 2
left_child=1 3 4 8 10 16 7 -5 9 -1 -2 -10 -9 -12 -7 -13 17 18 19 -3 21 22 -20 24 -18 26 -26 -28 -25 -24
right_child=2 5 -4 6 -6 14 -8 12 11 -11 13 15 -14 -15 -16 -17 23 -19 20 -21 -22 -23 29 28 25 -27 27 -29 -30 -31
leaf_value=-0.057844809782248138 0.0092211076836642078 -0.041416717719390386 0.052865076780415118 0.0025703824097115151 0.046417038788456454 0.0099780075224303495 0.04557134643967857 -0.046019398818856236 -0.019399029053694436 0.095100595224769074 -0.030558762312685381 0.82885762472349589 -0.011643946365079037 0.0038873058819490621 0.04587499289723785 -0.061225163019496626 0.0021255234335963188 -0.051080615828402488 0.050469479937461932 -0.0054720379702261051 -0.021042420221903158 0.034996188457085298 -0.040604340976827191 0.0016828810776977135 -0.052249644927320614 -0.02878534836358931 -0.068360741912395842 -0.45554363880275639 0.037421694042431702 0.044944826448068957
leaf_weight=777.60870871151565 696.36122952809092 164.82366900489433 731.95997832517605 307.96013525128365 159.35178841184825 413.11398112773895 36.930614403274376 185.06760849570855 73.865596770192496 5.3199463798664501 155.273235624074 0.26876308547798444 158.69546706526307 178.26628742512548 92.940267890691757 0.20106073404895142 125.63426292251097 65.886670351610519 44.543655998248141 276.90447231696453 178.13007664168254 149.34257749695098 99.203087508853059 503.51895592710935 6.4832940194755775 40.992781589622609 1.9603115608915684 3.4647283516824245 107.14697854407132 12.384433325903954
leaf_count=1168462 22400 120841 65007 35933 10353 14635 2303 97407 52744 1962 16075 16 26718 18283 4261 45 14388 4827 6973 38473 11460 6831 9859 28799 393 1410 25 51 2398 200
internal_value=-0.00109496 -0.014289 0.0252242 -0.0346636 0.00821178 -0.000513377 -0.0114571 -0.0146887 -0.0533058 -0.0568056 0.00230045 -0.0164452 -0.0301502 -0.0121484 0.0165707 0.447947 -0.00536925 -0.0115539 -0.00873948 -0.0188842 0.000526812 0.0131044 -0.00783549 0.00239855 -0.016602 -0.0610778 -0.17224 -0.315637 0.00795359 -0.0311097
internal_weight=5753.6 3832.39 1921.21 1545.92 1189.25 2286.47 688.654 651.723 857.264 782.929 1029.9 74.3354 343.763 333.54 506.054 0.469824 1780.42 991.219 925.332 441.728 483.604 305.474 156.131 789.201 178.535 52.9011 11.9083 5.42504 610.666 111.588
internal_count=1783532 1651414 132118 1385590 67111 265824 162361 160058 1223229 1170424 56758 52805 124125 34358 18896 61 246928 199464 194637 159314 35323 23863 17032 47464 16267 1879 469 76 31197 10059
is_linear=0
shrinkage=0.06


Tree=77
num_leaves=31
num_cat=0
split_feature=8 0 4 4 10 12 13 0 1 1 1 4 4 10 0 1 4 0 4 4 1 10 10 7 0 1 14 10 8 1
split_gain=518.297 311.35 193.902 185.058 155.586 88.7151 53.1448 33.6575 30.8144 29.6815 27.5723 27.1435 29.3745 25.6814 24.5944 24.2287 23.9907 37.6718 28.9452 37.7305 27.8 24.3983 23.6991 23.4494 23.4057 21.8411 18.7258 18.4381 22.4317 17.6246
threshold=0.39444445073604589 0.43650794029235845 0.79205974936485302 0.69309264421463024 0.62612760066986095 0.45000000298023229 1.0000000180025095e-35 0.38750000298023229 0.29679679870605474 0.25176055729389196 0.43714080750942236 0.35948719084262853 1.0000000180025095e-35 0.92762354016304027 0.26785714924335485 0.93978244066238414 0.99122807383537304 0.58571431040763866 0.64075469970703136 0.90098038315773021 0.94609123468399059 0.82397845387458812 0.97845596075057995 1.0000000180025095e-35 0.73214286565780651 0.95488464832305919 2.5000000000000004 0.79324594140052807 0.73030304908752453 0.80229884386062633
decision_type=2 2 2 2 2 2 2 2 2 2 2 2 2 2 2 2 2 2 2 2 2 2 2 2 2 2 2 2 2 2
left_child=1 2 4 7 23 15 10 8 22 -6 -3 12 -10 26 -4 27 17 18 -12 -20 24 -19 -2 25 -18 -1 -11 -5 -29 -16
right_child=3 6 14 5 9 -7 -8 -9 11 13 16 -13 -14 -15 29 -17 20 21 19 -21 -22 -23 -24 -25 -26 -27 -28 28 -30 -31
leaf_value=-0.058354276936248034 0.0040767372848562198 -0.054063166767772765 0.072831394093701401 0.055705245728642258 0.0018548638493660929 0.055911885932713644 0.036489731918744238 0.035083031631038951 0.032977014700537058 -0.052708528292851754 0.02571489828340422 0.0051186464226531938 -0.035371862383484276 0.051447220944445184 -0.025267680355037844 0.054818522118316775 -0.074495969884028151 0.040879771378427382 -0.024017983394896303 0.065401599614272485 0.01122804036534953 -0.034544989247919371 0.029093864878079068 -0.029681047021052152 -0.0085625803104819233 1.2555513155969615 -0.019410357115631556 -0.0023996086209304877 0.043226469743300036 0.033148724715265386
leaf_weight=861.22853315609973 511.69732166989706 35.245982123538852 41.250801963440608 29.71669254032895 232.15752060175873 597.76803003810346 143.35992239485495 133.12613878957927 26.147898676805198 95.248753551742993 91.187721036432777 204.16669350350276 168.56865656952141 14.176757351960985 25.548745998763479 53.548401495441794 19.80941741343122 155.4735410696594 174.27457221911754 18.822202611656394 293.4296514938469 17.141815814189613 185.82470074295998 117.22114387288457 899.74172728019767 0.045548305555711432 168.10691409849096 214.87612334638834 47.337651257403195 68.294018078711815
leaf_count=1359759 8977 14994 4868 362 18758 59186 6411 5845 407 36969 22662 4550 7770 311 10047 3356 1882 5355 29713 508 11215 282 4231 46578 84240 8 26367 3519 1225 3177
internal_value=-0.00105122 -0.0154345 -0.0346085 0.0219311 -0.0408564 0.041923 0.00140341 0.00659408 0.00313494 -0.0139761 -0.0015465 -0.0101665 -0.0261935 -0.0272187 0.0342182 0.0177187 -0.000438039 0.0112798 -0.00214517 -0.0153018 -0.00485184 0.0333896 0.0107415 -0.0548581 -0.00998295 -0.0582848 -0.0314534 0.0109135 0.0058373 0.0172448
internal_weight=5644.54 3471.77 1623.28 2172.78 1488.19 943.247 1848.49 1229.53 1096.41 509.69 1705.13 398.883 194.717 277.532 135.094 345.479 1669.88 456.9 284.284 193.097 1212.98 172.615 697.522 978.495 919.551 861.274 263.356 291.93 262.214 93.8428
internal_count=1783532 1684104 1506842 99428 1488750 67648 177262 31780 25935 82405 170851 12727 8177 63647 18092 8462 155857 58520 52883 30221 97337 5637 13208 1406345 86122 1359767 63336 5106 4744 13224
is_linear=0
shrinkage=0.06


Tree=78
num_leaves=31
num_cat=0
split_feature=12 2 10 4 0 3 10 10 10 7 14 4 13 6 12 10 10 3 4 0 11 4 11 7 10 11 0 4 4 3
split_gain=461.479 260.385 235.825 228.729 64.5548 42.9417 33.943 33.1992 28.7232 28.0787 28.0106 25.2002 30.2076 24.3824 23.4533 22.6044 21.1246 20.6715 28.2524 24.328 22.8018 21.1935 19.2919 18.8293 112.376 27.4091 17.3963 28.1494 27.9424 32.7322
threshold=0.45000000298023229 0.7320508360862733 0.69452759623527538 0.77485185861587536 0.35416667163372045 0.94312667846679699 0.73192510008811962 0.58007633686065685 0.97845596075057995 1.0000000180025095e-35 2.5000000000000004 1.0000000180025095e-35 1.0000000180025095e-35 2.5000000000000004 1.0000000180025095e-35 0.70241516828536998 0.96379300951957714 0.25866188108921057 0.35948719084262853 0.095454547554254546 11.500000000000002 0.59824562072753917 5.5000000000000009 1.0000000180025095e-35 0.48579499125480657 2.5000000000000004 0.43650794029235845 0.53752347826957714 0.4248871803283692 0.58102023601531994
decision_type=2 2 2 2 2 2 2 2 2 2 2 2 2 2 2 2 2 2 2 2 2 2 2 2 2 2 2 2 2 2
left_child=1 2 9 4 7 8 13 -2 23 -1 11 16 -13 -7 17 -12 -9 20 -19 21 -4 -20 -14 24 -3 -26 -11 28 -28 -30
right_child=3 5 14 -5 -6 6 -8 10 -10 26 15 12 22 -15 -16 -17 -18 18 19 -21 -22 -23 -24 -25 25 -27 27 -29 29 -31
leaf_value=-0.055848914765386067 -0.055620692098800717 -0.055875030452603634 0.017012163954788193 0.051658130299221089 0.044505404395713134 -0.0016114066956151309 0.051471733888557858 -0.0062199210323489436 0.041965554977303129 -0.042844280348260516 0.082578151593477991 -0.063412992902770568 0.0055755791318522372 0.035497889186016138 -0.0321886522027547 0.012191013084675156 0.028805413354771426 -0.03785882524037687 0.00087984196248129228 -0.019247073932067066 -0.18018434414580889 0.062214270294318162 -0.032143951304049338 5.5712927038118956e-05 0.013082360073827825 -0.011745016931592868 -0.03048801683093072 -0.0090526730703682258 0.13574346099387211 0.57661507908390452
leaf_weight=800.58709950844059 34.535011381958611 168.93106336309575 231.96275114594027 665.90784269862343 148.82909600308631 235.85850539756939 82.809731714427471 157.78805859509157 46.972144039347768 48.690451984875835 17.036520702880807 45.410821185214445 123.68076702026883 87.345019792439416 82.30609660060145 457.70979500748217 102.10462612845004 84.210156472283415 46.294234516099095 76.44177628797479 2.1303177699446669 36.094013403635472 80.641216498333961 979.29601061169524 283.03637498768512 368.48983020358719 1.9673022311180819 30.897486629895866 2.1373197482898836 0.84630925580859173
leaf_count=1294677 36885 212699 11517 65007 10353 9543 4978 1820 994 40969 2346 2020 2877 2465 4288 6845 2898 22751 5740 2505 16 623 1067 11735 16209 7201 160 2103 196 45
internal_value=-0.00101401 -0.0132191 -0.0331031 0.023596 0.00759349 -0.000468555 0.0171986 0.00220186 -0.00435278 -0.0523763 0.00423047 -0.00553825 -0.0191492 0.0084173 -0.00260988 0.0147169 0.00754056 0.0024925 -0.00976416 0.00513136 0.0152176 0.0277502 -0.00931146 -0.00556165 -0.0122665 -0.000959494 -0.0194901 0.0122303 0.145052 0.260797
internal_weight=5530.95 3697.3 1444.57 1833.64 1167.74 2252.74 406.013 1018.91 1846.73 885.126 984.372 509.625 249.733 323.204 559.439 474.746 259.893 477.133 243.04 158.83 234.093 82.3882 204.322 1799.75 820.457 651.526 84.5389 35.8484 4.95093 2.98363
internal_count=1783532 1651414 1385590 132118 67111 265824 16986 56758 248838 1338150 19873 10682 5964 12008 47440 9191 4718 43152 31619 8868 11533 6363 3944 247844 236109 23410 43473 2504 401 241
is_linear=0
shrinkage=0.06


Tree=79
num_leaves=31
num_cat=0
split_feature=10 9 3 3 10 14 13 0 10 11 0 11 13 11 9 1 1 0 1 3 10 10 4 3 9 10 10 11 3 4
split_gain=410.176 372.297 213.857 81.7782 66.7206 73.3591 49.5313 42.3321 36.7297 31.3484 30.0887 25.2831 24.1562 39.2514 23.1249 25.8862 42.1454 159.87 22.3642 46.6546 32.0516 25.4681 23.7948 21.8084 20.1456 23.951 18.8381 17.224 15.2444 14.6982
threshold=0.59399941563606273 0.21085321903228763 0.87585616111755382 0.72812235355377208 0.99758455157279979 2.5000000000000004 1.0000000180025095e-35 0.15476191043853763 0.76755931973457348 1.0000000180025095e-35 0.30952382087707525 2.5000000000000004 1.0000000180025095e-35 5.5000000000000009 0.57207792997360241 0.51000401377677929 0.51818782091140758 0.30952382087707525 0.43792808055877691 0.27639257907867437 0.7117014229297639 0.92762354016304027 0.45222154259681707 0.78456193208694469 0.68100523948669445 0.75490951538085949 0.87737199664115917 3.5000000000000004 0.74239632487297069 0.96662956476211559
decision_type=2 2 2 2 2 2 2 2 2 2 2 2 2 2 2 2 2 2 2 2 2 2 2 2 2 2 2 2 2 2
left_child=1 10 4 14 5 12 8 27 11 -5 -1 -4 26 -14 -3 -16 17 -17 19 -7 22 24 -20 -24 -22 -26 -2 -6 -21 -12
right_child=2 3 6 9 7 18 -8 -9 -10 -11 29 -13 13 -15 15 16 -18 -19 20 28 21 -23 23 -25 25 -27 -28 -29 -30 -31
leaf_value=-0.045495082731038451 -0.030758765412627894 -0.057370733976444939 0.0084829499829866036 -0.048046117994419713 -0.024270102711431131 0.012979929962085487 0.058158251650249029 0.056898461282795056 0.037686462500859733 0.0011940569426398858 0.012254239275643898 -0.072967862481039356 0.01459308667852869 -0.026044577913946629 -0.042339069863556275 -0.060133947352281412 0.12188480574384609 6.366554282754838 -0.029387323686480275 -0.029717377086670476 -0.0074449941846887044 0.036974725938151841 0.082944565282491375 0.020176803300893411 0.08279221074339034 0.012363062672220327 -0.0086022513866191135 0.020270759345945834 0.2602907885731327 -0.0016071951133117279
leaf_weight=48.225983947690111 278.17510915786261 787.6809343798086 58.494480868801475 68.22765596897807 35.852393379434943 357.7438933844096 369.06013393588364 122.15640353225172 219.17368039768189 146.466216478555 403.2517375164316 17.923479478806257 238.62414898496354 133.4007114317501 6.7626131604192761 0.05492085451260198 4.1324355013784952 0.018672203354071826 11.962055220850742 135.22803892631782 208.18793718738016 119.51164973527193 56.596188757102937 30.757015404989943 19.439357510535046 164.31336892931722 274.43133853632025 243.73386608436704 0.65568364690989156 868.54097767401254
leaf_count=41009 71992 1385557 978 80705 336 15562 40297 10244 11425 9182 20423 270 10270 3182 10364 71 1142 15 5557 24796 6152 6072 3346 481 426 5511 5203 5329 12 7623
internal_value=-0.000979179 -0.0199748 0.0133399 -0.0473286 0.00509329 0.000670061 0.0434997 0.0274331 0.0251978 -0.014454 0.00102391 -0.010621 -0.0117984 2.12289e-05 -0.0561659 0.0303532 0.147231 1.57046 0.011109 0.00161161 0.0187849 0.0127281 0.0499761 0.0608441 0.0053347 0.0198138 -0.0197556 0.0145591 -0.028318 0.0027879
internal_weight=5428.78 2333.36 3095.42 1013.34 2430.77 2029.03 664.652 401.743 295.592 214.694 1320.02 76.418 924.631 372.025 798.65 10.9686 4.20603 0.0735931 1104.4 493.628 610.768 511.452 99.3153 87.3532 391.941 183.753 552.606 279.586 135.884 1271.79
internal_count=1783532 1556091 227441 1487036 174471 158562 52970 15909 12673 89887 69055 1248 90647 13452 1397149 11592 1228 86 67915 40370 27545 18161 9384 3827 12089 5937 77195 5665 24808 28046
is_linear=0
shrinkage=0.06


Tree=80
num_leaves=31
num_cat=0
split_feature=12 1 4 10 0 0 1 10 10 10 2 2 0 11 10 0 10 7 10 4 10 14 3 10 4 4 4 0 12 1
split_gain=385.069 228.007 211.954 203.107 59.2872 56.2978 40.169 28.8872 27.1586 25.0615 24.8677 28.231 25.4376 57.5378 24.6734 24.1066 40.8896 35.8018 52.691 26.1102 28.3637 23.9292 23.5863 29.049 38.1089 23.0398 22.7495 21.0392 20.7528 22.365
threshold=0.45000000298023229 0.61311829090118419 0.77485185861587536 0.74369570612907421 0.43650794029235845 0.35416667163372045 0.92403846979141246 0.58007633686065685 0.76755931973457348 0.99758455157279979 0.99450549483299266 0.92718276381492626 0.91666665673255932 4.5000000000000009 0.55891487002372753 0.087121214717626586 0.5219533145427705 1.0000000180025095e-35 0.49157276749610906 0.37354651093482977 0.64395171403884899 2.5000000000000004 0.80229884386062633 0.82397845387458812 0.81934732198715221 1.0000000180025095e-35 0.92940199375152599 0.63333335518836986 0.13392857462167743 0.26365442574024206
decision_type=2 2 2 2 2 2 2 2 2 2 2 2 2 2 2 2 2 2 2 2 2 2 2 2 2 2 2 2 2 2
left_child=1 3 5 4 -1 7 9 -2 -8 10 11 15 13 22 -14 16 -3 18 -17 -18 -21 25 -12 -24 -25 -9 27 -20 29 -5
right_child=2 6 -4 28 -6 -7 8 21 -10 -11 12 -13 14 -15 -16 17 19 -19 26 20 -22 -23 23 24 -26 -27 -28 -29 -30 -31
leaf_value=-0.055186310704017853 -0.054885207867316037 -0.052750042370936494 0.05053694613509703 0.018399161782378951 -0.014136577067122595 0.042491264342931837 0.0081870666082022765 0.0071901427950263712 0.044704868821749989 0.05500863514962992 0.011137306250098393 -0.05099727490701049 0.0010352559424391106 -0.1675573676791246 0.029212470507233818 -0.057598152503083158 -0.031510197975471749 0.00093017142300463006 -0.0092500865642615136 0.20897264191073509 0.050596560430087291 0.013393040441340801 -0.016330381028894989 -0.30484134784296724 -0.060298271923637042 -0.018439938190485158 -0.036571412687529871 0.039230165471116171 -0.029595193522534157 -0.0095535047291555684
leaf_weight=747.34367250988726 31.319382425572257 20.182189350365661 611.05773686373141 216.76832359004766 152.50823046645382 139.61242078605574 401.04955235566013 256.79366415092954 89.717628153041005 25.003233110532165 80.084753331087995 61.394756300083827 387.9215979661094 8.8391839750111085 157.21617957879789 120.7669945351081 12.761706500488797 402.15805726393592 192.9714493608335 4.4611804143642066 46.528484612936154 470.44633839296876 41.58098088321276 3.0610204972326747 9.1570104938000423 248.40318964916514 90.910919913090765 38.686172358808108 72.978216807008721 196.412744015106
leaf_count=1237985 36885 29465 65007 7772 64406 10353 14382 4718 4817 659 5017 4459 21247 119 2993 200011 4963 10732 13694 1364 1232 9191 1835 33 159 5964 2930 493 3061 17586
internal_value=-0.00100426 -0.012295 0.021996 -0.0313468 -0.0482291 0.00678533 -0.000261918 0.0018348 0.0148629 -0.00461881 -0.00550693 -0.0115916 0.00325766 -0.0192923 0.00916148 -0.0089886 0.0216804 -0.0120332 -0.0237924 0.0452433 0.0644532 0.00365559 -0.00950363 -0.0402296 -0.121564 -0.00541206 -0.0111359 -0.00115402 -9.84843e-05 0.00511138
internal_weight=5338.1 3580.46 1757.63 1386.01 899.852 1146.57 2194.45 1006.96 490.767 1703.69 1678.68 990.822 687.861 142.723 545.138 929.427 83.9336 845.494 443.336 63.7514 50.9897 975.643 133.884 53.799 12.218 505.197 322.569 231.658 486.159 413.181
internal_count=1783532 1651414 132118 1330810 1302391 67111 320604 56758 19199 301405 300746 269343 31403 7163 24240 264884 37024 227860 217128 7559 2596 19873 7044 2027 192 10682 17117 14187 28419 25358
is_linear=0
shrinkage=0.06


Tree=81
num_leaves=31
num_cat=0
split_feature=8 2 3 10 10 11 0 3 13 0 12 13 2 3 0 2 0 9 10 0 14 14 11 10 3 2 2 10 11 9
split_gain=371.157 248.906 171.001 150.668 44.6425 56.0974 42.1879 38.5947 38.534 32.8298 30.7074 35.5055 23.3784 32.5716 22.4877 21.6711 18.639 17.263 17.9177 17.1446 16.6185 16.4974 16.5005 16.316 15.9724 15.9349 15.3555 15.315 16.876 14.7883
threshold=0.39444445073604589 0.68457102775573742 0.89009663462638866 0.62087112665176403 0.99758455157279979 3.5000000000000004 0.43650794029235845 0.67962265014648449 1.0000000180025095e-35 0.15476191043853763 0.90000000596046459 1.0000000180025095e-35 0.85053193569183361 0.76728257536888134 0.30952382087707525 1.0000000180025095e-35 1.0000000180025095e-35 1.0000000180025095e-35 0.54176929593086254 0.11805555596947671 2.5000000000000004 2.5000000000000004 3.5000000000000004 0.76755931973457348 0.87585616111755382 1.0000000180025095e-35 1.0000000180025095e-35 0.48579499125480657 1.5000000000000002 0.68100523948669445
decision_type=2 2 2 2 2 2 2 2 2 2 2 2 2 2 2 2 2 2 2 2 2 2 2 2 2 2 2 2 2 2
left_child=1 3 4 -1 5 15 7 -3 -8 26 -7 20 13 19 25 29 21 -15 -19 27 -12 -5 -23 -17 -14 -13 -6 -9 -29 -2
right_child=2 6 -4 16 9 10 8 12 -10 -11 11 14 24 17 -16 23 -18 18 -20 -21 -22 22 -24 -25 -26 -27 -28 28 -30 -31
leaf_value=-0.055078199108717127 -0.053503908751964736 -0.045738982589872738 0.053953402043367009 -0.020543113978758142 0.036695236465098341 -0.012129369801070313 5.1979944735611679e-05 -0.060104066722734974 0.035313315518212166 0.055807780315723449 -0.046719510310059047 0.030294572566332039 -0.036826099632900157 0.10649822293927591 0.047605163046100331 0.068371390791808914 -0.043192278674514681 -0.052915568502164612 0.055512198873318895 -0.030260946005701585 0.0029801381957656903 0.012371090599789506 -0.02661986786681866 0.026778609114508817 0.001831049331117952 -0.0015016511583660676 0.0056465719690369873 0.23248362610474241 0.043383989534618285 0.021966656869620113
leaf_weight=653.58101155937766 18.784360361401923 131.74260451740702 407.48903943086043 159.2032209491008 89.562992032617331 515.67402612592559 1607.5821819143021 3.9342665516596744 119.89114916138351 113.03011743025854 48.766153259784915 90.838117377832532 91.936937016784213 15.367129881866274 77.30440942524001 39.594940468901768 53.805630424292758 7.3753123505157445 21.425094010017347 46.962260151136434 48.121257944963872 190.50398923014291 49.154291784041561 238.28452652704436 66.173167260596529 151.16755936224945 159.39907728414983 2.0630187824717714 9.6283754404284974 18.603949047159404
leaf_count=1229058 250 160678 42944 46343 2925 13462 124896 5558 6159 10916 866 1463 20941 402 7814 4057 5553 8289 542 39942 1417 26928 4903 8027 2498 2534 2578 472 942 175
internal_value=-0.000963403 -0.013572 0.0192336 -0.0366503 0.0104414 0.00505716 -0.00155247 -0.0192 0.00249921 0.0289911 -0.00234446 0.00977917 -0.00599968 0.0156939 0.0194325 0.0269349 -0.0100433 0.0551459 0.0277456 -0.012147 -0.0220351 -0.00557153 0.00437398 0.0327051 -0.0206471 0.0104332 0.0168162 0.0422939 0.0767518 -0.0159507
internal_weight=5246.95 3230.33 2016.62 1106.25 1609.13 1247.14 2124.08 396.608 1727.47 361.992 931.872 416.197 264.866 106.755 319.31 315.268 452.667 44.1675 28.8004 62.5879 96.8874 398.862 239.658 277.879 158.11 242.006 248.962 15.6257 11.6914 37.3883
internal_count=1783532 1684104 99428 1312785 56484 40065 371319 240264 131055 16419 27556 14094 79586 56147 11811 12509 83727 9233 8831 46914 2283 78174 31831 12084 23439 3997 5503 6972 1414 425
is_linear=0
shrinkage=0.06


Tree=82
num_leaves=31
num_cat=0
split_feature=12 1 10 1 7 1 10 13 10 0 13 10 10 2 3 9 2 2 2 0 10 3 1 9 9 2 3 1 4 1
split_gain=322.478 180.588 217.817 165.646 57.5155 43.0698 35.8245 33.5611 37.0068 31.483 27.7679 28.7528 26.6189 26.3237 45.0154 24.2023 22.9799 22.1306 24.9035 25.3678 54.3678 31.5156 33.1847 30.5843 23.599 23.1054 20.4686 20.3179 23.327 19.7447
threshold=0.90000000596046459 0.61311829090118419 0.64879238605499279 0.67962265014648449 1.0000000180025095e-35 0.92403846979141246 0.76755931973457348 1.0000000180025095e-35 0.91772764921188366 0.26785714924335485 1.0000000180025095e-35 0.90422871708869945 0.99758455157279979 0.69282051920890819 0.3034138828516007 0.46759706735610967 0.92907443642616283 0.52704679965972911 0.99450549483299266 0.91666665673255932 0.82397845387458812 0.80229884386062633 0.89512962102890026 0.95090001821517955 0.62090381979942333 0.92718276381492626 0.82097071409225475 0.25176055729389196 0.53452381491661083 0.80229884386062633
decision_type=2 2 2 2 2 2 2 2 2 2 2 2 2 2 2 2 2 2 2 2 2 2 2 2 2 2 2 2 2 2
left_child=1 2 4 7 -1 12 26 8 -2 15 11 16 17 14 -4 -9 -5 -3 25 20 -20 -22 23 29 -21 -19 -7 -17 -29 -23
right_child=3 5 13 10 -6 6 -8 9 -10 -11 -12 -13 -14 -15 -16 27 -18 18 19 24 21 22 -24 -25 -26 -27 -28 28 -30 -31
leaf_value=-0.057257943865733872 -0.033615437437934201 0.06172985610657053 0.0026383008123690172 -0.051437567511013089 -0.013097620759574161 0.09724679870689823 0.047011737983702138 -0.02886446599888437 0.013903914041009022 0.050883311476316577 0.056324072386399235 0.050310768486469586 0.049241713315727034 0.027109058037438943 -0.03004110022007259 0.026062716367689136 0.030398745457214965 -0.0091314190813337973 0.0035944623488392904 0.0034062705752904211 -0.025241897033082123 -0.3420555867631121 0.032039633776010379 -0.44689480420869238 0.035844070234631077 -0.046792281944630802 0.0058998796552024325 -0.0062945419908664747 0.057105013452039881 -0.11969632087307969
leaf_weight=603.75472005381016 129.81210742352414 17.856658020959003 472.0356733147637 25.21463740040781 128.83124446205329 9.0316824624314886 106.60160124208778 53.394159783027135 108.1539548644796 75.471983287367038 438.76445076847449 60.619941485114396 33.545468001160771 87.17142514907755 223.63877975114156 235.0853679618449 24.21598712640116 945.77957567537669 108.26247918407898 459.7637691317359 20.7346186991781 1.6039074622094691 3.7157072597183278 1.2894672136753786 97.940667029935867 62.522534361458384 397.17146656097611 192.74540215230081 23.43230000755284 13.866063004825262
leaf_count=1225088 30587 4622 30359 3668 40902 400 7902 3807 2446 5720 50401 6372 1618 2123 41554 5022 1384 262338 6708 22583 385 25 98 22 3348 4603 14341 3805 1042 259
internal_value=-0.000924405 -0.00992453 -0.0259774 0.0240637 -0.049492 0.000746692 0.016055 0.00695636 -0.0120182 0.0147396 0.049565 0.0226168 -0.00369627 -0.00397249 -0.00786716 0.00933431 -0.0113461 -0.00472079 -0.00541248 0.00321969 -0.0187311 -0.0773829 -0.130185 -0.166151 0.0091028 -0.0114667 0.00793092 0.013854 0.00057757 -0.14275
internal_weight=5162.03 3795.12 1515.43 1366.91 732.586 2279.69 512.805 818.095 237.966 580.129 548.815 110.051 1766.88 782.846 695.674 504.657 49.4306 1733.34 1715.48 707.177 149.472 41.2098 20.4751 16.7594 557.704 1008.3 406.203 451.263 216.178 15.47
internal_count=1783532 1669278 1340026 114254 1265990 329252 22643 52429 33033 19396 61825 11424 306609 74036 71913 13676 5052 304991 300369 33428 7497 789 404 306 25931 266941 14741 9869 4847 284
is_linear=0
shrinkage=0.06


Tree=83
num_leaves=31
num_cat=0
split_feature=8 3 3 10 7 10 11 14 13 0 12 4 4 0 1 13 10 14 10 1 11 8 10 1 1 10 1 4 12 14
split_gain=306.133 215.39 159.316 120.583 89.2208 39.5392 51.1493 32.6284 32.0261 30.9864 24.0303 32.5023 22.6781 21.4872 20.6622 24.9508 19.4989 60.4356 38.7485 19.4434 19.2612 41.7417 25.8157 19.033 18.1246 17.6182 16.9386 17.2661 16.8827 15.9685
threshold=0.38278388977050787 0.66312056779861461 0.89009663462638866 0.59399941563606273 1.0000000180025095e-35 0.99758455157279979 3.5000000000000004 2.5000000000000004 1.0000000180025095e-35 0.15476191043853763 0.90000000596046459 0.73401361703872692 0.08893280848860742 0.30952382087707525 1.0000000180025095e-35 1.0000000180025095e-35 0.20463493466377261 2.5000000000000004 0.39787761867046362 0.78830561041831981 2.5000000000000004 0.19523809850215915 0.83796653151512157 1.0000000180025095e-35 0.81284341216087352 0.91772764921188366 0.21132376790046695 0.50373134016990673 0.55000001192092907 2.5000000000000004
decision_type=2 2 2 2 2 2 2 2 2 2 2 2 2 2 2 2 2 2 2 2 2 2 2 2 2 2 2 2 2 2
left_child=1 3 5 4 19 6 23 12 16 26 -8 14 -5 -6 -12 -16 -3 20 -19 -1 21 -18 -23 -2 -9 -20 -7 29 -10 -28
right_child=2 8 -4 7 13 9 10 24 28 -11 11 -13 -14 -15 15 -17 17 18 25 -21 -22 22 -24 -25 -26 -27 27 -29 -30 -31
leaf_value=-0.057763843963818083 -0.014777996106339789 0.0031056505500433166 0.053183745060817356 -0.0058109745043351795 -0.057797638036330368 0.033878306709534962 -0.011087669692333515 0.00068481121982754453 0.0071946062488680461 0.055155210097975582 0.018889956529045977 0.044802274621539934 -0.046829518586787501 0.00090170491597441928 -0.052784446927482229 -0.00079206665217587333 -0.051256730992875123 -0.050608972176166195 0.0062122985420150125 0.083127452926980289 -0.071798961712624468 0.046863085663856371 -0.072987913304272165 0.031028482117665131 0.10899980223166826 0.065755268265081102 -0.023648493060677431 0.051185566315919931 0.049081725975790476 0.022809544477621176
leaf_weight=603.0264945764211 37.090992832439952 1119.8506149405439 370.14949848828837 88.305359272810165 26.512866712233517 105.48949999921024 523.15984645136632 325.53002455999376 67.948010542138945 102.08467572927475 131.99594479333609 72.423365321941674 107.70799667289248 146.50168101768941 42.019382540835068 158.82279053376988 85.166275805677287 43.504344574525021 320.67685104557313 3.5469377383997189 48.993040085595567 32.260218382347375 8.0931061510927957 273.07702132768463 5.6581937945447853 18.946674416773021 75.214290833100677 21.621944576036185 70.666928269027267 41.237332010641694
leaf_count=1322741 425 11973 42976 8663 32795 3340 14177 47081 2417 10917 1972 8650 57792 13447 744 2790 82922 61629 31306 1987 2190 619 163 12084 162 582 462 1368 4819 339
internal_value=-0.000880141 -0.0125353 0.0177435 -0.0311113 -0.0460994 0.00946305 0.00445569 -0.00894797 0.000831214 0.0274063 -0.00259178 0.00837573 -0.0283504 -0.00809342 0.000449557 -0.0116697 -0.00145917 -0.0106262 0.00270477 -0.05694 -0.0398933 -0.0274398 0.0228262 0.0255508 0.00253532 0.00953404 0.0157759 0.00194557 0.028549 -0.00719698
internal_weight=5077.28 3122.9 1954.39 1306.79 779.588 1584.24 1238.59 527.202 1816.11 345.648 928.421 405.261 196.013 173.015 332.838 200.842 1677.49 557.641 383.128 606.573 174.513 125.52 40.3533 310.168 331.188 339.624 243.563 138.074 138.615 116.452
internal_count=1783532 1683288 100244 1484668 1370970 57268 40842 113698 198620 16426 28333 14156 66455 46242 5506 3534 191384 179411 93517 1324728 85894 83704 782 12509 47243 31888 5509 2169 7236 801
is_linear=0
shrinkage=0.06


Tree=84
num_leaves=31
num_cat=0
split_feature=12 1 1 11 0 1 9 6 2 2 2 2 6 1 0 3 0 7 11 0 4 4 0 1 4 4 3 1 4 9
split_gain=268.068 152.111 150.503 154.336 56.8088 36.9753 28.217 24.2898 23.8619 51.8885 21.5486 22.4799 30.85 21.1749 20.4622 19.9664 19.9537 19.8611 58.6617 21.3884 20.5211 18.3267 19.6429 17.3053 17.2993 24.3169 17.1157 36.7846 37.5592 17.0672
threshold=0.90000000596046459 0.67962265014648449 0.61311829090118419 1.5000000000000002 0.43650794029235845 0.94609123468399059 0.61422947049140941 2.5000000000000004 0.69282051920890819 0.27639257907867437 0.57307061553001415 0.95861870050430309 2.5000000000000004 0.88273492455482494 0.10555555671453477 0.77836257219314586 0.41428571939468389 1.0000000180025095e-35 1.0000000180025095e-35 0.91666665673255932 0.97366598248481762 0.97056278586387645 0.58571431040763866 0.88989898562431347 1.0000000180025095e-35 0.16843971610069278 0.44562648236751562 0.63211598992347728 0.61651584506034862 0.84521561861038219
decision_type=2 2 2 2 2 2 2 2 2 2 2 2 2 2 2 2 2 2 2 2 2 2 2 2 2 2 2 2 2 2
left_child=2 16 3 4 -1 10 7 -7 9 -5 14 12 13 17 -4 -15 24 18 -12 20 -20 22 -14 -23 -2 -26 27 28 -19 -21
right_child=1 -3 5 8 -6 6 -8 -9 -10 -11 11 -13 21 15 -16 -17 -18 26 19 29 -22 23 -24 -25 25 -27 -28 -29 -30 -31
leaf_value=-0.056261314881759367 0.014220662107225676 0.0484399171936419 0.071686351531000544 0.0016964849649513101 -0.01177506097232172 -0.00013943778366028891 0.053400876908903168 0.038385612134169939 0.022226763443780103 -0.031193896421811248 -0.059422594956819827 0.0042649227150293977 -0.075018437171855828 0.093402142315441972 -0.063120200727071946 0.0071957020201762929 0.035620117728966665 2.5654371933195392 -0.0031811144352757443 -0.025519355436498595 0.084959024604100236 -0.038600813059892776 0.036733951530669107 -0.10408533061993573 -0.045827818394400033 0.00042815061040922542 0.00087508736604386599 0.059710690099904824 0.50697029345949762 -0.11303631045379244
leaf_weight=488.40870349356555 301.15777273816639 502.39140288313502 23.846786623005759 456.45261075772578 131.07221258891514 219.52925532119116 66.489005233161151 80.529437881545164 88.540905422327342 277.75179111558828 97.803591198433423 767.97790732333669 8.1708285399654432 10.195396706054451 4.8836466636566902 188.45599693892291 75.660201865772251 0.045702520525081947 295.60780802011141 62.817296030872967 9.8255276163108629 56.573200362559874 18.443442354444414 19.547791678807698 45.908967710682191 376.06606367955101 308.78546261700103 0.4955999695812352 0.10573935206048191 9.1963740675710124
leaf_count=1114927 8345 61825 5661 47418 61414 9612 5766 2585 4902 111365 198103 36527 764 462 6452 6270 8019 27 36332 3756 257 3948 459 1267 2368 33697 10692 99 38 175
internal_value=-0.000845264 0.0225722 -0.00909936 -0.024229 -0.0468487 0.000601489 0.0180362 0.0101999 -0.00719763 -0.010746 -0.00279278 -0.00359183 -0.00914747 -0.00587889 0.0487717 0.0116201 0.006303 -0.0103089 -0.0180114 -0.00728096 -0.000345722 -0.0404328 0.00242493 -0.0554172 0.0032356 -0.00460429 0.00152104 0.309789 1.12818 -0.0366955
internal_weight=4992.74 1301.18 3691.55 1442.23 619.481 2249.33 366.548 300.059 822.745 734.204 1882.78 1854.05 1086.07 983.334 28.7304 198.651 798.793 784.683 475.251 377.447 305.433 102.735 26.6143 76.121 723.133 421.975 309.433 0.647042 0.151442 72.0137
internal_count=1783532 114254 1669278 1340026 1176341 329252 17963 12197 163685 158783 311289 299176 262649 256211 12113 6732 52429 249479 238623 40520 36589 6438 1223 5215 44410 36065 10856 164 65 3931
is_linear=0
shrinkage=0.06


Tree=85
num_leaves=31
num_cat=0
split_feature=12 4 1 10 0 0 1 10 6 10 4 10 10 14 10 12 1 11 1 4 1 10 3 4 1 3 6 4 0 4
split_gain=242.003 171.553 150.738 172.21 59.973 43.0778 27.1105 23.4201 23.6777 23.3455 20.4034 26.031 20.3434 19.5747 18.6612 18.3311 18.0149 19.8835 17.8842 15.6898 23.2193 25.3746 23.4022 31.7876 16.5669 15.2494 16.0716 23.7013 36.4565 27.1295
threshold=0.45000000298023229 0.78346121311187755 0.61311829090118419 0.74369570612907421 0.43650794029235845 0.41428571939468389 0.94609123468399059 0.79324594140052807 2.5000000000000004 0.58007633686065685 0.88630491495132457 0.5835326910018922 0.99758455157279979 2.5000000000000004 0.70241516828536998 0.13392857462167743 0.26365442574024206 11.500000000000002 0.32466214895248419 0.53452381491661083 0.42776885628700262 0.59399941563606273 0.27639257907867437 0.43951219320297247 0.54446640610694896 0.99450549483299266 2.5000000000000004 0.79205974936485302 0.26785714924335485 0.95119047164917003
decision_type=2 2 2 2 2 2 2 2 2 2 2 2 2 2 2 2 2 2 2 2 2 2 2 2 2 2 2 2 2 2
left_child=2 5 3 4 10 9 12 8 -8 -2 -1 -12 25 18 -15 16 17 -5 -11 20 -6 22 23 -22 -21 26 27 -4 -29 -30
right_child=1 -3 6 15 19 -7 7 -9 -10 13 11 -13 -14 14 -16 -17 -18 -19 -20 24 21 -23 -24 -25 -26 -27 -28 28 29 -31
leaf_value=-0.054288904716366992 -0.054027606540452452 0.0478449894980374 -0.013082639170319502 0.01959116972618441 -0.057857166127299006 0.038884261998159884 -0.0014966600945621232 0.054916820692578444 0.036898237480271372 0.0016669425890244358 -0.060165265970229399 0.52432860387342284 0.053186755468139182 0.072341082360851253 0.0091020234295558014 -0.027113328778973995 -0.007560090278539381 -0.16625145335056427 -0.02347394700321952 -0.040203979914551491 -0.060224879710734938 0.32092612891648714 0.051993903746881891 3.4733041121379133 0.0034069535430352967 0.031819359309308605 -0.018257205802636019 0.068582635540562681 0.017773064017565871 -0.0052970230457428406
leaf_weight=584.8456247059512 26.943660443212138 492.78125795780215 494.72342123195995 214.77567031932995 5.4154067770286956 121.82583199959481 213.61482798209181 46.071443791501224 79.282688102626707 346.36819537400152 0.60820573708042391 0.49964977125637233 22.617378338240087 17.461713985772803 442.31937664211728 70.652590881916694 188.54068698559422 2.0927403196692458 144.29722814116394 60.608115560899023 0.019914857402908548 1.5246017962344911 9.7205757496121787 0.016979581094346941 64.977256072044838 41.592532572103664 274.55154659872642 29.656127432273934 252.39361739583546 672.31681516108802
leaf_count=1237399 37017 64333 219016 7757 3482 10573 8967 3747 2397 6418 570 16 737 2350 7052 3061 17586 15 4375 33544 25 99 6055 15 21186 1718 12316 3158 18005 50543
internal_value=-0.00081432 0.0184283 -0.0100107 -0.0269723 -0.0453169 0.00524079 -0.00040635 0.0151512 0.00889623 0.00104733 -0.0538016 0.203445 -0.00335599 0.00260862 0.0115037 0.00108972 0.0060048 0.0177978 -0.00572661 -0.0103748 0.0442672 0.093287 0.0577185 1.56598 -0.0176399 -0.00408046 -0.00494674 -0.00242488 0.00309988 0.000999805
internal_weight=4923.12 1592 3331.12 1204.3 728.236 1099.22 2126.82 338.969 292.898 977.39 585.953 1.10786 1787.85 950.447 459.781 476.062 405.409 216.868 490.665 142.283 16.6975 11.2821 9.75747 0.0368944 125.585 1765.23 1723.64 1449.09 954.367 924.71
internal_count=1783532 132118 1651414 1330810 1302391 67785 320604 15111 11364 57212 1237985 586 305493 20195 9402 28419 25358 7772 10793 64406 9676 6194 6095 40 54730 304756 303038 290722 71706 68548
is_linear=0
shrinkage=0.06


Tree=86
num_leaves=31
num_cat=0
split_feature=8 2 3 10 10 11 9 9 8 14 2 8 11 13 14 1 2 12 10 1 11 8 12 11 10 2 1 7 10 3
split_gain=238.44 183.224 143.115 130.883 35.617 45.5815 30.3054 43.0736 74.7537 54.9448 27.9291 22.4727 23.9238 33.3261 21.5259 22.0219 19.5652 18.6813 17.8174 17.5037 16.937 25.5118 16.5969 16.4241 18.8255 22.0254 21.959 15.4131 15.2675 15.2135
threshold=0.38278388977050787 0.68457102775573742 0.89512962102890026 0.59026268124580394 0.99758455157279979 3.5000000000000004 0.62755528092384349 0.22284295409917834 0.054093567654490478 2.5000000000000004 0.75134408473968517 0.69615384936332714 5.5000000000000009 1.0000000180025095e-35 2.5000000000000004 0.69732204079628002 0.14459930360317233 0.35416667163372045 0.91772764921188366 1.0000000180025095e-35 2.5000000000000004 0.24404761940240863 0.45000000298023229 2.5000000000000004 0.75490951538085949 0.73375529050827037 0.52689418196678173 1.0000000180025095e-35 0.76755931973457348 0.20761494338512423
decision_type=2 2 2 2 2 2 2 2 2 2 2 2 2 2 2 2 2 2 2 2 2 2 2 2 2 2 2 2 2 2
left_child=1 3 4 27 5 19 7 -3 -9 20 -6 12 13 -7 16 -16 -5 -15 -11 -2 21 -10 23 24 25 26 -8 -1 -21 -29
right_child=2 6 -4 14 10 11 22 8 9 18 -12 -13 -14 17 15 -17 -18 -19 -20 28 -22 -23 -24 -25 -26 -27 -28 29 -30 -31
leaf_value=-0.058239673254740387 -0.014827975796217497 0.0030323792333606728 0.05289739080969328 -0.0063662024642002985 0.015284077440232984 -0.016049826552365754 0.7290996428624994 -0.051912658652611049 -0.040835770977454243 0.0039833839557250001 0.054363317940427355 0.010924774342234175 -0.025833866775997052 -0.026202023541267168 -0.0025774881683802396 0.088645274071415259 -0.047052076340450229 0.026324067516538017 0.056135066931514606 0.064179447282582097 -0.066405437663710917 0.03880709584309916 0.058724271166516129 -0.016807418798637307 0.0026895623079916603 0.048719899276566676 0.1694551651324295 0.92464186374416812 0.02333777118371683 -0.024154727294223279
leaf_weight=441.11351741020917 37.054657371365465 1247.9828914746759 315.08464313531294 86.166344322409714 239.06400832999498 232.97749862604542 0.30173802570789021 158.10985786598758 58.447889206523541 329.76542529987637 90.858388994820416 290.56917983107269 209.0129158962518 28.907231201068498 263.63654642674373 9.8840673248050717 84.059722201665863 155.50163990433794 25.400077871512622 38.416160528897308 48.113243820902426 19.247581891278969 36.811768084473442 43.904232113796752 47.677617858513258 38.131570584606379 1.5436223330907521 0.060914278670678779 231.60327113431413 49.6305677552009
leaf_count=1159691 425 23698 41951 8122 5695 7492 35 298520 17348 20155 11041 10225 4894 1152 46470 348 58289 5044 1308 4071 3620 536 2997 1162 1118 621 105 29 8254 39116
internal_value=-0.000784987 -0.0112935 0.0160259 -0.0333207 0.00854973 0.0038338 -0.00127833 -0.00345453 -0.016122 -0.00435654 0.0260462 -0.00286646 -0.00926382 -0.000966109 -0.00970617 0.00071898 -0.0264574 0.0180903 0.00771307 0.0238418 -0.0384298 -0.0211058 0.0231121 0.0131474 0.0281511 0.0585172 0.260964 -0.054671 0.0291484 -0.0229916
internal_weight=4859.04 2989.99 1869.05 934.552 1553.96 1224.04 2055.44 1887.07 639.084 480.974 329.922 916.968 626.399 417.386 443.747 273.521 170.226 184.409 355.166 307.074 125.809 77.6955 168.371 131.559 87.6545 39.9769 1.84536 490.805 270.019 49.6915
internal_count=1783532 1683288 100244 1312065 58293 41557 371223 365185 341487 42967 16736 28807 18582 13688 113229 46818 66411 6196 21463 12750 21504 17884 6038 3041 1879 761 140 1198836 12325 39145
is_linear=0
shrinkage=0.06


Tree=87
num_leaves=31
num_cat=0
split_feature=8 3 3 10 7 10 0 14 13 14 0 1 9 14 10 3 10 9 1 1 9 12 10 3 10 6 8 1 14 8
split_gain=214.507 159.577 136.813 102.401 87.7626 32.5186 28.5375 26.1026 23.0796 19.2851 19.1703 17.6076 17.6003 50.4475 29.5847 17.3603 15.9584 18.4073 15.4659 15.1612 14.5451 14.1703 13.9162 16.6825 25.2184 13.5372 18.7376 13.4255 14.0402 17.7428
threshold=0.38278388977050787 0.66312056779861461 0.89512962102890026 0.59399941563606273 1.0000000180025095e-35 0.99758455157279979 0.15476191043853763 2.5000000000000004 1.0000000180025095e-35 2.5000000000000004 0.30952382087707525 0.78830561041831981 0.19082633405923846 2.5000000000000004 0.39787761867046362 0.1490740776062012 0.91772764921188366 0.56615138053894054 0.21132376790046695 0.81284341216087352 0.73860013484954845 0.55000001192092907 0.75490951538085949 0.78456193208694469 0.6062217950820924 1.5000000000000002 0.21980676054954532 0.59675306081771862 2.5000000000000004 0.92582416534423839
decision_type=2 2 2 2 2 2 2 2 2 2 2 2 2 2 2 2 2 2 2 2 2 2 2 2 2 2 2 2 2 2
left_child=1 3 5 4 11 9 18 15 12 -2 -6 -1 -3 20 -15 -5 17 -16 -7 -9 25 -10 23 24 -19 -14 -27 28 -20 -30
right_child=2 8 -4 7 10 6 -8 19 21 -11 -12 -13 13 14 16 -17 -18 22 27 -21 -22 -23 -24 -25 -26 26 -28 -29 29 -31
leaf_value=-0.05721631752124056 -0.003289094325329337 0.0028933680995188141 0.052433585001311768 -0.0061766782069755007 -0.057383963433124935 0.031988707629800217 0.054127347256229953 0.00087466866109308858 0.0055991503634267243 0.011861567282685462 0.0022386057482742285 0.074829501168584459 -0.059441993891989224 -0.048927179348143439 -0.0059924861992513576 -0.043128128870360362 0.064649788502774516 0.30664568032546818 -0.023641269853582215 0.1075015587880821 0.026861957002017621 0.045407670688110899 0.0025829648165770908 0.026722867579222456 0.070444348376600879 -0.050902294012001734 0.012224457835686925 0.041915574426383016 -0.03391550754127759 0.050529967759361645
leaf_weight=491.36284940229962 663.23262404854177 1117.3057713960297 299.28171776933596 86.088804739032639 22.450023973651696 99.952799232676625 88.210008380003273 319.51111060570111 66.099650975666009 556.01578125893138 143.54392841295339 3.6625086262938558 82.740996450622333 37.024703639151994 205.33628483136999 97.735645201173611 16.772818454541266 1.8869860594859336 71.918451272882521 4.8738952572457483 11.515261306660248 62.750364563427866 53.216861372347921 41.977369034895673 11.822221036301924 38.900638724328019 29.967483315384015 23.636285283137113 13.789439897984265 25.560683628544211
leaf_count=1322741 23307 11993 41951 8039 32795 3340 11225 47081 2417 18250 13447 1987 62018 61613 28952 58416 581 149 554 162 229 4819 1285 627 257 23259 421 1236 134 247
internal_value=-0.000755055 -0.010795 0.0153087 -0.0280102 -0.0435794 0.00810476 0.0250298 -0.00775956 0.000530289 0.00362009 -0.00582511 -0.0562394 -0.00138126 -0.010373 0.00193738 -0.025823 0.00762673 0.00458307 0.0141011 0.00247674 -0.0381474 0.024986 0.0245232 0.0454903 0.102956 -0.043085 -0.0234331 0.000847928 -0.00787589 0.0209378
internal_weight=4788.14 2946.55 1841.6 1169.23 661.019 1542.32 323.068 508.209 1777.32 1219.25 165.994 495.025 1648.47 531.162 368.037 183.824 331.013 314.24 234.858 324.385 163.124 128.85 108.903 55.6866 13.7092 151.609 68.8681 134.905 111.269 39.3501
internal_count=1783532 1683288 100244 1484668 1370970 58293 16736 113698 198620 41557 46242 1324728 191384 179391 93464 66455 31851 31270 5511 47243 85927 7236 2318 1033 406 85698 23680 2171 935 381
is_linear=0
shrinkage=0.06


Tree=88
num_leaves=31
num_cat=0
split_feature=8 2 10 3 0 3 12 1 12 11 2 1 1 10 1 1 2 3 8 2 3 3 1 9 14 1 1 1 1 0
split_gain=194.684 125.257 164.532 112.712 28.7604 30.7513 29.7673 27.5538 33.7582 25.6891 23.9581 23.0421 22.8823 35.0306 21.4928 20.1781 25.3688 19.9775 19.8242 19.4374 26.4826 20.8337 20.7585 15.8952 20.5703 15.7853 15.5796 15.1738 14.7206 21.9536
threshold=0.48684211075305944 0.68457102775573742 0.62087112665176403 0.88273492455482494 0.43650794029235845 0.67962265014648449 0.35416667163372045 0.52851876616477977 0.90000000596046459 3.5000000000000004 0.65030118823051464 0.77459675073623668 0.25176055729389196 0.93771553039550792 0.82574188709259044 1.0000000180025095e-35 0.6291005313396455 0.33508773148059851 0.69615384936332714 0.86729559302330028 0.80982521176338207 0.87585616111755382 0.94609123468399059 0.57207792997360241 2.5000000000000004 0.43714080750942236 0.31631056964397436 0.27334994077682501 0.43159537017345434 1.0000000180025095e-35
decision_type=2 2 2 2 2 2 2 2 2 2 2 2 2 2 2 2 2 2 2 2 2 2 2 2 2 2 2 2 2 2
left_child=1 2 -1 7 5 14 25 15 9 -9 -11 12 -4 28 -3 18 17 -17 -2 20 -7 22 -21 24 -8 -6 27 -15 -14 -30
right_child=3 4 11 -5 6 19 23 8 -10 10 -12 -13 13 26 -16 16 -18 -19 -20 21 -22 -23 -24 -25 -26 -27 -28 -29 29 -31
leaf_value=-0.052876657622948894 0.0018133739387572016 -0.044257689573959487 0.0036415556830732363 0.051434072492443819 -0.052496964711012853 -0.0061472001590176439 -0.048320561488105512 0.037297420449584472 0.03818154329233809 0.0456615414910252 -0.016040889864377766 0.095670039852190303 -0.042178290178272064 -0.00020665768600900244 0.1582848270974074 -0.00081814713771802456 0.043937011960061556 -0.029135835999919504 0.031592738755653646 -0.050011364973143208 0.050871339446398191 0.0025442265750385711 0.15842062079905461 0.055462835400498456 0.027204453478818256 0.00088877917914478161 0.039480659218414871 0.31422758452905497 0.0075707361736345345 -0.044037058150576583
leaf_weight=461.47027576572145 209.3130275090225 116.6476699669729 337.77205877244705 279.68207414448261 20.190376907790778 94.364364549925085 15.85155065305298 66.254379473510198 215.39458074071445 26.754736108938232 147.81551113026217 8.0418296698480827 110.57040268561104 0.85195878893137278 1.9170939979958337 262.94072692154441 33.428430173080415 136.1142710482236 130.74404393322766 64.694300390518038 42.545958681410411 69.331211788346991 1.7671544108306978 51.80595691781491 71.731955294322688 1601.8694453605567 14.638752540107815 1.5719099920243023 77.611067240592092 48.043013026181143
leaf_count=1229639 2005 160756 22256 41048 7153 57190 1213 1163 22710 690 3650 309 50580 16 251 4148 1290 2815 4086 16436 3751 2753 28 5542 4862 116936 294 58 15557 4347
internal_value=-0.000725187 -0.00907265 -0.0259499 0.0170566 -0.000757817 -0.0154726 0.00251075 0.00923185 0.0209237 0.00548817 -0.00658434 -0.00520894 -0.00658148 -0.0202145 -0.0409827 0.00232731 -0.00627118 -0.0104771 0.0132628 -0.00438136 0.0115718 -0.0204658 -0.0444693 0.0291183 0.0135353 0.000224267 0.0628103 0.203708 -0.0262114 -0.0121612
internal_weight=4721.73 3213.29 1060.57 1508.44 2152.72 391.268 1761.45 1228.76 456.219 240.825 174.57 599.101 591.059 253.287 118.565 772.54 432.483 399.055 340.057 272.703 136.91 135.793 66.4615 139.389 87.5835 1622.06 17.0626 2.42387 236.224 125.654
internal_count=1783532 1699927 1323056 83605 376871 241165 135706 42557 28213 5503 4340 93417 93108 70852 161007 14344 8253 6963 6091 80158 60941 19217 16464 11617 6075 124089 368 74 70484 19904
is_linear=0
shrinkage=0.06


Tree=89
num_leaves=31
num_cat=0
split_feature=12 4 0 10 4 4 0 10 10 3 4 2 1 10 11 9 9 0 4 10 2 11 1 9 6 0 2 2 10 0
split_gain=172.394 126.56 96.8672 161.618 93.4106 41.3165 27.1707 23.5209 22.1938 21.7085 34.1082 38.8511 32.232 28.3625 25.902 24.2608 21.2774 20.1142 33.5728 25.5251 19.5413 39.5532 19.5283 18.9486 18.0848 17.649 17.0879 21.5239 18.8673 16.2214
threshold=0.90000000596046459 0.78346121311187755 0.43650794029235845 0.5835326910018922 0.76277056336402904 0.97366598248481762 0.41428571939468389 0.99758455157279979 0.20463493466377261 0.99450549483299266 0.99122807383537304 0.99450549483299266 0.90682172775268566 0.7214152216911317 4.5000000000000009 0.84521561861038219 0.85990655422210704 0.58571431040763866 0.68133461475372326 0.80874970555305492 0.93405798077583324 4.5000000000000009 0.72834226489067089 0.46759706735610967 2.5000000000000004 0.6904762089252473 0.99450549483299266 0.87026646733284008 0.96379300951957714 0.73214286565780651
decision_type=2 2 2 2 2 2 2 2 2 2 2 2 2 2 2 2 2 2 2 2 2 2 2 2 2 2 2 2 2 2
left_child=2 6 3 4 8 16 23 9 -1 10 12 15 14 24 17 25 -5 18 -4 -19 -17 -22 -16 -2 -11 -12 27 28 -24 -28
right_child=1 -3 7 5 -6 -7 -8 -9 -10 13 11 -13 -14 -15 22 20 -18 19 -20 -21 21 -23 26 -25 -26 -27 29 -29 -30 -31
leaf_value=-0.026395961952948598 -0.023915327796801431 0.048830864672041875 0.021332910143815532 -0.0091217379246874772 0.016353137689240838 0.078053054133083583 0.037961113141726663 0.054270654503539455 -0.059317951769265714 -0.0021951963821624453 -0.080678605808612303 0.00065674205742278905 0.054024021246242504 0.054246499496845256 -0.0032519289054120694 -0.068963779948419165 0.016982441386339003 0.037944186156002979 -0.018933166530859684 -0.011336004417477384 -0.57323715939791176 -0.0035805382082954892 -0.067285747761345632 0.0059399863785145847 0.033092443012187556 -0.017239845354546646 -0.18912445645908493 0.029178336503127809 -0.30943571956519544 0.06695376914122933
leaf_weight=89.877226050040917 86.605752523464616 358.21472892310703 136.20627980068093 760.18057745276019 80.210450713289902 21.955417843535542 86.680324992921669 29.687956077978015 409.9534947934153 207.31483570724959 16.472513634158531 604.16821971946047 52.264227154431865 53.96776462579146 28.839244599861559 18.610973531845961 131.91522074746899 136.45794174209004 164.65935815923149 52.354977566748857 0.84742554463446029 0.9099651169963181 5.9716155529022235 657.87902357333223 69.916967719269451 379.64254657187848 6.3063894622027865 7.6604213719256222 1.437128306366503 1.0369516545906661
leaf_count=50424 27597 57082 35078 136989 27625 674 9655 2536 1269353 8893 1633 33643 1525 6022 425 339 2112 5066 24693 811 25 62 77 19920 2089 58822 121 189 22 30
internal_value=-0.000694672 0.0190175 -0.00745351 -0.0189804 -0.0437526 -0.00326047 0.00616853 0.00126782 -0.0533981 0.000458822 -0.00241272 -0.00906254 0.00902897 0.0144511 0.00468158 -0.0231617 -0.00526168 0.00892921 -0.000704124 0.0242795 -0.087023 -0.278273 -0.0359019 0.00246692 0.00670423 -0.019878 -0.0779141 -0.0413417 -0.114257 -0.152964
internal_weight=4658.21 1189.38 3468.83 1494.09 580.041 914.051 831.165 1974.73 499.831 1945.05 1613.85 1020.65 593.195 331.2 540.93 416.483 892.096 489.679 300.866 188.813 20.3684 1.75739 51.2518 744.485 277.232 396.115 22.4125 15.0692 7.40874 7.34334
internal_count=1783532 114254 1669278 1487177 1347402 139775 57172 182101 1319777 179565 162561 94524 68037 17004 66512 60881 139101 65648 59771 5877 426 87 864 47517 10982 60455 439 288 99 151
is_linear=0
shrinkage=0.06


Tree=90
num_leaves=31
num_cat=0
split_feature=8 2 10 3 4 1 8 11 4 4 9 10 1 1 10 1 2 2 2 9 8 11 9 10 4 4 9 7 8 3
split_gain=162.547 105.63 153.198 103.961 26.4242 24.6252 21.3495 23.1604 21.2295 26.5944 24.0326 20.0861 19.9931 32.3572 23.1016 19.1941 18.9933 18.0794 29.2703 19.7392 69.7297 35.9487 36.8806 22.3949 19.449 52.7668 21.48 16.6335 16.5217 15.9593
threshold=0.48684211075305944 0.68457102775573742 0.59026268124580394 0.88273492455482494 0.41982863843441015 0.92907443642616283 0.73030304908752453 3.5000000000000004 1.0000000180025095e-35 0.21164613962173465 0.56212684512138378 0.79324594140052807 0.64051282405853283 0.25176055729389196 0.93771553039550792 0.32466214895248419 0.87585616111755382 0.99450549483299266 0.88273492455482494 0.19082633405923846 0.10912698507308961 2.5000000000000004 0.52225759625434887 0.75490951538085949 0.82097071409225475 0.97056278586387645 0.79458171129226696 1.0000000180025095e-35 0.69615384936332714 0.82097071409225475
decision_type=2 2 2 2 2 2 2 2 2 2 2 2 2 2 2 2 2 2 2 2 2 2 2 2 2 2 2 2 2 2
left_child=1 2 27 4 8 17 7 -6 28 -10 -11 29 13 -4 -15 -12 -17 18 19 -3 -21 22 -22 -24 -20 -26 -27 -1 -2 -7
right_child=3 5 12 -5 6 11 -8 -9 9 10 15 -13 -14 14 -16 16 -18 -19 24 20 21 -23 23 -25 25 26 -28 -29 -30 -31
leaf_value=-0.057587298469298442 0.0020057801435118291 0.009909920241353936 0.0036286364564718765 0.050545487901461003 0.035793147116324843 0.098052895835133699 0.036374271610833217 -0.0015268147249062314 -0.034383418180774415 0.069995084191894236 0.012071474585925701 0.052571733325703814 0.038007860190487318 -0.030248715136577561 0.047452012273653844 -0.025939209390003534 0.067070656097083334 0.0032178996020899237 -0.043711539113730054 -0.050525378287499215 -0.004482709178104117 -0.016639425534491954 0.096982639894295009 0.026620523727466695 0.030144332271212288 -0.02912230419820554 -0.16324146975980858 -0.0187115405470351 0.028502989742249976 0.0062864911138226509
leaf_weight=354.6623610961542 222.98619183665141 287.28899367275881 340.92690205699182 256.34043528791517 85.626308061880991 6.9496292469557366 174.13442026358098 198.97050003590994 102.47373819735367 17.1899992673425 142.04845688503701 40.181126467417926 35.879622846579878 218.91160270554246 14.700068341568111 121.04858976451214 8.4561063400469703 723.48074754420668 114.59989747407963 111.84715137965395 61.307126164087094 122.75565436921897 31.259310782566899 33.993235844303854 69.278728122619214 147.73810075758956 4.4277245406992725 44.604327774955891 136.61585008120164 373.16606400866294
leaf_count=1159979 2172 13208 28441 41048 3812 175 16062 8059 1832 531 2206 4335 2549 92619 323 2575 1063 49953 18396 245310 8807 6228 2482 545 2701 9585 94 39145 4245 15052
internal_value=-0.00065827 -0.00836388 -0.0243463 0.0158367 0.00848091 -0.000781577 0.0198265 0.0097016 0.00154901 -0.00812387 0.00119553 0.0122288 -0.00544453 -0.00815811 -0.0253594 -0.00315965 -0.0198661 -0.00398316 -0.00927503 -0.00182741 -0.0111639 0.00649428 0.0289326 0.0603276 -0.0236464 -0.0132625 -0.0330249 -0.0532443 0.0120723 0.00796425
internal_weight=4603.85 3137.96 1009.68 1465.89 1209.55 2128.27 458.731 284.597 750.819 391.217 288.743 420.297 610.418 574.539 233.612 271.553 129.505 1707.98 984.496 648.451 361.162 249.315 126.56 65.2525 336.044 221.445 152.166 399.267 359.602 380.116
internal_count=1783532 1699927 1323056 83605 42557 376871 27933 11871 14624 8207 6375 19562 123932 121383 92942 5844 3638 357309 307356 276580 263372 18062 11834 3027 30776 12380 9679 1199124 6417 15227
is_linear=0
shrinkage=0.06


Tree=91
num_leaves=31
num_cat=0
split_feature=8 1 3 14 10 8 7 8 14 4 10 0 4 1 12 10 8 10 1 2 12 10 12 1 1 10 2 3 0 10
split_gain=147.521 175.872 118.861 37.1047 36.1267 34.1578 30.6816 76.0118 37.8735 30.4668 28.4128 24.0836 34.2326 23.0044 22.5349 21.3207 19.1214 17.0699 15.5586 23.3244 21.931 23.4592 15.4026 26.4821 14.747 19.947 16.7677 14.3247 14.1856 13.6576
threshold=0.24404761940240863 0.5667979121208192 0.91266208887100231 2.5000000000000004 0.64879238605499279 0.74166667461395275 1.0000000180025095e-35 0.054093567654490478 2.5000000000000004 0.52277433872222911 0.20463493466377261 1.0000000180025095e-35 0.36939570307731634 0.21132376790046695 0.18333333730697635 0.59776359796524059 0.92582416534423839 0.97845596075057995 0.4530817717313767 0.31643131375312811 0.90000000596046459 0.76755931973457348 0.90000000596046459 0.85270008444786083 0.74601566791534435 0.75490951538085949 0.90070420503616344 0.99450549483299266 0.73214286565780651 0.3324697762727738
decision_type=2 2 2 2 2 2 2 2 2 2 2 2 2 2 2 2 2 2 2 2 2 2 2 2 2 2 2 2 2 2
left_child=1 4 3 5 10 17 7 15 -9 13 -1 12 -10 -7 27 22 18 -2 19 -5 21 -20 -3 -24 25 -13 -26 28 -4 -25
right_child=2 6 14 16 -6 9 -8 8 11 -11 -12 24 -14 -15 -16 -17 -18 -19 20 -21 -22 -23 23 29 26 -27 -28 -29 -30 -31
leaf_value=-0.017297978866714386 -0.012649028541404922 -0.05575769549116788 0.039999342041995012 0.010104190586911026 -0.0088955555242288837 0.022558849299064689 0.0027461137188507607 -0.03801822952929039 -0.046698317630513596 0.037878705212042382 -0.058319269356693779 0.046588375651564463 0.10499609716229977 -0.017289719339879432 0.058778281397197409 0.10172861096828405 0.048329068636325585 0.017529911501422527 0.043289092204943307 -0.025119110039610888 0.037035243170774439 0.00092303214154217474 -0.018720275237907896 -0.060327631720239805 -0.035499376141916845 -0.015424193105971293 0.005501327069120019 0.04925209664004724 -0.0248312194237859 0.4145250771389617
leaf_weight=74.441889423527755 681.23825973455678 152.76367444259813 20.252180078066885 366.09599634434562 90.634989365993533 91.646883342415094 1190.9290629337775 74.52460116322618 7.355155235418354 118.1861097807996 331.33552841839264 54.953524456504965 19.699276805156842 121.02824411075562 186.41576890414581 3.317491796653484 53.799103079829365 74.889872128143907 59.002715254144277 83.027705799730029 162.13455917092506 232.30826575774699 5.1659669224754898 0.289617638394702 47.841887925897026 28.284252565354109 143.95654630864738 39.681257164105773 30.372358038090169 0.88241458241827786
leaf_count=38282 68662 373420 825 11267 22736 2974 22350 28872 7108 12680 1088573 9940 3230 1147 37213 119 3583 1630 2805 8062 14298 5317 6825 106 2563 462 3187 3970 1025 301
internal_value=-0.000630054 -0.011663 0.00995733 0.00495964 -0.0431439 -0.00262427 -0.00262961 -0.0145066 0.000289709 0.0134547 -0.0507937 0.00974013 0.0637557 -0.000118002 0.0468611 -0.0488161 0.0135794 -0.00965999 0.0115081 0.0035926 0.0193481 0.00950394 -0.0519551 0.0396975 0.00442679 0.0255165 -0.00472582 0.0222608 0.00110403 0.297186
internal_weight=4546.46 2226.38 2320.08 2043.36 496.412 1086.99 1729.96 539.034 376.615 330.861 405.777 302.091 27.0544 212.675 276.722 162.419 956.368 756.128 902.569 449.124 453.446 291.311 159.102 6.338 275.036 83.2378 191.798 90.3058 50.6245 1.17203
internal_count=1783532 1608074 175458 132425 1149591 87093 458483 436133 55362 16801 1126855 26490 10338 4121 43033 380771 45332 70292 41749 19329 22420 8122 380652 7232 16152 10402 5750 5820 1850 407
is_linear=0
shrinkage=0.06


Tree=92
num_leaves=31
num_cat=0
split_feature=8 2 10 2 12 1 4 0 0 4 4 2 2 12 1 1 10 4 0 4 0 9 6 2 2 4 10 12 14 8
split_gain=134.189 89.9125 140.711 83.6458 48.5636 20.8526 19.1361 22.7408 19.1209 52.3116 29.8203 21.2624 20.0471 18.9284 18.4259 20.8609 28.1897 19.8263 27.2793 33.5154 22.4938 18.3059 18.2278 18.785 25.9247 18.0354 16.8945 54.1001 44.7896 35.583
threshold=0.48684211075305944 0.68457102775573742 0.59026268124580394 0.87585616111755382 0.55000001192092907 0.92403846979141246 0.61167800426483165 0.15476191043853763 0.43650794029235845 0.79205974936485302 0.68133461475372326 0.73375529050827037 0.91734972596168529 0.22500000149011615 0.78319624066352855 0.25176055729389196 0.93771553039550792 0.34549072384834295 1.0000000180025095e-35 0.59824562072753917 0.43650794029235845 0.81364238262176525 1.5000000000000002 0.74322345852851879 0.74133810400962841 0.63702240586280834 0.64395171403884899 0.22500000149011615 2.5000000000000004 0.14039409160614016
decision_type=2 2 2 2 2 2 2 2 2 2 2 2 2 2 2 2 2 2 2 2 2 2 2 2 2 2 2 2 2 2
left_child=1 2 -1 6 -5 8 -2 -8 9 21 11 -10 22 -7 15 -4 17 20 19 -19 -17 -3 -11 24 -24 -20 27 28 -21 -30
right_child=3 5 14 4 -6 13 7 -9 10 12 -12 -13 -14 -15 -16 16 -18 18 25 26 -22 -23 23 -25 -26 -27 -28 -29 29 -31
leaf_value=-0.052500797903689424 0.0014349447131389735 -0.03193625918709242 0.0034787841244748904 0.013926047130652637 0.054694899670001004 0.0066773603821241746 0.058226531645457033 0.0091545529166211399 0.091473527040523403 0.049530657255867146 -0.0035599939584738333 0.017578362774423085 -0.041568623010840453 0.048006842954796854 0.091512709109885029 -0.047553742507407439 0.054054508326545868 -0.015107414123957877 -0.011409867965333633 -0.060177747215179225 0.40965075286718211 0.081214865019560545 -0.060128425015978981 -0.063558620010837952 1.2932490366561658 -0.080163080356891528 0.052582646480156495 0.06792260661722245 0.49160769023728929 1.9146636010168154
leaf_weight=360.48249646901968 833.1044196569128 254.65720081308973 340.20322195487097 187.17306820768863 240.13357930001803 405.04580955061829 48.79599328758195 112.09664261108264 15.940234220732235 60.769616614910774 1182.2240816543344 116.23561754645198 13.483000289706977 44.251211508992128 7.021638377394992 95.529070044198306 17.60803551459685 58.997796751209535 29.534475629450753 0.12506177212344738 0.38896343990927462 5.2534554253797969 0.12020715582184394 7.5619773799844552 0.088444316672394052 25.676906412554672 26.22369002236519 1.3654994389798956 0.10847216358524747 0.15174831257900223
leaf_count=1199124 15367 227770 28441 10192 48608 15660 3803 5635 3647 9665 97607 14786 887 5112 299 63556 369 23084 5048 121 18 73 196 1455 13 2379 527 26 33 31
internal_value=-0.000604579 -0.00766306 -0.0228456 0.0146369 0.0368369 -0.000716411 0.00509345 0.0240372 -0.00382622 -0.0164655 -0.000538169 0.02649 0.0253101 0.0107479 -0.0051153 -0.00625387 -0.0192025 -0.0246199 -0.0103994 0.0105402 -0.0456997 -0.0296492 0.0384662 -0.0480625 0.513549 -0.0433846 0.0646306 0.245088 0.872988 1.32147
internal_weight=4490.35 3069.05 963.417 1421.3 427.307 2105.63 993.997 160.893 1656.33 341.934 1314.4 132.176 82.0232 449.297 602.935 595.913 255.71 238.102 142.184 86.9723 95.918 259.911 68.5402 7.77063 0.208651 55.2114 27.9745 1.75078 0.385282 0.26022
internal_count=1783532 1699927 1323056 83605 58800 376871 24805 9438 356099 240059 116040 18433 12216 20772 123932 123633 95192 94823 31249 23822 63574 227843 11329 1664 209 7427 738 211 185 64
is_linear=0
shrinkage=0.06


Tree=93
num_leaves=31
num_cat=0
split_feature=12 2 1 10 10 13 10 4 9 10 10 8 1 10 6 2 3 4 13 2 8 1 1 9 9 9 10 3 12 1
split_gain=121.813 105.532 66.8798 133.181 57.0228 34.8138 37.5417 34.2453 20.2281 19.9629 19.7982 46.3092 19.0744 21.1905 19.9827 18.5399 29.6361 17.6127 17.0674 16.3363 15.5991 15.1832 15.1469 14.6823 14.2221 21.6941 50.1279 13.9029 29.489 15.3472
threshold=0.90000000596046459 0.89699381589889537 0.61311829090118419 0.64879238605499279 0.20463493466377261 1.0000000180025095e-35 0.91772764921188366 0.52277433872222911 0.46759706735610967 0.99758455157279979 0.69452759623527538 0.58578431606292736 0.94609123468399059 0.79324594140052807 2.5000000000000004 0.69282051920890819 0.3034138828516007 0.32690165936946874 1.0000000180025095e-35 0.57307061553001415 0.081666667014360442 0.25176055729389196 1.0000000180025095e-35 0.62090381979942333 0.38605175912380224 0.36404040455818182 0.4874474853277207 0.61311829090118419 0.55000001192092907 0.79277813434600841
decision_type=2 2 2 2 2 2 2 2 2 2 2 2 2 2 2 2 2 2 2 2 2 2 2 2 2 2 2 2 2 2
left_child=2 5 3 4 -1 6 22 8 -7 12 11 23 19 14 -14 16 -5 -18 -3 20 -4 -12 -2 -10 25 -22 -27 28 29 -21
right_child=1 18 9 15 -6 7 -8 -9 10 -11 21 -13 13 -15 -16 -17 17 -19 -20 27 24 -23 -24 -25 -26 26 -28 -29 -30 -31
leaf_value=-0.006363824426860668 -0.011267984019405508 0.01981558544925726 -0.060122810216036687 0.0030467891589909066 -0.0552358525026082 -0.029325291160285268 0.013193027511497124 0.044214917498515693 0.015801467289050655 0.047060101938286414 0.020303634898099481 1.1622467143928639 -0.0024705776757246839 0.053482654570746982 0.033477739620414809 0.024736038703366679 -0.050557391444696016 -0.012286052202512478 0.055079892785276044 -0.033332698772785226 0.19064333918889559 -0.002594138587857293 -0.051930438985921458 0.18916553562430533 0.056882297316554663 -0.060702217802535673 2.5868125599781506 -0.0026488138135855634 -0.6621282529454704 0.084203821946879365
leaf_weight=114.490958055394 57.432706689898623 62.928675685980124 3.9498315760283758 459.40312867081957 344.73563198426564 50.446240310498979 105.26680325949565 106.66721419151872 4.3011900639685328 32.027683229651302 213.71448878524825 0.14702387759461988 212.98085998982424 40.086619955953211 75.365489876421634 83.376804749248549 64.257953380001709 132.66024899965851 229.96292725205421 71.169466286606621 1.1686131705355389 203.53615956497379 77.455812373198569 2.9750932130264118 16.98804985548486 0.059129727247636654 0.045600861601997167 1669.0523807354621 0.26386712893145059 4.2374255218892349
leaf_count=44883 2302 8350 10514 30359 1221107 3772 2831 10424 2727 2839 4356 8 9229 5177 2535 2123 23969 17585 46180 70350 178 2112 30974 218 1295 46 24 226481 12 572
internal_value=-0.000585795 0.0165786 -0.00633853 -0.0176715 -0.0430514 0.00555886 -0.0136606 0.0134925 0.00659508 4.8352e-05 0.010862 0.107988 -0.000670222 0.0126078 0.00692528 -0.00191493 -0.00530058 -0.0247747 0.0475032 -0.00313831 0.0479939 0.00913403 -0.0346172 0.0866858 0.071379 0.264783 1.09206 -0.00378925 -0.0289435 -0.0267278
internal_weight=4441.15 1114.83 3326.32 1198.92 459.227 821.943 240.155 581.787 475.12 2127.4 424.674 7.42331 2095.37 328.433 288.346 739.698 656.321 196.918 292.892 1766.93 22.2112 417.251 134.889 7.27628 18.2614 1.27334 0.104731 1744.72 75.6708 75.4069
internal_count=1783532 114254 1669278 1340026 1265990 59724 36107 23617 13193 329252 9421 2953 326413 16941 11764 74036 71913 41554 54530 309472 12057 6468 33276 2945 1543 248 70 297415 70934 70922
is_linear=0
shrinkage=0.06


Tree=94
num_leaves=31
num_cat=0
split_feature=8 2 3 10 12 10 11 8 10 10 11 11 11 10 10 10 8 6 3 2 4 2 10 10 7 4 2 10 4 13
split_gain=109.969 119.241 98.4275 77.2743 31.8019 20.1247 29.3115 23.5888 42.2666 38.2393 32.3431 21.2447 19.5653 42.5409 25.4072 19.2186 25.4865 19.1395 28.2044 18.8441 36.9714 18.3613 48.4419 45.8292 18.1257 18.0995 17.7173 14.9811 16.803 16.5918
threshold=0.32666666805744177 0.68457102775573742 0.87585616111755382 0.59026268124580394 0.35416667163372045 0.91772764921188366 2.5000000000000004 0.16333333402872088 0.20463493466377261 0.44076909124851232 1.5000000000000002 1.5000000000000002 3.5000000000000004 0.99758455157279979 0.83796653151512157 0.82397845387458812 0.21980676054954532 2.5000000000000004 0.9569842815399171 1.0000000180025095e-35 0.25866188108921057 0.83225107192993175 0.64879238605499279 0.59399941563606273 1.0000000180025095e-35 0.69309264421463024 0.74849396944046032 0.86505654454231273 0.2828571498394013 1.0000000180025095e-35
decision_type=2 2 2 2 2 2 2 2 2 2 2 2 2 2 2 2 2 2 2 2 2 2 2 2 2 2 2 2 2 2
left_child=1 3 12 24 17 6 7 8 -3 -10 21 -11 27 14 -14 16 -12 -4 -19 -16 -21 22 23 25 -1 -9 -15 29 -29 -2
right_child=2 5 4 -5 -6 -7 -8 10 9 11 15 -13 13 26 19 -17 -18 18 -20 20 -22 -23 -24 -25 -26 -27 -28 28 -30 -31
leaf_value=-0.057555311822151643 0.014074840732245972 0.0023050801257143701 0.034711313836790054 -0.0081607975954128744 0.057466547069959781 0.05847379308815974 -0.034742345622099963 0.070509304085414573 -0.046012869490113947 0.0056943816727373668 -0.011988228315011784 -0.041939740162573638 -0.02989102516293498 0.013296303500424546 0.010575036246799922 -0.032118504203375031 0.043298846363684904 -0.048322665023986314 0.060667096870605813 -0.038446862191875743 0.00013585301589906092 0.067054062140091547 0.08821974150173291 1.6231068828448521 -0.014795056316902684 0.74987730487240301 0.051238522459998749 -0.016884617783761227 0.016652028459104969 0.047253279136650998
leaf_weight=284.67627648478083 169.34023109992268 1219.1399516495294 80.477111200336367 256.56160647187789 180.59270412800834 19.834380373358727 94.989040822692914 0.27570696829934904 137.7804669735342 153.23927391794859 50.319257445516996 43.211530450731516 135.80171776929637 208.94089250778779 283.83492968045175 30.532820645486936 74.396875530947 28.593815584667027 12.192385233473031 116.16925667109899 388.13997514580842 19.271000383247156 2.1464611652190797 0.14230504943407141 40.802689678559545 0.28932146003353409 56.228354116436094 89.180449127568863 135.50533485680353 79.844817036006134
leaf_count=1157058 23602 19886 4333 91519 42286 938 5769 98 283584 43298 2357 6001 11005 5464 3517 968 2465 945 1528 2566 15479 371 54 23 39145 41 9510 1319 5034 3369
internal_value=-0.000564797 -0.00910576 0.00998776 -0.0327848 0.041508 -0.00163807 -0.00229111 -0.000510078 -0.00287706 -0.0217794 0.020219 -0.00478327 0.00426638 0.000158015 -0.00592167 0.0105469 0.0209922 0.0177417 -0.0157419 -0.00179161 -0.0087518 0.0880881 0.230126 0.660752 -0.0521948 0.418378 0.0213418 0.0145758 0.00334094 0.024706
internal_weight=4392.45 2427.61 1964.84 582.041 301.856 1845.57 1825.73 1730.74 1553.37 334.231 177.374 196.451 1662.99 1189.12 923.946 155.249 124.716 121.263 40.7862 788.144 504.309 22.1248 2.85379 0.707333 325.479 0.565028 265.169 473.871 224.686 249.185
internal_count=1783532 1653575 129957 1287722 49092 365853 364915 359146 352769 332883 6377 49299 80865 47541 32567 5790 4822 6806 2473 21562 18045 587 216 162 1196203 139 14974 33324 6353 26971
is_linear=0
shrinkage=0.06


Tree=95
num_leaves=31
num_cat=0
split_feature=12 4 0 10 4 4 13 10 0 10 9 13 4 2 1 10 6 0 1 9 1 4 0 8 1 8 9 10 9 4
split_gain=101.625 96.5097 57.7367 114.573 82.5706 33.5956 29.3818 30.6868 28.8594 23.4496 21.0603 20.4036 20.0965 49.2204 26.2391 25.3139 24.1772 23.8076 23.6171 21.8467 18.862 18.2546 20.9916 16.7971 19.0873 24.1411 16.2971 15.338 17.9567 15.0853
threshold=0.90000000596046459 0.78346121311187755 0.43650794029235845 0.5835326910018922 0.76277056336402904 0.97366598248481762 1.0000000180025095e-35 0.92762354016304027 0.26785714924335485 0.20463493466377261 0.38477630913257604 1.0000000180025095e-35 0.99122807383537304 0.99450549483299266 0.90682172775268566 0.74369570612907421 3.5000000000000004 0.91666665673255932 0.77836257219314586 0.87305617332458507 1.0000000180025095e-35 0.8473193645477296 0.91666665673255932 0.60555556416511547 0.84797126054763805 0.70294117927551281 0.85990655422210704 0.69452759623527538 0.62090381979942333 0.97056278586387645
decision_type=2 2 2 2 2 2 2 2 2 2 2 2 2 2 2 2 2 2 2 2 2 2 2 2 2 2 2 2 2 2
left_child=2 6 3 4 9 26 7 20 10 -1 -8 -3 14 -14 18 16 -15 23 -4 21 -2 22 -20 -17 -25 -26 29 28 -12 -5
right_child=1 11 12 5 -6 -7 8 -9 -10 -11 27 -13 13 15 -16 17 -18 -19 19 -21 -22 -23 -24 24 25 -27 -28 -29 -30 -31
leaf_value=-0.022983983285796022 -0.0072594485649204853 0.016468175267012542 0.01456566841847882 -0.007748736106552012 0.01644411670035343 0.075627087859399325 -0.045158400981037031 0.012416847402013886 0.046224681100118445 -0.05900893831613669 0.016366579094469726 0.054272815875775329 -0.020479082330394173 -0.0021974754831333254 0.051650386369236509 -0.018555501638013335 0.05620389550509914 0.0318378792461258 -0.028147841432689929 -0.081471561711466634 -0.052602378206319751 0.024667596890108046 0.061457147545346001 -0.031769815612535918 -0.64137770299886754 -0.11586180149874797 0.015341087595774948 0.0078012302796714363 0.16195974003129712 -0.52320818314840123
leaf_weight=83.168522832202143 60.352675502508646 67.253146271948935 377.78374646429438 733.86429903459793 78.3991313532606 19.282120615680469 26.70759050513152 96.015559889376163 76.745363608759362 298.5456709307764 7.6168138089706172 217.96044414001517 412.64929813545314 725.78466322977329 49.826369625516236 7.2120568964164686 26.44886103447061 152.04374383226968 97.259382369637024 14.989007643889634 72.945860669948161 49.100525490386644 10.420472939615136 1.2406154791824522 0.59430378302931763 0.66887054522521794 127.57912965654396 448.36759729241021 5.0859261372825131 0.20445108599960704
leaf_count=50424 2325 10161 59992 136981 27625 674 1174 2626 9003 1269353 5223 46921 61135 40537 1676 163 411 10618 5205 339 29345 1726 200 48 17 34 2112 7241 235 8
internal_value=-0.000542314 0.0154223 -0.00581514 -0.015374 -0.0396407 -0.00269946 0.00466671 -0.0134446 0.0120237 -0.0511598 0.00664262 0.0453585 0.000840493 -0.00327911 0.00995865 0.00448633 -0.000144058 0.0260191 0.00617858 -0.0122677 -0.0320728 -0.00565145 -0.0194765 -0.0650388 -0.198932 -0.363109 -0.00445227 0.0096432 0.0746592 -0.0078923
internal_weight=4346.12 1079.05 3267.07 1341.04 460.113 880.93 793.837 229.314 564.523 381.714 487.778 285.214 1926.02 1326.64 599.38 913.993 752.234 161.76 549.553 171.769 133.299 156.78 107.68 9.71585 2.50379 1.26317 861.648 461.07 12.7027 734.069
internal_count=1783532 114254 1669278 1487177 1347402 139775 57172 34296 22876 1319777 13873 57082 182101 112963 69138 51828 40948 10880 67462 7470 31670 7131 5405 262 99 51 139101 12699 5458 136989
is_linear=0
shrinkage=0.06


Tree=96
num_leaves=31
num_cat=0
split_feature=12 2 1 10 10 13 10 1 10 13 2 3 3 10 2 1 6 10 9 11 8 8 1 9 1 6 1 1 9 8
split_gain=91.2513 90.7297 51.785 124.623 37.4145 27.3076 30.3454 21.8721 17.2532 16.8851 16.6864 32.721 16.3731 23.3749 16.5682 14.334 14.2873 15.9897 13.2348 19.1849 28.4862 17.3545 16.7658 15.7904 13.0876 12.8777 13.4403 13.2822 12.6772 84.1572
threshold=0.90000000596046459 0.89699381589889537 0.57804551720619213 0.64879238605499279 0.20463493466377261 1.0000000180025095e-35 0.91772764921188366 0.65868008136749279 0.99758455157279979 1.0000000180025095e-35 0.6291005313396455 0.3034138828516007 0.99450549483299266 0.7214152216911317 0.48313754796981817 0.55217784643173229 2.5000000000000004 0.56615138053894054 0.46759706735610967 3.5000000000000004 0.58578431606292736 0.35504202544689184 0.21132376790046695 0.62090381979942333 1.0000000180025095e-35 1.0000000180025095e-35 0.44575163722038275 0.43159537017345434 0.24264069646596911 0.060661764815449722
decision_type=2 2 2 2 2 2 2 2 2 2 2 2 2 2 2 2 2 2 2 2 2 2 2 2 2 2 2 2 2 2
left_child=2 5 3 4 -1 6 24 18 12 -3 11 -5 14 16 -4 25 17 -14 -7 20 23 -21 -23 -20 -2 26 27 -12 -16 -30
right_child=1 9 8 10 -6 7 -8 -9 -10 -11 15 -13 13 -15 28 -17 -18 -19 19 21 -22 22 -24 -25 -26 -27 -28 -29 29 -31
leaf_value=-0.0094014342508563827 -0.010129690941392431 0.017675193771409584 0.067172681023750083 0.0032556573925217598 -0.056452880102719677 -0.020991579244973711 0.011840889956129898 0.04128883743168564 0.044306123156190542 0.053999928581936099 0.13467060837115763 -0.028228355058669437 0.003775054279608123 0.05361866653559344 0.0010976881047576683 -0.022885630737120646 0.029685873907160289 -0.047456542334524454 0.022496230792688008 -0.083110781424796609 -0.010109458849646294 0.022111990929677458 -0.0050629355191711342 0.085543654586492018 -0.048418290206283215 0.026819818061126752 0.047842693888476846 0.41420852755901383 -0.058358368096175749 -0.001739765854733088
leaf_weight=78.577526166438474 57.074733773828484 59.910296582354931 12.009404566677402 456.30752890318399 269.54117916013638 53.51359372746083 103.1915683336556 78.475998602341861 30.760766205610707 199.38983885920607 3.0362696864758605 160.6830511855369 178.29319057002431 41.677258180687204 990.33744514310092 16.660065877600573 65.549397741095163 25.007639385294169 24.171785946615273 8.0169116165779979 32.509914160240442 139.69142740499228 196.98472665378358 35.019776087778155 73.558140284978435 44.206957848218735 6.2255354101653211 0.76636412920197461 108.10737453625188 751.37696956362925
leaf_count=39807 2302 8350 4938 30351 1122295 4018 2831 8189 2891 46180 94 38931 8386 5979 30329 600 2078 424 2721 432 457 3784 3355 661 30974 1045 684 41 324145 56260
internal_value=-0.000513511 0.0147536 -0.00551676 -0.0165799 -0.0458324 0.00478067 -0.0124787 0.0118809 -0.000314397 0.0456072 -0.00177604 -0.00494373 -0.000946227 0.0118085 -0.00307354 0.0257919 0.00532706 -0.00252684 0.00717021 0.0106236 0.035014 0.00413482 0.0062123 0.0597973 -0.0316896 0.0407448 0.10213 0.191007 -0.00352959 -0.00886135
internal_weight=4300.63 1061.51 3239.12 1036 348.119 802.209 233.824 568.384 2203.12 259.3 687.886 616.991 2172.36 310.527 1861.83 70.8952 268.85 203.301 489.908 436.395 91.7015 344.693 336.676 59.1916 130.633 54.2351 10.0282 3.80263 1849.82 859.484
internal_count=1783532 114254 1669278 1233848 1162102 59724 36107 23617 435430 54530 71746 69282 432539 16867 415672 2464 10888 8810 15428 11410 3839 7571 7139 3382 33276 1864 819 135 410734 380405
is_linear=0
shrinkage=0.06


Tree=97
num_leaves=31
num_cat=0
split_feature=8 3 3 10 9 14 11 9 1 10 12 0 1 1 3 11 10 6 0 11 13 8 9 8 10 11 9 14 6 9
split_gain=82.1399 78.3764 55.8965 79.7077 79.7737 21.9212 31.0258 23.8469 18.8421 17.9843 16.2893 16.1404 15.9557 14.9872 23.2138 21.2012 25.1897 15.2011 25.2486 27.4029 14.8168 14.3587 14.0112 13.4872 13.1027 18.5661 37.4539 32.3979 20.2254 17.952
threshold=0.48684211075305944 0.88273492455482494 0.66312056779861461 0.55891487002372753 1.0000000180025095e-35 2.5000000000000004 4.5000000000000009 0.72240144014358532 0.25176055729389196 0.95561030507087719 0.45000000298023229 0.30952382087707525 0.78830561041831981 0.47571900486946112 0.33508773148059851 4.5000000000000009 0.99758455157279979 1.5000000000000002 0.91666665673255932 5.5000000000000009 1.0000000180025095e-35 0.74166667461395275 0.95090001821517955 0.5419580638408662 0.94461485743522655 2.5000000000000004 0.56212684512138378 2.5000000000000004 1.5000000000000002 0.24264069646596911
decision_type=2 2 2 2 2 2 2 2 2 2 2 2 2 2 2 2 2 2 2 2 2 2 2 2 2 2 2 2 2 2
left_child=2 13 3 4 11 8 7 -7 -5 -10 -3 -1 -6 14 -2 20 17 23 19 -19 21 -15 -20 -17 25 26 29 28 -27 -4
right_child=1 10 24 5 12 6 -8 -9 9 -11 -12 -13 -14 15 -16 16 -18 18 22 -21 -22 -23 -24 -25 -26 27 -28 -29 -30 -31
leaf_value=-0.056590813868214483 0.0052856998440423747 0.022158380555674317 0.0025752399597431886 -0.0035280835253260335 -0.057214577345586159 0.0033156222282091862 -0.042513336803597486 0.042669810660295876 -0.040351885044935427 0.077236914778404012 0.059309804705009017 0.0047922238308902715 0.077102877336953937 0.007444113693328514 -0.024020329694747593 -0.062117109383617988 0.035418179139289664 -0.0079527300291670888 0.016628707059457043 -0.13094990604725579 0.05006154173203891 0.063327962139604885 -0.10402850142370208 0.009408821163053192 0.046879485402297187 -0.075128546305563468 0.030288171054145201 0.0016652019230298304 -0.012561840977950605 -0.013707292948508545
leaf_weight=17.36762509131222 582.25560246774694 63.083730037324131 1114.5969955817854 157.6223136979097 278.60997311522078 299.2736715827632 44.367600618672441 68.031592666433426 111.0474390246236 4.8884776192717245 130.12709706323221 137.60224892001133 3.2206517808081108 104.53245745727327 116.82889614399755 10.372499440796672 62.59698548191227 11.58184271445498 28.284669588785619 14.923025990836321 75.037968170829117 19.665677423588932 3.9484056176152071 111.63564229989424 21.598642350640148 43.279041467059869 152.60565396868333 122.28861062313081 32.618344741174951 312.0002183108445
leaf_count=32795 10438 4418 16917 21677 1277426 65941 2918 2621 77240 85 36630 13461 1965 1863 2816 318 8568 648 2491 837 9466 709 371 4032 1543 2192 5726 5861 1305 170254
internal_value=-0.000491543 0.0118389 -0.00612644 -0.0166361 -0.0366658 -0.00386811 0.00487999 0.0106047 -0.017033 -0.0353937 0.0471798 -0.00208703 -0.0556796 0.00585799 0.000388164 0.014498 0.00261539 -0.00874506 -0.0338229 -0.0772038 0.0290111 0.0162928 0.00184875 0.00332806 0.000428437 -0.000136031 0.00203636 -0.0174463 -0.0482393 -0.000985789
internal_weight=4255.89 1334.87 2921.02 1122.03 436.8 685.231 411.673 367.305 273.558 115.936 193.211 154.97 281.831 1141.66 699.084 442.579 243.343 180.746 58.7379 26.5049 199.236 124.198 32.2331 122.008 1798.99 1777.39 1579.2 198.186 75.8974 1426.6
internal_count=1783532 83605 1699927 1496129 1325647 170482 71480 68562 99002 77325 41048 46256 1279391 42557 13254 29303 17265 8697 4347 1485 12038 2572 2862 4350 203798 202255 192897 9358 3497 187171
is_linear=0
shrinkage=0.06


Tree=98
num_leaves=31
num_cat=0
split_feature=12 4 0 10 4 4 10 4 2 4 0 4 6 1 1 0 9 6 9 10 0 4 1 4 4 0 11 4 4 9
split_gain=76.1086 83.407 43.5408 95.4732 76.0793 30.7309 23.4915 19.7415 17.6703 31.0301 32.9969 23.5928 23.0928 18.3255 17.4099 17.2213 17.0894 15.4125 15.2785 17.0555 16.3835 15.082 17.3956 17.8623 23.1351 18.572 16.3342 15.111 15.0232 20.3585
threshold=0.90000000596046459 0.78346121311187755 0.43650794029235845 0.5835326910018922 0.76277056336402904 0.97366598248481762 0.20463493466377261 0.68133461475372326 0.99450549483299266 0.99122807383537304 0.58571431040763866 0.83484846353530895 1.5000000000000002 0.82574188709259044 0.88273492455482494 0.41428571939468389 0.54244148731231701 1.5000000000000002 0.84521561861038219 0.8916430175304414 0.6904762089252473 0.80322581529617321 0.25866188108921057 0.32690165936946874 1.0000000180025095e-35 1.0000000180025095e-35 3.5000000000000004 0.95119047164917003 0.41982863843441015 0.29829408228397375
decision_type=2 2 2 2 2 2 2 2 2 2 2 2 2 2 2 2 2 2 2 2 2 2 2 2 2 2 2 2 2 2
left_child=2 15 3 4 6 17 -1 -4 9 10 11 12 13 -9 -13 -2 -3 21 20 -20 -11 22 -5 24 26 28 -24 -23 29 -25
right_child=1 16 7 5 -6 -7 -8 8 -10 18 -12 14 -14 -15 -16 -17 -18 -19 19 -21 -22 27 23 25 -26 -27 -28 -29 -30 -31
leaf_value=-0.021609218291262607 0.0011199989419012533 0.015695729675750995 0.01906191504018977 0.0031607280948850974 0.015983709886082612 0.074947526436637976 -0.058808523507935022 0.015754083510757744 0.0036702601913109487 -0.076148384572160721 0.031617672081776342 -0.013772021391321197 -0.052430952502967663 -0.072039991636540512 0.056239686769898843 0.032559791250035712 0.052120936389848598 -0.087230966566392634 -0.17473491038657085 -0.042174927980404397 -0.013890516594293099 0.036734883653791031 0.13107640618143498 0.32837167290571384 -0.042855879971908331 -0.02382641818767758 -0.0094289492005926196 -0.10894013474629119 0.025094254674050895 -0.018556149993097439
leaf_weight=80.517181788251037 706.95326750943786 60.878879135678289 189.78343845339259 420.5295043070073 77.949432845649426 18.140141825046157 253.61103118555911 50.157871289513423 1023.9861388280115 15.870628406322792 113.22303741538781 23.910031284496654 57.097548428020673 10.320186782104427 27.485337578953477 68.826605969341472 194.54432477126829 7.9300010288570766 4.2744821785017875 19.140378567390144 369.28189503868634 47.153973089822102 4.7284788769029538 0.61556676686450273 106.92986133185332 112.11819443835702 8.0487612165743467 2.7108254667837164 83.684969249297865 56.512419283608324
leaf_count=50424 47517 7960 36751 32580 27625 674 1269353 12516 57800 1637 3563 2299 6794 410 833 9655 49122 546 57 503 58938 1440 1020 142 59540 9451 448 97 7667 26170
internal_value=-0.000467144 0.0137006 -0.0050532 -0.0136055 -0.0373922 -0.00232732 -0.0498444 0.000699973 -0.00133228 -0.00874805 0.00655355 -0.0102413 -0.0250643 0.000772596 0.023669 0.00390931 0.0434392 -0.0039746 -0.0193167 -0.0663743 -0.0164559 -0.00319145 -0.00520366 -0.014643 -0.033738 -0.0056058 0.0425679 0.0288155 0.00890183 -0.0148179
internal_weight=4216.91 1031.2 3185.71 1281.18 412.078 869.103 334.128 1904.53 1714.75 690.761 282.194 168.971 117.576 60.4781 51.3954 775.78 255.423 850.963 408.567 23.4149 385.153 843.033 793.168 372.638 119.707 252.931 12.7772 49.8648 140.813 57.128
internal_count=1783532 114254 1669278 1487177 1347402 139775 1319777 182101 145350 87550 26415 22852 19720 12926 3132 57172 57082 139101 61135 560 60575 138555 137018 104438 61008 43430 1468 1537 33979 26312
is_linear=0
shrinkage=0.06


Tree=99
num_leaves=31
num_cat=0
split_feature=8 3 2 10 7 0 12 9 9 9 14 9 8 6 12 3 3 10 9 12 9 2 2 0 3 10 8 9 2 6
split_gain=68.166 71.4095 48.9597 104.025 17.5946 17.218 16.2755 14.5529 13.9362 13.4709 13.214 51.1059 20.5214 19.8088 18.654 12.8206 12.7352 13.0477 12.3465 66.4793 11.6979 11.4419 14.2252 17.421 13.6357 11.1841 11.7757 18.3867 13.3087 11.3411
threshold=0.48684211075305944 0.88273492455482494 0.68457102775573742 0.59026268124580394 1.0000000180025095e-35 0.58571431040763866 0.45000000298023229 0.99794238805770885 0.72240144014358532 0.55395013093948375 2.5000000000000004 0.19082633405923846 0.11651583760976793 1.5000000000000002 0.35416667163372045 0.92422503232955944 0.90595519542694103 0.79324594140052807 0.62090381979942333 0.90000000596046459 0.67039212584495556 0.62418830394744884 0.62563130259513866 0.91666665673255932 0.27639257907867437 0.92762354016304027 0.40588235855102545 0.56615138053894054 0.74322345852851879 3.5000000000000004
decision_type=2 2 2 2 2 2 2 2 2 2 2 2 2 2 2 2 2 2 2 2 2 2 2 2 2 2 2 2 2 2
left_child=2 7 3 4 18 8 -3 9 -5 -2 11 -4 -13 16 25 -16 17 20 -1 -20 -14 24 23 -23 -6 26 27 -12 -29 -30
right_child=1 6 10 5 21 -7 -8 -9 -10 -11 14 12 13 -15 15 -17 -18 -19 19 -21 -22 22 -24 -25 -26 -27 -28 28 29 -31
leaf_value=-0.056599139403745634 0.027950088608284462 0.0211039575662808 0.0030183638179985674 -0.0068643061071775209 0.25675944062115158 -0.08762346460563912 0.059190676920571665 0.031699439217016137 0.017401728248157822 0.0016837443140947646 -0.0021144327271022242 -0.058973689758045261 -0.023260322506073829 0.001746574327634928 0.014343813983905333 0.058365599204712876 -0.091989753346107955 -0.058092594385867093 -0.060027898619221087 2.3125524396094148 0.053662037499630326 0.15779960401751708 0.01539209509459351 0.92759623615440823 -0.042986414356484363 0.049162923867857623 -0.038899623688862003 0.08851790160202988 0.019551059792970713 -0.081200908997998963
leaf_weight=219.37868124256784 75.710582628380507 61.528813126496971 599.08764430254814 465.53470059174288 0.55889802606543781 8.6688056084676628 117.57674241368659 70.600710447411984 104.28832640391192 981.94217938825022 882.35358899914718 63.520945457305061 37.310931227752008 84.66802486909728 101.49110085266875 31.118943542940542 13.621601748978717 32.801432034932077 0.26697804931609326 0.050568306993227452 8.7947355690412206 0.82492018351331253 12.653121362149248 0.12141000432893634 24.342283098609187 16.946603821590543 27.248087330954149 9.8900312686746457 123.59589700026845 4.1573723687324664
leaf_count=1158879 2506 4418 9278 116164 476 703 36630 5125 7065 34926 181512 154468 8614 3194 8936 4947 312 629 1064 36 286 517 6423 11 31718 454 632 623 2810 176
internal_value=-0.000446477 0.0109116 -0.00561445 -0.0178339 -0.0495012 -0.00369991 0.0461066 0.00532457 -0.00242317 0.00356398 -0.000594393 -0.00636387 -0.029714 -0.019225 0.00345409 0.0246742 -0.038415 -0.0291665 -0.056058 0.317798 -0.00858725 -0.0120864 0.0321741 0.256561 -0.0362587 0.000809835 2.73819e-05 0.00106727 0.0214634 0.0162724
internal_weight=4180.65 1307.36 2873.3 836.689 258.197 578.492 179.106 1128.25 569.823 1057.65 2036.61 839.805 240.718 177.197 1196.8 132.61 92.5287 78.9071 219.696 0.317546 46.1057 38.5006 13.5995 0.94633 24.9012 1064.19 1047.24 1020 137.643 127.753
internal_count=1783532 83605 1699927 1323056 1199124 123932 41048 42557 123229 37432 376871 176781 167503 13035 200090 13883 9841 9529 1159979 1100 8900 39145 6951 528 32194 186207 185753 185121 3609 2986
is_linear=0
shrinkage=0.06


Tree=100
num_leaves=31
num_cat=0
split_feature=12 4 1 10 10 13 10 13 6 2 3 9 11 10 2 10 1 4 3 10 14 10 6 10 4 9 6 2 3 6
split_gain=62.4093 75.5413 37.6526 106.037 25.2018 22.6469 24.2136 20.254 19.7446 18.3334 29.0184 16.6289 17.925 26.5782 16.6087 15.4 15.1193 14.584 14.21 21.319 13.5248 16.1397 12.7968 13.7989 12.0061 11.6332 23.3018 28.1197 11.5126 11.3328
threshold=0.90000000596046459 0.78346121311187755 0.5667979121208192 0.64879238605499279 0.20463493466377261 1.0000000180025095e-35 0.87737199664115917 1.0000000180025095e-35 1.0000000180025095e-35 0.6291005313396455 0.3034138828516007 0.38477630913257604 3.5000000000000004 0.85201290249824535 0.4246212244033814 0.99758455157279979 1.0000000180025095e-35 0.59175083041191112 0.99450549483299266 0.7214152216911317 2.5000000000000004 0.99758455157279979 2.5000000000000004 0.56615138053894054 0.73252034187316906 0.85990655422210704 1.5000000000000002 0.76253134012222301 0.69804355502128612 1.0000000180025095e-35
decision_type=2 2 2 2 2 2 2 2 2 2 2 2 2 2 2 2 2 2 2 2 2 2 2 2 2 2 2 2 2 2
left_child=2 5 3 4 -1 6 -2 -3 11 10 -5 -7 13 -13 -4 18 -14 -11 25 22 21 -8 23 -20 -12 -16 -27 -28 -29 -26
right_child=1 7 14 9 -6 8 20 -9 -10 17 24 12 16 -15 15 -17 -18 -19 19 -21 -22 -23 -24 -25 29 26 27 28 -30 -31
leaf_value=-0.013768627012524522 -0.03591082306063096 0.012552128831439337 0.096681642711276647 0.0028240849151345078 -0.055471918526044092 -0.041494977062089197 -0.038012437189358407 0.052427742443871703 0.03871088629156489 0.05577655810983885 -0.03188099762427464 0.061072442367285845 0.018915180409386854 -0.00054221706546443075 -0.0018622839325012424 0.043465381272820375 -0.007402715256870045 -0.0024142301147962362 0.0034049333479445397 0.052895828180944113 0.025514701507290832 0.020237200391503566 0.028297033569382513 -0.044033186144768782 0.095441436518607828 0.012900826450123548 -0.32997995854411472 0.039160231247674093 -0.044790127644783767 -0.041094567688792841
leaf_weight=68.940677953811246 93.797359500807943 61.958044088532915 6.3424476627842514 455.43188937724335 214.40426602671505 25.680765067576431 40.783542881719768 176.45152369979769 74.37934543992742 34.202722879126668 141.16577932145447 50.668743659509346 120.05519895881298 50.147901833523065 1732.698158025436 28.242498803883791 227.49105869463529 28.362340443360154 176.7566363181686 38.05787567095831 58.392576003680006 29.518683154834434 63.844741304463241 25.224707394838333 5.3343242583796364 44.582159657031298 1.201341152191161 6.4572385293431571 65.864810599712655 3.7109959807130508
leaf_count=38135 31300 10161 1985 30349 1088129 1065 466 46921 9529 1520 38256 5412 3474 478 447296 2889 2918 690 8388 5985 1463 1067 2083 424 80 1006 12 117 1757 177
internal_value=-0.000431247 0.012548 -0.00460222 -0.0145668 -0.0453251 0.0034198 -0.0127257 0.0420648 0.00996996 -0.00152419 -0.00471848 0.00546039 0.00814984 0.0304243 -0.00027117 -0.000552864 0.00168845 0.0293972 -0.00112983 0.0108951 0.00417237 -0.0135544 0.0048819 -0.00251944 -0.0275871 -0.0031042 -0.0213241 -0.042077 -0.0372947 0.0394252
internal_weight=4150.15 1009.32 3140.83 951.553 283.345 770.915 222.492 238.41 548.423 668.208 605.643 474.044 448.363 100.817 2189.27 2182.93 347.546 62.5651 2154.69 303.884 128.695 70.3022 265.826 201.981 150.211 1850.8 118.106 73.5234 72.322 9.04532
internal_count=1783532 114254 1669278 1197336 1126264 57172 34296 57082 22876 71072 68862 13347 12282 5890 471942 469957 6392 2210 467068 16880 2996 1533 10895 8812 38513 450188 2892 1886 1874 257
is_linear=0
shrinkage=0.06


Tree=101
num_leaves=31
num_cat=0
split_feature=8 9 10 3 14 11 2 9 9 12 3 8 4 8 10 4 9 11 10 10 9 6 4 4 9 9 6 11 10 9
split_gain=56.8 107.785 77.6395 66.3089 31.8006 27.6665 25.5065 29.542 25.1315 24.4519 20.2639 19.6445 21.1644 19.3198 83.2761 16.6737 16.585 18.4283 25.8067 23.4875 17.6611 16.2953 16.4911 17.9195 44.5742 45.2055 15.3356 15.1268 14.8569 13.9232
threshold=0.19523809850215915 0.24264069646596911 0.48397369682788854 0.91715687513351452 2.5000000000000004 1.5000000000000002 0.45867486298084265 0.51915737986564647 0.48157843947410589 0.18333333730697635 0.89512962102890026 0.74166667461395275 0.52277433872222911 0.18898809701204303 0.75490951538085949 1.0000000180025095e-35 0.99794238805770885 3.5000000000000004 0.83796653151512157 0.76755931973457348 0.4449113011360169 1.0000000180025095e-35 0.59824562072753917 0.69631093740463268 0.66028577089309703 0.57207792997360241 3.5000000000000004 5.5000000000000009 0.97845596075057995 0.45078563690185552
decision_type=2 2 2 2 2 2 2 2 2 2 2 2 2 2 2 2 2 2 2 2 2 2 2 2 2 2 2 2 2 2
left_child=1 -1 10 4 11 6 -4 -8 13 -5 -3 28 15 -7 -15 -13 17 19 20 -6 -19 22 -9 24 25 -24 -21 -14 -2 -12
right_child=3 2 5 9 16 8 7 21 -10 -11 29 12 27 14 -16 -17 -18 18 -20 26 -22 -23 23 -25 -26 -27 -28 -29 -30 -31
leaf_value=0.0016491573059506247 -0.012321160309153235 -0.057180879063392878 -0.044029965334509515 0.014438290549157639 0.037407062735018613 -0.0083601492561681031 -0.0030119899247314876 -0.060190304314528355 -0.062252356302207684 0.056935549604175011 -0.021768046300457883 0.0199287023510804 0.056211021196286202 -0.060048557055232599 6.1980995229122202 -0.015610673750965047 0.055359162485024087 0.10993177615003301 0.0074014137533459272 0.0097881401260790733 -0.033881764003331538 0.043085007665893918 2.3669913453934934 0.1702540675973287 -0.011911962957064705 0.60565426914482912 -0.13302250891211012 0.0083435946099553633 0.016011696434351942 0.094264605911276722
leaf_weight=1277.8204712202423 685.77161512574821 256.74085842334898 29.668118554836838 84.323470754083246 148.23274143594608 73.941483787522884 96.254842285183258 0.89126919230329704 51.230634824270965 115.50633648177609 23.915119612560378 75.869751125574112 46.925993898417801 0.037981363595462336 0.0095868931384757161 127.20292402384803 28.811048694886267 3.1911095511313752 404.92977882712148 322.41286964362371 83.851246721969801 49.486191358388169 0.074082558698137624 2.6812955060304375 0.24745150562375784 0.17970966993016191 2.7298820484429589 48.156653700629249 73.796807078411803 4.4092913762724484
leaf_count=94701 85920 1227227 118258 5803 22417 30502 47276 2587 33097 36123 15704 2862 6461 94 2 1265 2341 291 15762 12123 7260 6121 59 73 4 13 123 6871 1700 492
internal_value=-0.000407173 -0.0081434 -0.0293605 0.00600932 0.00279614 -0.00830396 0.00679736 0.0168628 -0.0299494 0.0390027 -0.0518675 -0.00444546 0.00860565 -0.0075825 1.20122 -0.00233285 0.0105008 0.00916195 0.0010302 0.0176132 -0.0286093 0.0525806 0.167927 0.231811 0.561098 1.11979 0.00858911 0.0319675 -0.00956845 -0.00370512
internal_weight=4119.3 1867.59 589.768 2251.71 2051.88 304.703 179.483 149.815 125.22 199.83 285.065 1057.72 298.155 73.9891 0.0475683 203.073 994.159 965.348 491.972 473.375 87.0424 53.56 4.07381 3.18254 0.501244 0.253792 325.143 95.0826 759.568 28.3244
internal_count=1783532 1576210 1481509 207322 165396 238086 174391 56133 63695 41926 1243423 105079 17459 30598 96 4127 60317 57976 23313 34663 7551 8857 2736 149 76 72 12246 13332 87620 16196
is_linear=0
shrinkage=0.06


Tree=102
num_leaves=31
num_cat=0
split_feature=8 3 2 10 7 4 12 6 0 2 0 4 6 10 3 4 0 10 4 14 8 12 10 12 4 3 2 4 2 3
split_gain=53.1305 71.7455 55.5998 72.6641 17.3039 16.2994 39.1573 22.254 25.4524 17.854 14.9206 15.8685 14.69 14.0799 13.2868 15.2485 19.9336 15.1789 14.7994 11.3758 14.6529 11.5877 12.9938 11.8929 10.4566 37.6225 25.7108 10.4618 10.1775 10.453
threshold=0.38278388977050787 0.93788579106330883 0.68457102775573742 0.59026268124580394 1.0000000180025095e-35 0.69309264421463024 0.63333335518836986 1.5000000000000002 0.41428571939468389 0.77032968401908886 0.58571431040763866 0.8473193645477296 2.5000000000000004 0.92762354016304027 0.25176055729389196 0.29459981620311743 0.43650794029235845 0.87737199664115917 0.30940172076225286 2.5000000000000004 0.92582416534423839 0.15476191043853763 0.91772764921188366 0.45000000298023229 0.81165540218353283 0.80229884386062633 0.99450549483299266 0.75235849618911754 0.62418830394744884 0.27639257907867437
decision_type=2 2 2 2 2 2 2 2 2 2 2 2 2 2 2 2 2 2 2 2 2 2 2 2 2 2 2 2 2 2
left_child=2 5 3 4 -1 19 7 -7 -9 -10 11 14 24 -4 -5 16 -16 -17 -19 -2 21 22 -21 -23 25 -11 -27 -28 29 -6
right_child=1 -3 13 10 28 6 -8 8 9 12 -12 -13 -14 -15 15 17 -18 18 -20 20 -22 23 -24 -25 -26 26 27 -29 -30 -31
leaf_value=-0.055725303778870999 -0.0041384905216205531 0.057863373769394058 -0.001248597190356505 0.003264923076696161 0.19520882146292012 0.027366671137556496 0.044064289553791117 -0.19323719948471071 -0.13182988614251767 0.022533241487552456 -0.0883268158849249 0.064559207240858077 -0.031805158079303744 0.045735105721985352 -0.049451004498226835 -0.017276109963075176 1.1607029211002466 0.25308186585644898 0.028399224527047483 0.038677806943630474 0.042633544433135967 -0.041409375636387954 -0.0050492166392889096 0.0025359096665370363 0.016163293440282861 -0.011374533304313005 -0.11008861230830184 -0.28966090751010543 0.029222466147832367 -0.04205432719260941
leaf_weight=189.74144894079654 620.08647396124434 98.503097221255302 1878.6062985328172 219.10157180292299 0.68838159978622826 89.127897111000493 119.49614807520993 2.6670318576507261 4.0005310433916739 18.505756099708382 7.7442602002411141 11.713215990195748 48.221245459048077 23.245989302638918 46.969639320581337 95.021564066613792 0.049052333575672402 1.1230050488375152 17.525273837265559 65.071584032848477 40.900726528372616 24.067784318234771 39.203830842860043 281.15427128761075 99.135695110773668 3.7883504109922779 1.9175482999999074 2.9878141025546938 14.040953724586869 23.108414268092019
leaf_count=1159691 20151 31109 369783 25434 476 2308 29953 38 32 359 694 398 1499 1440 39712 46281 4 72 634 2481 2769 695 428 5113 3164 91 15 39 6951 31718
internal_value=-0.000411137 0.00830131 -0.00578204 -0.0212793 -0.0483371 0.00495823 0.0154622 0.00282003 -0.00925227 -0.00650416 -0.00585583 -0.00422449 -0.00363192 -0.000674324 -0.00634587 -0.0194503 -0.0481885 -0.00756301 0.0419297 0.0011329 0.00839029 0.00497006 0.022238 -0.000929324 0.00712161 -0.0258332 -0.128788 -0.219465 -0.0112882 -0.0351909
internal_weight=4087.51 1558.84 2528.68 626.827 227.579 1460.33 389.848 270.352 181.224 178.557 399.248 391.503 174.556 1901.85 379.79 160.689 47.0187 113.67 18.6483 1070.48 450.398 409.497 104.275 305.222 126.335 27.1995 8.69371 4.90536 37.8377 23.7968
internal_count=1783532 100244 1683288 1312065 1198836 69135 37498 7545 5237 5199 113229 112535 5167 371223 112137 86703 39716 46987 706 31637 11486 8717 2909 5808 3668 504 145 54 39145 32194
is_linear=0
shrinkage=0.06


Tree=103
num_leaves=31
num_cat=0
split_feature=12 2 0 10 7 13 10 1 1 0 0 3 10 12 12 11 11 1 10 1 13 1 1 2 12 1 1 1 3 2
split_gain=47.7988 64.52 29.7695 70.2807 64.4536 22.0457 24.7716 20.9442 14.3715 19.9016 15.982 14.79 16.2434 21.6277 17.4114 16.134 16.0711 14.5019 13.3916 13.3008 13.2507 12.1026 17.0983 18.6691 30.3933 13.8617 12.1891 17.1285 13.6658 13.4536
threshold=0.90000000596046459 0.92403846979141246 0.43650794029235845 0.55190372467041027 1.0000000180025095e-35 1.0000000180025095e-35 0.87737199664115917 0.67962265014648449 0.80229884386062633 0.30952382087707525 1.0000000180025095e-35 0.63686314225196849 0.74369570612907421 0.45000000298023229 0.13392857462167743 11.500000000000002 1.5000000000000002 0.47856706380844122 0.99758455157279979 0.69732204079628002 1.0000000180025095e-35 0.43714080750942236 0.67028987407684337 0.81872946023941051 0.55000001192092907 0.87585616111755382 0.77459675073623668 0.91331186890602123 0.70801281929016124 0.90070420503616344
decision_type=2 2 2 2 2 2 2 2 2 2 2 2 2 2 2 2 2 2 2 2 2 2 2 2 2 2 2 2 2 2
left_child=2 5 3 4 -1 6 -2 -7 10 -10 11 12 13 19 15 -14 -13 -18 21 -5 -3 -4 -23 24 25 -24 28 -28 -25 -29
right_child=1 20 18 8 -6 7 -8 -9 9 -11 -12 16 14 -15 -16 -17 17 -19 -20 -21 -22 22 23 26 -26 -27 27 29 -30 -31
leaf_value=-0.055402004955741192 -0.034323338567893713 0.01524719583370121 -0.039070982285558914 -0.03544742700730124 -0.0020348847893676136 0.0057369653996387944 0.0053221560364089815 0.040449125227597395 0.065067079820547213 0.00083607551528128393 -0.026537205815585101 0.18427745846889909 0.011321459743581553 0.0705748674080829 -0.011577871833829273 -0.13908573926237403 0.1689515391359441 0.013200800722302931 0.049335832450246926 0.14667034153212163 0.052492720853266742 0.01383830010350231 -0.028544995241303821 -0.012857962817477288 -0.71318501792845468 0.14301425507371462 -0.0090022866286175746 0.074670119893791104 0.018072992585756117 0.0044164406445499115
leaf_weight=207.45192377635976 100.02697238010296 45.794362613611156 27.902574263745919 95.499656990927178 134.15727825215436 487.23906309905578 131.09990523918532 71.79581740492722 26.043677524168743 52.119788954150863 104.92546542588389 2.5331817941478247 311.32401069178013 7.895258504577213 232.64202888350701 2.5888327974826089 2.3514261309755993 25.391661365603795 20.141090795164928 1.4658563797420345 138.04515917843673 300.19968510579201 96.132311769382795 66.898208474420244 0.23192839976400037 1.7259084439428978 674.08216571746743 10.02659682073863 222.28149225906236 460.75191534098121
leaf_count=1257650 33350 7490 14534 129187 47335 16131 3617 10497 909 1547 15732 237 24499 2125 5298 24 82 2147 2536 405 43169 71950 18045 5889 7 76 32892 173 13460 22539
internal_value=-0.000388909 0.0111996 -0.00404556 -0.0114019 -0.0344436 0.00375091 -0.0118356 0.010195 -0.00229992 0.0222375 -0.00473813 -0.00138283 -0.00328813 -0.0249189 0.000861895 0.0100811 0.0396111 0.0264018 0.000674058 -0.0326943 0.0432149 0.000147188 0.000744399 -0.00182117 -0.0271452 -0.0255192 -8.89746e-05 -0.00286909 0.0109175 0.0059127
internal_weight=4060.77 974.001 3086.76 1206.39 341.609 790.162 231.127 559.035 864.781 78.1635 786.617 681.692 651.416 104.861 546.555 313.913 30.2763 27.7431 1880.37 96.9655 183.84 1860.23 1832.33 1532.13 98.0901 97.8582 1434.04 1144.86 289.18 470.779
internal_count=1783532 114254 1669278 1487177 1304985 63595 36967 26628 182192 2456 179736 164004 161538 131717 29821 24523 2466 2229 182101 129592 50659 179565 165031 93081 18128 18121 74953 55604 19349 22712
is_linear=0
shrinkage=0.06


Tree=104
num_leaves=31
num_cat=0
split_feature=9 3 1 10 10 10 10 4 0 10 10 0 4 4 7 2 3 10 4 3 2 4 0 4 2 6 0 10 6 3
split_gain=41.531 46.8901 40.2114 70.4387 36.2785 30.8046 19.3985 12.0228 14.7634 19.8341 22.8581 17.7838 37.2188 26.6965 14.3825 21.1066 13.7813 12.5244 67.6547 143.118 12.2581 12.9407 33.2282 23.6565 23.086 14.5588 13.3205 12.9451 12.7883 16.3226
threshold=0.75694981217384349 0.93788579106330883 0.57804551720619213 0.59399941563606273 0.20463493466377261 0.92762354016304027 0.7117014229297639 0.35043859481811529 0.087121214717626586 0.48579499125480657 0.73192510008811962 0.43650794029235845 0.79205974936485302 0.64346247911453258 1.0000000180025095e-35 0.8589511811733247 0.31643131375312811 0.48989796638488775 0.38196556270122534 0.64326766133308422 0.68457102775573742 0.99122807383537304 0.58571431040763866 0.91068580746650707 0.99450549483299266 3.5000000000000004 0.77500000596046459 0.7214152216911317 1.5000000000000002 0.80229884386062633
decision_type=2 2 2 2 2 2 2 2 2 2 2 2 2 2 2 2 2 2 2 2 2 2 2 2 2 2 2 2 2 2
left_child=2 6 3 4 -1 7 -2 -4 9 -9 17 12 14 -13 -10 16 -16 18 19 -11 -15 22 23 -22 26 27 -23 -26 29 -28
right_child=1 -3 5 -5 -6 -7 -8 8 11 10 -12 13 -14 20 15 -17 -18 -19 -20 -21 21 24 -24 -25 25 -27 28 -29 -30 -31
leaf_value=-0.0072989566486240534 0.18836504827279626 0.056228469640348111 -0.037527912581360436 -0.0046683941436672762 -0.057370409593354516 0.035278673309226252 0.0060551872945781016 -0.040068512062203021 -0.044205784110596218 -0.060012457752119462 0.010525557698364277 0.037341350240856386 0.015992957605095389 -0.053129378243562071 0.93186189118280904 -0.045370623466625522 0.024887042917119725 0.08304836738676441 0.2770156079943944 13.515766021716017 -0.015140181685300989 -0.052843730560760575 0.02969166898682736 0.06338552271183974 -0.0013263654616906047 0.044585008604597 -0.0058935081585983632 0.02628864973201727 -0.0043484573886268998 -0.057434134951313852
leaf_weight=75.428765529301018 2.1057106138905501 73.298659118823707 31.406625969961169 736.04820230112819 168.37159531423822 89.613565696869045 964.23452996031847 13.103684030575094 114.37459819976357 0.0076076328550723771 34.644918398145819 70.562063719960861 88.64861569936329 15.720868200427502 0.060430690355135819 27.975230912212282 30.652769120410085 23.574359195132274 0.17556448234245181 0.004419629112817347 154.60254249020363 32.142708720115479 164.88136496167863 15.165972060058264 707.43519940125407 28.690167553839274 44.635588654171443 66.888770655961707 215.67335073105642 43.853017579240259
leaf_count=39964 121 24692 25727 117852 1103930 11249 47020 34782 223242 38 1294 10537 12936 9665 12 880 9779 4787 196 12 19431 3249 5983 643 35984 915 14821 6327 13994 3470
internal_value=-0.000370041 0.00996186 -0.00395729 -0.0139269 -0.0418789 0.000891931 0.00645245 -0.000708957 -9.82495e-05 0.0266441 0.0416112 -0.00114787 -0.0156216 0.00127991 -0.0318156 -0.00766904 0.0266716 0.0869341 0.57525 4.92865 -0.000428212 0.000133882 0.0105071 -0.00812523 -0.00291302 0.00261421 -0.0161107 0.00105911 -0.0122289 -0.0314359
internal_weight=4033.98 1039.64 2994.34 979.849 243.8 2014.49 966.34 1924.88 1893.47 71.5106 58.4069 1821.96 261.712 1560.25 173.063 58.6884 30.7132 23.762 0.187592 0.0120273 1489.69 1473.97 334.65 169.769 1139.32 803.014 336.305 774.324 304.162 88.4886
internal_count=1783532 71833 1711699 1261746 1143894 449953 47141 438704 412977 41109 6327 371868 246849 125019 233913 10671 9791 5033 246 50 114482 104817 26057 20074 78760 43226 35534 42311 32285 18291
is_linear=0
shrinkage=0.06


Tree=105
num_leaves=31
num_cat=0
split_feature=8 3 14 9 8 8 1 11 3 10 9 8 10 10 10 11 9 3 9 0 13 3 10 10 10 13 3 6 11 13
split_gain=41.5953 40.6045 28.3267 39.583 76.4055 33.6998 55.5967 30.948 22.4125 20.1651 15.6508 16.8594 15.8609 15.0901 14.9734 20.0683 58.1939 23.3437 20.8945 20.6276 20.9319 27.6864 18.3812 16.1999 14.7315 14.6926 14.341 15.0013 13.7403 32.3739
threshold=0.69615384936332714 0.88273492455482494 2.5000000000000004 0.22284295409917834 0.18350168317556384 0.21980676054954532 0.54446640610694896 3.5000000000000004 0.90054944157600414 0.76755931973457348 0.51628047227859508 0.5419580638408662 0.94461485743522655 0.97845596075057995 0.87737199664115917 1.5000000000000002 0.49892704188823706 0.78456193208694469 0.48579499125480657 0.30952382087707525 1.0000000180025095e-35 0.48313754796981817 0.46056619286537176 0.68671792745590221 0.60221165418624889 1.0000000180025095e-35 0.93405798077583324 3.5000000000000004 5.5000000000000009 1.0000000180025095e-35
decision_type=2 2 2 2 2 2 2 2 2 2 2 2 2 2 2 2 2 2 2 2 2 2 2 2 2 2 2 2 2 2
left_child=2 -2 3 -1 -5 6 24 9 10 -7 -9 12 -12 28 15 16 19 -18 23 20 -8 -22 -19 -17 -4 -15 27 -11 29 -6
right_child=1 -3 5 4 13 7 14 8 -10 26 11 -13 -14 25 -16 18 17 22 -20 -21 21 -23 -24 -25 -26 -27 -28 -29 -30 -31
leaf_value=0.002669411984955032 0.0084966355168742853 0.057038962385256436 -0.052058576634681497 -0.053772263662067291 -0.017061373073060267 0.040687357030486593 -0.056291529081728679 0.033242958273521452 0.049439441493031061 0.011038726631287753 -0.029671996653859473 0.0040765033367243771 0.034828928170050726 0.044167212678826638 0.059703831768690832 0.029067288474435023 0.12082176054889734 0.26769681070501838 -0.062505535077487254 0.00036814144185692914 1.1447153826863057 0.1064781287584627 0.027651319450546923 -0.033660495043373068 -0.012117979480390869 -0.012121032573736321 0.055997678250712203 -0.10893257352255777 -0.031674182371619994 0.014079787632035764
leaf_weight=618.2653154143045 481.12659091688693 71.217364618321881 101.22820444078388 166.29366423017927 408.13702044831007 135.88872836902738 33.587542384113476 33.033662143468973 28.328247668920085 298.63668794051046 147.08829804798006 153.7249898002483 15.136977559886871 36.34127663820982 15.052082668524234 27.487145275154035 17.163696158138919 1.1879826699732792 36.268722696317127 728.46788021881366 0.099494254987802289 1.3087039204838218 34.455963611748302 32.166290385182947 49.501305855097598 30.879271342186257 25.964185860008001 3.7998605398461214 103.0305707554071 170.33549475431209
leaf_count=34656 25208 24790 520430 724175 76229 17270 124969 1633 6768 11533 7665 4761 376 921 540 4168 3225 45 3580 142602 41 227 767 867 21972 1359 6574 181 3538 12462
internal_value=-0.000532305 0.0147555 -0.00297785 -0.00905852 -0.0169829 0.00187915 -0.00514529 0.0108765 -0.00188668 0.0212487 -0.00605301 -0.0101615 -0.0236535 -0.00881192 0.000348517 -0.000630904 0.00241984 0.063334 -0.0265919 -0.0017935 -0.0467901 0.179833 0.0356518 -0.00475675 -0.0389416 0.0183099 0.0132051 0.00953139 -0.0114871 -0.00789163
internal_weight=4005.2 552.344 3452.86 1533.28 915.017 1919.58 1077.98 841.602 377.312 464.289 348.984 315.95 162.225 748.724 927.246 912.193 816.271 52.8076 95.9222 763.464 34.9957 1.4082 35.6439 59.6534 150.73 67.2205 328.401 302.437 681.503 578.473
internal_count=1783532 49998 1733534 853340 818684 880194 823433 56761 21203 35558 14435 12802 8041 94509 281031 280491 271876 4037 8615 267839 125237 268 812 5035 542402 2280 18288 11714 92229 88691
is_linear=0
shrinkage=0.06


Tree=106
num_leaves=31
num_cat=0
split_feature=8 3 2 8 9 11 14 4 8 11 4 11 11 6 8 9 14 2 4 8 9 3 3 9 13 3 9 9 9 14
split_gain=38.253 61.0476 43.6259 51.9116 19.3687 18.4475 15.2146 17.1341 13.9377 29.429 19.8058 17.6672 16.1189 15.4187 14.5078 19.057 12.0542 11.7324 14.4042 12.2256 11.6457 11.5472 27.2433 10.5272 12.5901 18.2419 18.7022 10.2315 19.76 38.9376
threshold=0.38278388977050787 0.93788579106330883 0.68457102775573742 0.12060606107115747 0.23739406466484073 2.5000000000000004 2.5000000000000004 0.08893280848860742 0.76696833968162548 9.5000000000000018 0.58919963240623485 3.5000000000000004 4.5000000000000009 2.5000000000000004 0.5419580638408662 0.60248687863349926 2.5000000000000004 1.0000000180025095e-35 0.16843971610069278 0.83771929144859325 0.83087757229805004 0.34391801059246069 0.40936473011970526 0.85990655422210704 1.0000000180025095e-35 0.86706829071044933 0.92545253038406383 0.64375689625740062 0.22284295409917834 2.5000000000000004
decision_type=2 2 2 2 2 2 2 2 2 2 2 2 2 2 2 2 2 2 2 2 2 2 2 2 2 2 2 2 2 2
left_child=2 5 3 4 -1 -2 7 -5 9 12 11 -10 13 -7 15 -14 -16 -13 19 -19 -9 -20 -23 -15 25 -25 -27 28 -4 -30
right_child=1 -3 27 6 -6 8 -8 20 10 -11 -12 17 14 23 16 -17 -18 18 21 -21 -22 22 -24 24 -26 26 -28 -29 29 -31
leaf_value=-0.010595800499729051 0.038820674236633969 0.057336933307612185 0.0023333371100193647 -0.0041838143630312033 -0.057316009125644087 0.010839171416731908 0.0014408245205945721 -0.048058871718637673 -0.12439963881988619 -0.072864087701165092 0.037933268100591083 0.026816788884121014 0.018755979925339252 -0.0039746595756059424 -0.011188043038154048 -0.037708721510036701 0.011084508208124349 -0.11458064438159349 0.021207019825785937 -0.018118284411993178 0.13422291396497704 -0.056506870859767605 0.014887100717125177 -0.019670830324763286 0.041504238920503971 -0.25554802213935734 -0.046436896186614333 0.015673437186575205 -0.037617558659707617 -0.0014100316245708006
leaf_weight=41.669195797519933 53.074276269326219 81.996345969615504 1218.1839423858764 82.798755018113297 136.87419482284895 489.55537875273149 252.88412597828574 67.738778559556522 3.7479935542214653 19.982360542053357 86.850926973158494 75.237815095111728 27.747314374049893 26.17855160497129 194.09234440082218 95.84853793590446 159.25552757503465 6.5851388145238188 80.913775720633566 16.789538693847135 1.2857191087678064 29.90042080078274 53.976517570437863 6.1090805251151306 3.1127525477204463 3.5682455846108496 2.70839828485623 128.37352015511715 148.45408925040101 382.20768671065161
leaf_count=61048 3195 31109 23698 12643 1020000 20465 103863 114377 61 430 18698 3338 1048 1853 4760 3881 5902 63 1003 266 134 254 2785 79 882 99 73 5446 163880 178199
internal_value=-0.000508825 0.0069841 -0.00512928 -0.0194625 -0.0464123 0.00410739 -0.0075732 -0.0225874 0.00277442 -0.000760992 0.0130426 0.00495066 0.000668113 0.00785667 -0.00733869 -0.0250324 -0.0011497 0.0067912 -0.00121602 -0.0452938 -0.0446635 0.00503617 -0.0105634 -0.027177 -0.0663682 -0.0934785 -0.165316 -0.000675956 -0.00187608 -0.0115392
internal_weight=3977.7 1517.23 2460.47 583.251 178.543 1435.23 404.707 151.823 1382.16 1028.16 354.002 267.151 1008.18 531.232 476.944 123.596 353.348 263.403 188.165 23.3747 69.0245 164.791 83.8769 41.677 15.4985 12.3857 6.27664 1877.22 1748.85 530.662
internal_count=1783532 100244 1683288 1312065 1081048 69135 231017 127154 65940 39472 26468 7770 39042 23451 15591 4929 10662 7709 4371 329 114511 4042 3039 2986 1133 251 172 371223 365777 342079
is_linear=0
shrinkage=0.06


Tree=107
num_leaves=31
num_cat=0
split_feature=8 3 0 4 10 10 4 2 0 1 3 10 2 3 3 4 1 1 4 4 1 4 0 1 1 4 3 14 2 3
split_gain=34.7727 49.4092 26.7213 58.3274 84.7885 31.8468 22.579 27.8458 19.7607 19.267 18.6417 18.4143 17.1552 18.4784 33.0216 17.1079 30.9433 13.9794 13.5768 24.0036 15.1093 21.4772 16.9817 13.2092 14.7642 13.6172 13.1763 12.8899 12.8134 20.6397
threshold=0.48684211075305944 0.91266208887100231 0.43650794029235845 0.79205974936485302 0.59399941563606273 0.20463493466377261 0.64075469970703136 0.62418830394744884 0.26785714924335485 0.25176055729389196 0.20761494338512423 0.92762354016304027 0.62563130259513866 0.57275134325027477 0.56691542267799389 0.68614074587821972 0.52027395367622387 0.43714080750942236 0.32690165936946874 1.0000000180025095e-35 0.29679679870605474 0.20204082131385806 0.15476191043853763 0.78319624066352855 0.75134408473968517 0.91068580746650707 0.83424907922744762 2.5000000000000004 0.84660634398460399 0.55217784643173229
decision_type=2 2 2 2 2 2 2 2 2 2 2 2 2 2 2 2 2 2 2 2 2 2 2 2 2 2 2 2 2 2
left_child=2 18 3 4 5 10 17 -8 -5 -6 -1 27 13 14 15 16 -9 -4 19 -2 21 -21 -22 24 25 -10 -26 -11 29 -25
right_child=1 -3 6 8 9 -7 7 12 23 11 -12 -13 -14 -15 -16 -17 -18 -19 -20 20 22 -23 -24 28 26 -27 -28 -29 -30 -31
leaf_value=1.1462651809941493 0.0087577645857956615 0.048096580485196584 -0.044513374287186047 0.066195826190669896 0.0046774606909749453 -0.059549156070638883 -0.077617206561413271 -0.060443548325983212 -0.023958436200677134 -0.040197415467488957 -0.015694991417622539 0.035335758593029246 -0.00091737232309816136 -0.043584855672197255 1.8335454327345753 -0.060901505222484782 1.7704848697774882 0.03096016158608705 0.011343441779238343 -0.031013707040854925 -0.039937037919907825 0.013466935557541469 0.064247666289914393 0.759399734414829 -0.10952284051155943 0.15525817040104739 -0.6464970256741861 -0.011819813580587583 0.013261838666562336 0.073797331877869674
leaf_weight=0.049734941028872437 336.55911562382244 101.05570480972528 9.5819656395906332 33.226305677511846 331.81676398798299 183.98072928246256 17.167456833834876 0.067410861476672745 14.108718481293183 85.538450778854894 84.209711309798877 22.625876567559317 1576.5547485964198 0.30677654010651167 0.063325020775664598 0.17489338965970092 0.065534418987226672 113.31473990595259 525.39729869749863 64.717062443785835 94.466643410094548 98.642652261827607 5.9892689637490539 0.16041454253718157 3.9775128581968593 1.7114207910344692 0.17160677685751569 176.57248127817002 59.13654559708084 10.833707980767938
leaf_count=31 6423 35488 6247 5141 27703 1323825 19973 101 7749 57099 51177 535 131394 224 9 348 48 23626 35967 922 2489 1624 692 19 1487 291 27 38931 2604 1338
internal_value=-0.000480797 0.00790749 -0.00425673 -0.0120108 -0.0173989 -0.0455583 0.00029522 -0.00161486 0.0266459 -0.00514784 -0.0150091 -0.0165977 -0.000787612 0.300971 0.585756 0.329075 0.842099 0.0250757 0.00429989 -0.00186403 -0.0154146 -0.00415465 -0.0337255 0.012061 -0.0309918 -0.0045708 -0.131732 -0.0210807 0.02432 0.0838009
internal_weight=3952.24 1226.83 2725.42 1008.12 884.794 268.24 1717.3 1594.4 123.326 616.554 84.2594 284.737 1577.23 0.67794 0.371164 0.307839 0.132945 122.897 1125.77 600.375 263.816 163.36 100.456 90.0999 19.9693 15.8201 4.14912 262.111 70.1307 10.9941
internal_count=1783532 83605 1699927 1517957 1499301 1375033 181970 152097 18656 124268 51208 96565 132124 730 506 497 149 29873 48117 12150 5727 2546 3181 13515 9554 8040 1514 96030 3961 1357
is_linear=0
shrinkage=0.06


Tree=108
num_leaves=31
num_cat=0
split_feature=12 4 0 10 10 4 13 13 0 1 10 4 4 9 4 2 9 2 4 0 4 1 9 1 0 10 10 4 9 9
split_gain=33.0932 54.298 19.5309 56.7651 63.3453 23.5975 18.5073 16.6614 20.421 20.0495 15.6144 22.488 15.3727 15.0259 13.363 14.3852 12.9814 12.2084 24.6182 26.4525 19.1008 15.1893 14.6182 12.4779 12.3001 31.7148 20.8236 12.2953 12.2028 12.0227
threshold=0.90000000596046459 0.78346121311187755 0.43650794029235845 0.55190372467041027 0.20463493466377261 0.97366598248481762 1.0000000180025095e-35 1.0000000180025095e-35 0.26785714924335485 1.0000000180025095e-35 0.92762354016304027 0.26201373338699346 0.68133461475372326 0.38477630913257604 0.76277056336402904 0.85053193569183361 0.37260991334915167 0.99450549483299266 0.99122807383537304 0.58571431040763866 0.83484846353530895 0.88273492455482494 0.79458171129226696 0.87007671594619762 0.91666665673255932 0.82397845387458812 0.74369570612907421 0.84327486157417308 0.84521561861038219 0.52225759625434887
decision_type=2 2 2 2 2 2 2 2 2 2 2 2 2 2 2 2 2 2 2 2 2 2 2 2 2 2 2 2 2 2
left_child=2 7 3 4 14 -5 -3 9 13 16 -11 -12 -4 -9 -1 -16 -2 18 19 20 23 -22 -20 -14 25 -19 27 -26 -21 -6
right_child=1 6 12 5 29 -7 -8 8 -10 10 11 -13 17 -15 15 -17 -18 24 22 28 21 -23 -24 -25 26 -27 -28 -29 -30 -31
leaf_value=-0.018533180552759113 0.13317322623328162 0.0086599576068362907 0.016618332568012293 -0.0032013577032971069 -0.060630397988985965 0.070626370743217842 0.049859650281080317 -0.040963312354013286 0.040856825671472301 -0.048706070728502047 -0.051177535715882343 0.029338774643854919 -0.015634036002971034 0.0061436484623542875 0.072348880089630793 0.0028100152529094338 0.0041718586667630151 0.0041259276018808487 -0.013811756318562882 0.036554949450322081 -0.013086135843256878 0.053885744906233692 -0.054882790457609319 -0.077317292923344272 0.065760368083499485 -0.05849286436860196 0.02690966815805941 0.00034373424298284456 -0.022065254908720543 0.036228000931986123
leaf_weight=75.681348632526351 2.8951267626107429 55.22847326201736 186.10045707406243 830.14702303965896 156.10474835872446 15.884044158214236 135.68350820848718 25.793326855986379 59.537280349148205 64.284628319146577 21.460881117032841 29.867044096812606 99.282807627576403 443.78307307092473 14.144505420830681 44.096895704598865 93.591702108242316 102.74974894980551 364.02812861348502 95.663725919221179 23.307192218620912 25.562665177159943 34.122153053293005 13.399637164780868 10.496693516790399 40.631980375386775 135.90119125065394 708.30609692004509 14.755922986660151 4.7539900033443692
leaf_count=50424 235 10161 36751 181499 1230665 693 46921 1174 9003 29345 245 1307 19423 12699 1033 408 3164 6264 60312 3208 2299 833 823 297 185 1035 11020 39296 355 22455
internal_value=-0.000465755 0.00940719 -0.00353836 -0.00971553 -0.0323895 -0.00181526 0.0379411 0.0020578 0.00775329 -0.0121504 -0.0290029 -0.00432615 0.000261973 0.00355611 -0.0019068 0.0196982 0.0080426 -0.0015627 -0.00782686 0.00608753 -0.00938243 0.0219453 -0.0173316 -0.0229691 0.00264311 -0.0136192 0.00537121 0.00129901 0.0287212 -0.0577679
internal_weight=3927.25 932.125 2995.12 1140.81 294.781 846.031 190.912 741.213 529.114 212.099 115.613 51.3279 1854.31 469.576 133.923 58.2414 96.4868 1668.21 670.122 271.972 161.552 48.8699 398.15 112.682 998.086 143.382 854.704 718.803 110.42 160.859
internal_count=1783532 114254 1669278 1487177 1304985 182192 57082 57172 22876 34296 30897 1552 182101 13873 51865 1441 3399 145350 87550 26415 22852 3132 61135 19720 57800 7299 50501 39481 3563 1253120
is_linear=0
shrinkage=0.06


Tree=109
num_leaves=31
num_cat=0
split_feature=1 12 8 9 8 11 8 0 9 4 9 3 11 4 9 11 9 0 1 2 8 12 1 13 8 9 6 9 2 9
split_gain=30.1853 42.4771 28.6824 86.4294 43.4998 25.6386 26.4233 18.4513 21.0559 17.4414 15.7825 14.9731 14.511 13.7876 14.0206 13.5835 12.8361 47.114 12.8795 12.6992 11.2975 11.161 11.1286 12.6393 11.0563 10.8433 16.7037 12.5113 10.8058 10.7446
threshold=0.92403846979141246 0.22500000149011615 0.16333333402872088 0.24264069646596911 0.060661764815449722 2.5000000000000004 0.48684211075305944 1.0000000180025095e-35 0.47281683981418615 0.94590643048286449 0.32361441850662237 0.87585616111755382 1.5000000000000002 0.4248871803283692 0.55823644995689403 1.5000000000000002 0.28992752730846411 0.43650794029235845 0.60421237349510204 0.55351883172988903 0.26969698071479803 0.45000000298023229 0.43714080750942236 1.0000000180025095e-35 0.21980676054954532 0.42631272971630102 3.5000000000000004 0.66028577089309703 0.65771448612213146 0.99794238805770885
decision_type=2 2 2 2 2 2 2 2 2 2 2 2 2 2 2 2 2 2 2 2 2 2 2 2 2 2 2 2 2 2
left_child=2 9 3 22 -5 10 7 -7 -9 -2 -4 29 19 16 -15 -16 17 18 -6 -12 -10 -13 -1 -24 25 -14 27 -27 -22 -8
right_child=1 -3 5 4 13 6 11 8 20 -11 12 21 24 14 15 -17 -18 -19 -20 -21 28 -23 23 -25 -26 26 -28 -29 -30 -31
leaf_value=-0.043738337917208721 0.041417550148433527 0.052404042359259148 -0.026989407515495403 -0.057305389745945692 0.01996952447079009 -0.0032092833680698444 0.0010141630438191434 0.011831094471662362 -0.069349076795219733 0.0012185432359053429 -0.033481056338238412 0.0090401041193810001 0.028816488019143362 -0.015189567952746666 0.052301243829961201 -0.06295648494876549 -0.051868155216223254 3.0875222806212745 0.53523114255669069 0.092022162059577708 -0.069465433154541192 0.056584759751823373 0.00042435679161028419 0.10629494267160669 0.022779217588264108 -0.030512256337770032 -1.1032546996345061 0.1013116871395973 -0.02147978869568672 0.026808800958097716
leaf_weight=20.560767061819206 43.462159091897774 83.607208291534334 27.65432289319142 163.98092032757268 1.3554610693172424 376.8609409914061 990.50869413133478 44.499329567348468 27.949850805205642 366.58576921458007 3.5262911843601641 38.676520294742659 22.102890008784016 123.95209512756992 21.959841497977326 4.4223703439129158 41.006253325351281 0.019061654340475687 0.20046976864250599 16.407403323646577 19.440734342570067 32.890033140778542 948.24700664145348 4.0769637314369893 246.6890231272846 39.139311574464955 0.051477471133693053 2.7757010571585843 128.96883007299039 61.75904173986055
leaf_count=20546 1248 30600 1817 1133048 2556 56047 35126 2644 3557 17505 9726 1545 3915 64392 2009 838 235472 10 107 860 1251 13234 71371 117 48422 15957 3 480 4193 4936
internal_value=-0.000440099 0.0134267 -0.00244774 -0.00933003 -0.0345853 0.00195244 -0.00108682 -0.0112795 -0.02505 0.00547935 0.0165536 0.00433421 0.0201949 -0.0152728 -0.00673611 0.0329809 -0.045412 0.122679 0.086357 0.0698205 -0.0343559 0.0308903 -6.5309e-05 0.000877596 0.0170116 -0.00519566 -0.0231092 -0.0217826 -0.0277656 0.00252809
internal_weight=3903.34 493.655 3409.68 1329.78 356.896 2079.9 1721.55 597.72 220.859 410.048 358.346 1123.83 330.692 192.916 150.334 26.3822 42.5812 1.57499 1.55593 19.9337 176.359 71.5666 972.885 952.324 310.758 64.0694 41.9665 41.915 148.41 1052.27
internal_count=1783532 49353 1734179 1530466 1438432 203713 122533 67692 11645 18753 81180 54841 79363 305384 67239 2847 238145 2673 2663 10586 9001 14779 92034 71488 68777 20355 16440 16437 5444 40062
is_linear=0
shrinkage=0.06


Tree=110
num_leaves=31
num_cat=0
split_feature=8 4 14 9 8 8 1 11 1 10 4 4 10 11 10 8 10 10 10 1 9 11 8 9 1 10 13 1 2 11
split_gain=27.6265 32.4382 22.0163 30.4628 62.1302 23.2937 42.5749 26.2841 20.6268 16.2153 15.9684 14.8109 16.7881 13.7342 13.5704 13.0095 12.6261 18.1905 15.2117 30.8822 18.4567 17.5479 25.5779 17.8224 17.3275 16.0839 14.9455 49.0685 147.435 13.1745
threshold=0.69615384936332714 0.59516963362693798 2.5000000000000004 0.22284295409917834 0.18350168317556384 0.21980676054954532 0.54446640610694896 4.5000000000000009 1.0000000180025095e-35 0.86505654454231273 0.21164613962173465 0.4248871803283692 0.78024387359619152 9.5000000000000018 0.60221165418624889 0.13188406080007556 0.87737199664115917 0.7117014229297639 0.48397369682788854 0.83096903562545787 0.23739406466484073 1.5000000000000002 0.10912698507308961 0.4522176086902619 0.92403846979141246 0.38364128768444067 1.0000000180025095e-35 0.84273937344551098 0.87026646733284008 1.5000000000000002
decision_type=2 2 2 2 2 2 2 2 2 2 2 2 2 2 2 2 2 2 2 2 2 2 2 2 2 2 2 2 2 2
left_child=2 8 3 -1 -5 6 14 -7 -2 -9 -10 12 -8 -11 -4 -14 17 18 20 21 25 22 -20 -23 -22 -13 27 28 -27 -21
right_child=1 -3 5 4 -6 7 11 9 10 13 -12 16 15 -15 -16 -17 -18 -19 19 29 24 23 -24 -25 -26 26 -28 -29 -30 -31
leaf_value=0.0023421883886438392 0.024348613986947994 0.034991157821336563 -0.05034332969002514 -0.052012727919298271 -0.0081396017427546145 0.015490541109643298 -0.079166627181082208 -0.039963444542508435 -0.035086482986923948 0.0035308717254275025 0.0011512236687098577 0.0025907697939545273 0.43639675842939246 -0.096865420669705368 -0.010345191833871871 0.035484376974060143 0.058778597602062818 -0.028730917082466272 0.032075067665137673 0.013558555537759474 -0.042097986449802081 0.073880399443345651 0.13443711324905205 -0.028030763765316467 0.032780144798179603 -0.060073917384731508 0.11058660270963404 0.21984264887167132 6.7197312484367471 -0.038994053978121675
leaf_weight=616.34549909957423 109.31810094881803 159.14327441598289 84.314097226204467 138.05099787624204 734.14989453031012 625.35207894450286 14.201887966592041 47.986293962443597 56.05799057520926 144.46843870892189 199.81937186839059 598.56590474439145 0.3545530732953911 5.0777697982266536 47.87522389057267 1.6354483095929024 13.69197703944519 69.568825364345685 18.42800031502702 52.662369646917796 61.443808606163657 10.759166790187011 16.799320236088533 14.507703451614359 13.585753576655405 0.033219347169505253 0.91154790669679642 0.20939534821081907 0.017699162795906886 25.482972198631614
leaf_count=34656 4086 40393 520430 724175 94509 47593 30034 3496 742 5539 4777 20525 15 133 21972 145 518 1539 8014 1115 208858 920 1430 1793 5527 96 5 10 10 477
internal_value=-0.000424025 0.0123842 -0.00242488 -0.00786841 -0.0150838 0.00191304 -0.0040325 0.00946376 0.00253263 -0.00961593 -0.00678779 0.00057596 -0.0562971 0.000121964 -0.0358571 0.106914 0.00160297 0.000716364 0.00323492 0.0213366 -0.000484306 0.0535219 0.0808898 0.0153652 -0.0285397 0.00302553 0.225092 0.62606 2.29657 -0.0035787
internal_weight=3880.82 524.339 3356.48 1488.55 872.201 1867.93 1045.05 822.885 365.195 197.533 255.877 912.86 16.1919 149.546 132.189 1.99 896.668 882.976 813.407 138.64 674.767 60.4942 35.2273 25.2669 75.0296 599.738 1.17186 0.260314 0.0509185 78.1453
internal_count=1783532 49998 1733534 853340 818684 880194 823433 56761 9605 9168 5519 281031 30194 5672 542402 160 250837 250319 248780 13749 235031 12157 9444 2713 214385 20646 121 116 106 1592
is_linear=0
shrinkage=0.06


Tree=111
num_leaves=31
num_cat=0
split_feature=1 12 8 9 10 11 10 4 8 2 10 12 9 2 8 10 1 9 6 4 9 4 9 8 1 10 9 10 2 11
split_gain=26.33 39.529 24.2468 73.8506 59.4296 22.5194 26.0049 35.4118 22.9796 20.3394 19.8026 18.1656 20.1689 18.3127 30.9806 23.0519 29.0491 21.71 17.9039 16.088 53.1446 15.8827 15.8316 15.1547 27.7904 14.1366 13.5567 18.39 37.7466 12.8019
threshold=0.92403846979141246 0.22500000149011615 0.16333333402872088 0.24264069646596911 0.49157276749610906 2.5000000000000004 0.75490951538085949 0.45222154259681707 0.48684211075305944 0.83225107192993175 0.92762354016304027 0.29166667163372045 0.56615138053894054 0.25866188108921057 0.28174604475498205 0.7214152216911317 0.1490740776062012 0.64375689625740062 1.0000000180025095e-35 1.0000000180025095e-35 0.73860013484954845 0.94590643048286449 0.45910002291202551 0.32666666805744177 0.21132376790046695 0.87737199664115917 0.32735316455364233 0.78024387359619152 0.3034138828516007 1.5000000000000002
decision_type=2 2 2 2 2 2 2 2 2 2 2 2 2 2 2 2 2 2 2 2 2 2 2 2 2 2 2 2 2 2
left_child=2 21 3 -1 -5 6 7 11 10 -9 18 19 -13 14 15 16 17 -14 26 20 23 -2 -20 -4 -25 29 27 28 -7 -6
right_child=1 -3 5 4 25 8 -8 9 -10 -11 -12 12 13 -15 -16 -17 -18 -19 22 -21 -22 -23 -24 24 -26 -27 -28 -29 -30 -31
leaf_value=-0.00037496207692400547 0.039817163751225834 0.051497143342896581 0.001645826804399761 -0.056641638070647336 0.0012526183374521719 1.0343445710778905 0.0007337911360434363 0.090947078120630437 0.0039151821829672461 0.035141379678878169 0.015190002842240844 -0.02198680768545137 1.0205484159570481 0.025187592088366417 0.10911162485019053 0.11039958016689089 1.4192857018107066 0.15168616851353897 0.0079351644034197904 -0.050848322648446527 1.2099808180399838 0.0010280262044454799 -0.037197398189354448 0.12719771850618838 1.347102905114792 0.082221761400815122 -0.0078092974178773783 0.048705930111556481 0.053918028664400132 -0.037636647871223755
leaf_weight=973.04858834234619 42.410678164305864 78.72576055675745 4.8355077008673097 178.93459737771627 108.02485444571357 0.2189916783827347 195.881185528473 33.727689639570599 1114.1786350973416 77.622465722408378 90.304691235069185 7.663391764261176 0.16639672445307985 3.7725774658611044 2.617684386234032 0.33248122781515121 0.16216409207845572 0.27401686925441027 33.776427662676724 28.916432846897806 0.14139380992855866 365.57778764903196 163.04014490140253 0.31948345259297628 0.08514338854001835 6.2715953361475831 303.60666514541663 3.8348294732277282 0.39882516814395785 42.447289758667466
leaf_count=92034 1248 30600 2892 1249426 148399 35 9785 5752 54841 1679 1918 3882 43 784 92 6 53 11 2002 56092 9 17505 8556 70 30 145 55061 76 44 40462
internal_value=-0.000474831 0.0125713 -0.00235646 -0.00874636 -0.033013 0.00169152 0.0154083 0.0333025 -0.00116937 0.0520448 -0.0106876 -0.00904065 0.0460608 0.117249 0.215007 0.511458 0.732748 0.479959 -0.0153163 -0.0331208 0.0621341 0.00506018 -0.029452 0.031162 0.383896 -0.00603914 -0.00628502 0.0976488 0.401441 -0.00971781
internal_weight=3861.32 486.714 3374.6 1308.73 335.678 2065.88 356.518 160.637 1709.36 111.35 595.181 49.2867 14.9887 7.32532 3.55274 0.935059 0.602578 0.440414 504.876 34.298 5.38153 407.988 196.817 5.24013 0.404627 156.744 308.059 4.45265 0.617817 150.472
internal_count=1783532 49353 1734179 1530466 1438432 203713 81180 71395 122533 7431 67692 63964 4871 989 205 113 107 54 65774 59093 3001 18753 10558 2992 100 189006 55216 155 79 188861
is_linear=0
shrinkage=0.06


Tree=112
num_leaves=31
num_cat=0
split_feature=3 9 12 4 9 14 9 11 12 9 14 9 0 13 6 9 14 6 9 1 4 9 4 1 9 4 4 0 6 3
split_gain=24.6905 35.0043 18.5093 27.8652 16.3359 16.9526 14.7142 107.157 17.949 17.2381 13.8915 14.2698 12.9479 11.9452 11.6211 12.0763 10.7843 10.7066 10.4344 10.327 10.9343 17.1612 10.1098 10.3951 10.0391 9.92004 27.258 21.2935 12.6951 10.7448
threshold=0.99450549483299266 0.61422947049140941 0.45000000298023229 0.78346121311187755 0.57701873779296886 2.5000000000000004 0.19082633405923846 1.0000000180025095e-35 0.13392857462167743 0.39662297070026403 2.5000000000000004 0.99794238805770885 0.41428571939468389 1.0000000180025095e-35 3.5000000000000004 0.48157843947410589 2.5000000000000004 2.5000000000000004 0.96677702665328991 0.32466214895248419 0.41444373130798345 0.63502788543701183 0.29459981620311743 0.27334994077682501 0.38477630913257604 0.96662956476211559 0.88630491495132457 0.77500000596046459 3.5000000000000004 0.80982521176338207
decision_type=2 2 2 2 2 2 2 2 2 2 2 2 2 2 2 2 2 2 2 2 2 2 2 2 2 2 2 2 2 2
left_child=2 17 6 10 5 13 25 -8 14 -10 19 18 -7 -5 16 -16 -9 -2 -12 22 -21 -22 23 -4 -18 26 -1 -27 -29 -28
right_child=1 -3 3 4 -6 12 7 8 9 -11 11 -13 -14 -15 15 -17 24 -19 -20 20 21 -23 -24 -25 -26 27 29 28 -30 -31
leaf_value=0.0021586884983926767 -0.00034837048394178777 0.056584160501421538 -0.0013307025965207317 -0.11334978842622857 0.041365759352369573 0.077957300082682465 -0.059900431129564828 -0.0067557487527151079 0.039164786087758523 -0.032807216630135499 0.0063425061086222461 0.052648515996476408 0.0036610106364167593 -0.0082537051416277357 0.071498291875556855 -0.076147615278085973 -0.01693492781333408 0.027434625079962072 -0.073957583085799958 -0.035384826438196494 -0.047088051124978179 0.014656799156206208 0.031833150902430322 -0.050003532643986742 0.0081442686121793659 -0.041392457365855374 0.098888768984704334 -0.0024687217969523194 0.05239342116375717 0.033607450413919576
leaf_weight=356.22430189956503 216.06996622896986 59.921277206158265 272.21141697286657 6.4605162380757983 105.30864696449134 11.022703651047776 134.50764385912771 492.26059813536995 13.4304855356022 110.94421967987 442.10603765839187 24.132779843639582 36.100465496856486 9.7978791182977147 2.3625178574584416 12.796240144874899 64.71640237896645 64.941844433778897 5.9033777292352161 77.90190176343458 23.002137753006537 54.838909445039462 31.127881226981117 16.769612257856352 512.5141477538491 51.099937368591782 12.410024642391361 574.1160877206421 15.596776574850081 33.79075943492353
leaf_count=55404 12183 24560 7974 1188 32591 1045 1089391 251110 2814 13076 32784 2097 4197 1284 45 300 47137 3532 231 8384 8512 3866 1514 1327 171277 303 117 4965 95 229
internal_value=-0.000463962 0.0149501 -0.00196396 0.0044119 0.0268805 0.00281308 -0.00494699 -0.00909827 -0.00344638 -0.0250354 0.000413751 0.00770534 0.0210398 -0.0500152 -0.000970812 -0.0531368 -0.000231422 0.00607228 0.0052844 -0.00682099 -0.0194931 -0.00358889 -0.000655632 -0.00415519 0.00533251 0.000399232 0.00778234 -0.0042373 -0.00101772 0.0511427
internal_weight=3844.39 340.933 3503.45 1116.68 168.69 63.3816 2386.77 1343.53 1209.02 124.375 947.994 472.142 47.1232 16.2584 1084.65 15.1588 1069.49 281.012 448.009 475.852 155.743 77.841 320.109 288.981 577.231 1043.24 402.425 640.813 589.713 46.2008
internal_count=1783532 40275 1743257 106994 40305 7714 1636263 1575150 485759 15890 66689 35112 5242 2472 469869 345 469524 15715 33015 31577 20762 12378 10815 9301 218414 61113 55750 5363 5060 346
is_linear=0
shrinkage=0.06


Tree=113
num_leaves=31
num_cat=0
split_feature=8 4 11 11 3 10 2 8 0 4 11 10 4 2 9 10 10 4 12 9 4 12 8 9 6 10 9 11 10 9
split_gain=22.5992 35.8489 23.6797 18.758 16.0024 24.4806 14.2326 13.6472 58.3198 47.7456 23.5719 22.6586 22.3578 21.3979 21.3584 29.0998 20.399 17.1468 16.7686 19.7911 16.0978 15.3228 14.5684 22.51 13.9247 13.5013 13.4635 14.3337 18.4999 16.0419
threshold=0.73030304908752453 0.52277433872222911 8.5000000000000018 6.5000000000000009 0.99450549483299266 0.7214152216911317 0.65485891699790966 0.19523809850215915 0.30952382087707525 0.8155706822872163 2.5000000000000004 0.75490951538085949 0.45773810148239141 0.89022758603096019 0.21085321903228763 0.48579499125480657 0.59026268124580394 1.0000000180025095e-35 0.45000000298023229 0.61422947049140941 0.53452381491661083 0.90000000596046459 0.35857143998146063 0.51628047227859508 2.5000000000000004 0.92762354016304027 0.32735316455364233 4.5000000000000009 0.86505654454231273 0.65232810378074657
decision_type=2 2 2 2 2 2 2 2 2 2 2 2 2 2 2 2 2 2 2 2 2 2 2 2 2 2 2 2 2 2
left_child=2 3 4 6 7 -6 -2 8 9 16 11 12 17 -14 -10 -16 -1 -9 -19 -20 -17 -21 23 -12 26 -25 -24 -28 -29 -30
right_child=1 -3 -4 -5 5 -7 -8 10 14 -11 22 -13 13 -15 15 20 -18 18 19 21 -22 -23 24 25 -26 -27 27 28 29 -31
leaf_value=-0.060422975531238064 -0.021375552354579171 0.038447040517000444 -0.052079048212050984 0.015076542549035689 0.0043549177415575027 0.05153784464145722 0.046640106941249419 0.077587197764382124 0.0012907098041450085 0.079511335084284304 0.0063917766696416798 0.0019985390822112158 0.084228909514450612 0.025001980304593881 -0.045391676529323209 0.072125948385592706 -0.014283762964823801 -0.048411986978969965 -0.049022553484670016 0.40389622274728337 -0.0077795850054898129 0.085237071172187873 -0.13975010797467113 -0.033633133748875083 -0.028145021854317838 0.041144995677543511 0.009053884681285566 -0.033537394788421035 0.027781592501713422 -0.0061230690940173582
leaf_weight=119.9184844589181 124.78386972588487 132.8260310520418 33.750072228140198 156.33654369786382 269.76701438866439 46.395526443724521 12.154451551381497 7.9515205643401705 1022.9846251802737 11.442034676685578 105.25895282027341 179.54123367380816 40.220717575706658 48.369479622342624 90.715568645282474 9.63342647844547 48.426937537151389 23.284428663486324 4.5010557716159365 0.61069552658591408 156.98963956011721 4.917661891769967 2.3944157452788195 150.94195461979689 57.135285057476722 9.2233402478741464 546.57039162892033 71.455620593158528 61.492679957766086 274.51171576767229
leaf_count=1089977 1801 37031 955 4504 11824 15911 1476 1901 26426 3469 12148 9121 3311 1061 376402 4708 41359 40914 1803 29 22655 296 37 29348 4386 224 26617 4285 1542 8011
internal_value=-0.000438398 0.012587 -0.00207156 0.000874863 -0.00156995 0.0112788 -0.0153386 -0.00290251 -0.00708962 -0.0390894 0.000946476 0.0158074 0.0348999 0.0518915 -0.0025961 -0.0180471 -0.0471504 -0.00157851 -0.0204742 0.0443866 -0.00315979 0.120438 -0.00264851 -0.015162 0.000628445 -0.0293269 0.00234733 0.00270396 -0.00581388 8.1875e-05
internal_weight=3824.51 426.101 3398.4 293.275 3364.65 316.163 136.938 3048.49 1460.11 179.787 1588.38 309.397 129.856 88.5902 1280.32 257.339 168.345 41.2654 33.3138 10.0294 166.623 5.52836 1278.98 265.424 1013.56 160.165 956.425 954.03 407.46 336.004
internal_count=1783532 44812 1738720 7781 1737765 27735 3277 1710030 1564996 1134805 145034 58436 49315 4372 430191 403765 1131336 44943 43042 2128 27363 325 86598 41720 44878 29572 40492 40455 13838 9553
is_linear=0
shrinkage=0.06


Tree=114
num_leaves=31
num_cat=0
split_feature=8 3 11 13 11 10 9 12 9 10 3 10 3 0 3 9 2 8 3 9 11 1 11 9 10 0 9 9 2 3
split_gain=20.51 31.5223 19.3335 19.1476 31.9601 31.4723 26.826 30.0996 24.1201 87.1802 25.5212 32.4328 81.8001 526.837 205.278 58.938 92.5585 18.0649 193.883 16.0436 15.2318 12.6536 12.0613 22.3278 19.9237 17.3499 14.0528 20.1036 14.7982 13.1832
threshold=0.69615384936332714 0.88273492455482494 7.5000000000000009 1.0000000180025095e-35 5.5000000000000009 0.97067421674728405 0.58191436529159557 0.45000000298023229 0.19082633405923846 0.48989796638488775 0.84889996051788341 0.48579499125480657 0.64326766133308422 0.15476191043853763 0.72255688905715953 0.43353198468685156 0.70659971237182628 0.16333333402872088 0.57932874560356151 0.49892704188823706 2.5000000000000004 0.6776927411556245 2.5000000000000004 0.56212684512138378 0.83796653151512157 0.11805555596947671 0.47895757853984838 0.73860013484954845 0.6291005313396455 0.9569842815399171
decision_type=2 2 2 2 2 2 2 2 2 2 2 2 2 2 2 2 2 2 2 2 2 2 2 2 2 2 2 2 2 2
left_child=2 -2 3 5 6 8 -5 -8 -1 10 11 -10 17 14 15 -14 -17 -13 -19 -12 -9 -22 23 -11 26 -26 -24 -28 -29 -27
right_child=1 -3 -4 4 -6 -7 7 20 9 22 19 12 13 -15 -16 16 -18 18 -20 -21 21 -23 24 -25 25 29 27 28 -30 -31
leaf_value=0.0012702868518393428 0.0058290303750179375 0.05567016253012029 -0.036028746914263096 -0.0013649022408125334 -0.025906258170245226 0.042373523278289575 -0.01967776174161686 0.074575811508718351 -0.058674476911844992 -0.0087819199811902046 -0.015152240840093551 -4.2302206596670682e-05 -4.1550323948109344 -0.061273566853258833 -0.054822422231270679 -3.5210516744778659 -9.2220614958290419 -0.060037333212356346 12.827194461174702 0.14003933550554387 0.020236773872738856 0.053815564851753046 0.010949007284555836 0.017500922085323098 0.0098739583636412165 -0.017869322224126887 -0.038478017276043844 -0.031569377701056209 0.034432223628237543 0.060402078668481816
leaf_weight=1236.7513545465044 454.3147093069274 50.788769472506829 59.520159118750598 249.08241435786476 87.288093814422609 52.078605549992062 45.455206036160234 28.611144897702616 133.84525994180876 262.60463314892695 29.036957061580328 0.97434958583471487 0.071486090862890594 0.72298293020139681 0.036739155417308211 0.01695423130877316 0.02593483762757387 0.043182119428820442 0.004655760552850551 2.6139868055470279 172.51550777400553 52.754746414197143 37.857702958870505 208.94210589861905 222.86122707324103 187.05861210357398 169.28427427613497 22.075708297867095 27.418240972445346 8.0814028249587846
leaf_count=63010 25208 24790 1662 31836 3506 1575 3601 3027 1245384 203484 27214 8051 52 581 29 23 26 308 13 123 3764 16502 9378 52193 6875 3513 43094 1983 712 2015
internal_value=-0.000418311 0.0108406 -0.00214286 -0.00152 0.00781515 -0.00380035 0.0131824 0.0252873 -0.00474324 -0.0104051 -0.0508526 -0.0621654 -0.308563 -0.734713 -3.95668 -5.21002 -6.96843 0.0558475 1.1942 -0.00233529 0.0333379 0.0281004 -0.00449798 0.00286399 -0.00964373 -0.00156448 -0.022803 -0.0286435 0.00499363 -0.0146278
internal_weight=3802.74 505.103 3297.63 3238.11 635.707 2602.41 548.419 299.337 2550.33 1313.58 167.392 135.742 1.89628 0.874097 0.151114 0.114375 0.0428891 1.02219 0.0478379 31.6509 253.881 225.27 1146.18 471.547 674.637 418.001 256.636 218.778 49.4939 195.14
internal_count=1783532 49998 1733534 1731872 62236 1669636 58730 26894 1668061 1605051 1281804 1254467 9083 711 130 101 49 8372 321 27337 23293 20266 323247 255677 67570 12403 55167 45789 2695 5528
is_linear=0
shrinkage=0.06


Tree=115
num_leaves=31
num_cat=0
split_feature=8 3 3 3 0 4 1 8 11 1 1 4 8 4 12 9 1 4 4 9 1 0 4 0 6 9 9 0 9 11
split_gain=19.2843 43.5303 22.5444 21.3631 29.8491 50.2662 17.7635 15.142 13.8728 12.81 13.647 23.2212 89.7836 13.6599 11.8237 11.6046 10.8228 15.6144 21.0724 20.3359 15.5816 13.3915 12.1713 11.5641 18.9578 15.6769 15.3806 11.088 10.0041 13.1335
threshold=0.3717105239629746 0.94312667846679699 0.66312056779861461 0.22792208194732669 0.43650794029235845 0.8473193645477296 0.81284341216087352 0.21980676054954532 2.5000000000000004 0.65030118823051464 0.53694942593574535 0.25265957415103918 0.30217391252517706 0.53452381491661083 0.29166667163372045 0.32735316455364233 0.77836257219314586 0.76533168554306041 0.94826048612594616 0.88581016659736644 0.91331186890602123 0.91666665673255932 0.90098038315773021 0.77500000596046459 3.5000000000000004 0.53528240323066723 0.60248687863349926 0.81666666269302379 0.99794238805770885 4.5000000000000009
decision_type=2 2 2 2 2 2 2 2 2 2 2 2 2 2 2 2 2 2 2 2 2 2 2 2 2 2 2 2 2 2
left_child=2 8 3 -1 5 6 7 -5 14 10 11 12 -6 -13 -2 -10 -4 19 22 20 21 -18 -19 25 -25 -20 -26 -28 29 -17
right_child=1 -3 16 4 9 -7 -8 -9 15 -11 -12 13 -14 -15 -16 28 17 18 23 -21 -22 -23 -24 24 26 -27 27 -29 -30 -31
leaf_value=0.004556837589174305 0.050960658495208241 0.05605073550283033 0.0074512490135477992 -0.049877805239754568 -0.060191015940995692 0.078226174817377425 0.15612379880896099 -0.021203638120904641 -0.12985168816577725 -0.029794947148038538 0.018854972954644469 0.038521162505198395 6.8020783759428589 -0.034993747001069365 -0.014001835143368321 0.0069474913479075475 -0.034997913775151566 0.010163224118769364 -0.043259712909702458 -0.71261159410839048 0.052980464486454319 0.078167301446376666 0.050140181633824936 -0.0048937950303374134 0.060476147249541437 0.051219495027523751 -0.29445761174654406 -0.021957378322173458 0.025674021428636649 -0.0049179993196053181
leaf_weight=179.83618950434135 37.333479195949621 57.250314522301778 477.58738171489358 168.57140986441931 0.031933332160405281 14.219205787914687 1.6968150557368051 109.2766529462242 2.4134768986550617 46.122876934052329 104.0966106096821 11.5638676981398 0.0087430262938141823 42.690805992198875 13.819968126801539 643.31633790662454 96.543604106321254 137.25005537521793 49.297968166674764 0.15456450521014531 8.7307203354139329 3.9172152327955692 34.261006346161594 746.07917300290137 25.686428424640329 7.2526867751730597 0.66328723623882924 2.8357472872594371 60.60257716034539 702.59248763084179
leaf_count=67919 2446 30571 124288 1263812 109 2815 293 61963 37 11632 33594 7129 1 31544 772 32621 18359 8725 3808 4 251 63 1262 39453 524 264 19 262 6249 32743
internal_value=-0.000507555 0.00472841 -0.00400992 -0.0131699 -0.0195678 -0.0318208 -0.0374184 -0.0386004 0.00271604 -0.00196758 0.0061356 -0.0182503 1.41479 -0.0193247 0.0334099 0.00160165 -0.000103939 -0.00334682 -0.00100037 -0.0248771 -0.0239036 -0.0305853 0.018149 -0.00494876 -0.00303808 -0.0311426 0.0444002 -0.0736133 0.00182721 0.000753458
internal_weight=3785.7 1517.33 2268.37 678.115 498.279 293.764 279.545 277.848 1460.08 204.515 158.392 54.2954 0.0406764 54.2547 51.1534 1408.92 1590.26 1112.67 1003.33 109.346 109.192 100.461 171.511 831.815 775.265 56.5507 29.1855 3.49903 1406.51 1345.91
internal_count=1783532 105439 1678093 1480811 1412892 1328883 1326068 1325775 74868 84009 72377 38783 110 38673 3218 71650 197282 72994 54317 18677 18673 18422 9987 44330 40258 4072 805 281 71613 65364
is_linear=0
shrinkage=0.06


Tree=116
num_leaves=31
num_cat=0
split_feature=3 10 8 9 10 8 10 8 14 1 14 3 14 9 1 11 9 10 10 9 11 9 10 8 11 10 3 3 9 8
split_gain=18.2049 32.6053 15.9075 25.6608 86.3757 46.7737 29.0906 348.298 261.495 152.84 21.285 19.6494 15.2013 12.7618 11.7214 12.723 11.9024 35.1582 21.4586 11.6594 11.5606 16.8577 12.3614 12.0016 16.0213 13.0386 11.6897 11.3518 11.1953 10.6879
threshold=0.99450549483299266 0.7214152216911317 0.32666666805744177 0.22284295409917834 0.48989796638488775 0.29705883562564855 0.48579499125480657 0.16333333402872088 2.5000000000000004 0.57932874560356151 2.5000000000000004 0.59675306081771862 2.5000000000000004 0.53866082429885875 1.0000000180025095e-35 2.5000000000000004 0.38814750313758856 0.80874970555305492 0.78024387359619152 0.99794238805770885 3.5000000000000004 0.93771553039550792 0.78024387359619152 0.5419580638408662 6.5000000000000009 0.94461485743522655 0.74601566791534435 0.5912291705608369 0.53132548928260814 0.19523809850215915
decision_type=2 2 2 2 2 2 2 2 2 2 2 2 2 2 2 2 2 2 2 2 2 2 2 2 2 2 2 2 2 2
left_child=2 -2 3 -1 5 6 13 -8 9 11 14 -9 -4 -5 16 27 17 18 29 20 21 22 28 24 25 -22 -23 -16 -14 -6
right_child=1 -3 12 4 10 -7 7 8 -10 -11 -12 -13 19 -15 15 -17 -18 -19 -20 -21 23 26 -24 -25 -26 -27 -28 -29 -30 -31
leaf_value=0.00032338455991318018 0.0041375844732237125 0.053335508022700713 -0.0026592342059970657 -0.051005192035147175 -0.060711237568677148 -2.9605761934034347 -0.048108635747388148 -0.060050392316649402 0.040402539816757323 -4.6489956702189295 0.0030628356367075247 -2.0016287354446098 -0.013628420237344022 0.12908140292898559 -0.050118187000582008 -0.05906520682103044 -0.01527911501034898 0.0010353930936632246 0.59067902943915107 0.05116880341439449 -0.012076758125838685 -0.13774341624648673 0.013304760091341699 0.0092211764903790457 -0.075011870556652691 0.04236335713856719 0.062130594466058592 0.0001924666938563445 0.059533056307386825 0.25600345649061679
leaf_weight=1054.6167902491072 268.718373859243 59.173975600511767 918.05225270910887 149.14659890269826 0.54141374231403405 0.019930129710700295 3.9964913225294927 0.027704166524927021 0.13508869568431692 0.12767322415879789 433.60085469028854 0.058153610676527023 9.1779151613591221 1.4301943790487701 24.801054213538009 41.85765995492693 27.962451563267678 8.4250695160590094 0.54890044964849938 22.806237148120999 133.56769156092196 4.0789164091693229 198.56072882033186 286.81781912269071 13.006650216702836 17.968500415794551 1.4201625136192886 46.260661976477422 41.926858976774383 1.3157927567226577
leaf_count=74384 11824 28451 64232 1259514 676 10 9234 204 171 23 144348 2 808 1460 103133 24952 10908 117 32 2345 5468 93 9301 16249 492 609 268 11298 2743 183
internal_value=-0.000492739 0.0130162 -0.00177954 -0.00568715 -0.0142501 -0.0540853 -0.0537114 -0.206767 -2.02559 -3.33262 -0.00370516 -1.37513 0.00247792 -0.0492947 -0.0230483 -0.0328235 0.0054051 0.0588048 0.261086 0.00894436 0.00758138 0.0177891 0.0200779 0.00181072 -0.0111066 -0.00562149 -0.086125 -0.0173663 0.046394 0.163675
internal_weight=3770.15 327.892 3442.26 1794.87 740.256 154.942 154.922 4.34511 0.34862 0.213531 585.314 0.0858578 1647.38 150.577 151.713 112.919 38.7936 10.8312 2.40611 729.331 706.525 255.165 249.666 451.361 164.543 151.536 5.49908 71.0617 51.1048 1.85721
internal_count=1783532 40275 1743257 1640649 1566265 1270618 1270608 9634 400 229 295647 206 102608 1260974 151299 139383 11916 1008 891 38376 36031 13213 12852 22818 6569 6077 361 114431 3551 859
is_linear=0
shrinkage=0.06


Tree=117
num_leaves=31
num_cat=0
split_feature=8 3 11 13 10 11 9 12 9 10 3 11 9 2 4 12 4 4 10 2 11 11 9 10 0 9 9 2 4 2
split_gain=16.7279 28.6119 16.6877 16.3189 27.9184 27.4837 23.0612 26.5709 21.0962 73.776 24.4283 14.0067 12.6408 12.1984 21.4873 12.1873 11.9613 11.4979 11.9068 14.3931 12.2399 10.6169 18.6339 17.8515 15.7763 13.3253 17.6894 13.1343 12.9342 21.6493
threshold=0.69615384936332714 0.88273492455482494 7.5000000000000009 1.0000000180025095e-35 0.97067421674728405 5.5000000000000009 0.58191436529159557 0.45000000298023229 0.19082633405923846 0.48989796638488775 0.84889996051788341 2.5000000000000004 0.49892704188823706 1.0000000180025095e-35 0.21164613962173465 0.35416667163372045 0.75931033492088329 0.32690165936946874 0.83796653151512157 0.19139194488525393 4.5000000000000009 2.5000000000000004 0.56212684512138378 0.83796653151512157 0.11805555596947671 0.47895757853984838 0.73860013484954845 0.6291005313396455 0.41982863843441015 0.23845060169696811
decision_type=2 2 2 2 2 2 2 2 2 2 2 2 2 2 2 2 2 2 2 2 2 2 2 2 2 2 2 2 2 2
left_child=2 13 3 4 8 6 17 -8 -1 10 -10 -9 -12 -2 -15 -7 -13 18 19 -5 -20 22 -11 25 -25 -23 -27 -28 29 -24
right_child=1 -3 -4 5 -6 15 7 11 9 21 12 16 -14 14 -16 -17 -18 -19 20 -21 -22 23 28 24 -26 26 27 -29 -30 -31
leaf_value=0.0012361212688255614 0.023071672883397638 0.05512924679478632 -0.033417986889650933 0.038300677497507075 0.040590965471475761 -0.063894693883559783 -0.018665283115046904 0.071513628834379603 -0.060787046185515371 -0.0082067959746670374 -0.013272401923144699 0.020000855229367107 0.1196714095559013 -0.03436204576951022 0.006372709817653927 -0.011362098017098978 0.057100963630131799 0.011615906459241074 -0.035682758715213786 -0.036946605097556935 0.038008504724323482 0.010961054718578557 0.029518242809503329 0.0091740286520291935 -0.014184168861091095 -0.037142842270973905 -0.030496062052256651 0.032437773039798834 0.024651128021997776 -0.048170449339443228
leaf_weight=1233.8255758372475 106.17204899992794 45.655310432543047 59.566795972117689 26.535396514845843 50.717543043545447 20.89038273843471 45.08293161054462 27.829127457400318 122.64193147204924 259.28030634100287 28.004647032066718 182.99733930919319 2.8354931445064713 55.561562309740111 289.61075071443338 66.53033168319962 37.735584937501699 125.40035537595463 72.529702023719437 13.96837907701274 9.1364119299687427 37.601264934455685 25.368793213259778 223.27681560750352 195.01161483622855 164.69137611796032 21.675172632822068 26.575628883903846 154.51258721193881 26.300385254857247
leaf_count=63010 4086 24790 1662 3280 1575 844 3601 3027 1254467 203484 27214 4305 123 719 20403 2662 15961 14655 715 13091 95 9378 6742 6875 5528 43094 1983 712 8807 36644
internal_value=-0.000388827 0.00986501 -0.00195181 -0.00136626 -0.0034841 0.00729976 0.0123419 0.0237141 -0.00437059 -0.00974242 -0.0487836 0.0314006 -0.00104933 0.00528635 -0.000184266 -0.0239155 0.0263433 -0.00114683 -0.014247 0.0123504 -0.0274385 -0.00445973 0.00249857 -0.00930225 -0.00171587 -0.0219679 -0.0277825 0.0041667 0.0159609 -0.0100265
internal_weight=3757.52 497 3260.52 3200.96 2572.32 628.636 541.215 293.645 2521.6 1287.78 153.482 248.562 30.8401 451.344 345.172 87.4207 220.733 247.57 122.17 40.5038 81.6661 1134.29 465.462 668.832 418.288 250.543 212.942 48.2508 206.182 51.6692
internal_count=1783532 49998 1733534 1731872 1669636 62236 58730 26894 1668061 1605051 1281804 23293 27337 25208 21122 3506 20266 31836 17181 16371 810 323247 255677 67570 12403 55167 45789 2695 52193 43386
is_linear=0
shrinkage=0.06


Tree=118
num_leaves=31
num_cat=0
split_feature=1 12 2 10 9 9 12 14 9 10 4 2 9 1 9 4 4 1 0 11 0 1 10 11 4 1 4 10 10 10
split_gain=15.11 31.1434 15.3719 11.5846 62.4464 32.5236 19.0136 16.32 12.2415 10.9696 17.1642 23.7077 32.0646 16.6986 13.8231 10.6575 10.7918 10.5256 20.3351 13.217 10.7821 26.9762 176.75 10.306 10.1261 39.1223 51.2919 35.8051 49.4849 12.6132
threshold=0.92403846979141246 0.22500000149011615 0.90070420503616344 0.55891487002372753 0.21085321903228763 0.51628047227859508 0.29166667163372045 2.5000000000000004 0.99794238805770885 0.7117014229297639 0.45222154259681707 0.23132664710283282 0.23173150420188907 0.78319624066352855 0.2817846685647965 0.94590643048286449 0.86811593174934398 0.59110671281814586 0.91666665673255932 1.5000000000000002 0.26785714924335485 0.61633428931236278 0.50609847903251659 2.5000000000000004 0.69309264421463024 0.69416099786758434 0.76533168554306041 0.53441697359085094 0.51736193895339977 0.50898331403732311
decision_type=2 2 2 2 2 2 2 2 2 2 2 2 2 2 2 2 2 2 2 2 2 2 2 2 2 2 2 2 2 2
left_child=3 2 -2 4 -1 6 -6 -5 9 10 11 12 -9 -12 -11 16 -4 -7 19 24 21 22 -21 -15 -19 26 27 28 -26 -27
right_child=1 -3 15 7 5 17 -8 8 -10 14 13 -13 -14 23 -16 -17 -18 18 -20 20 -22 -23 -24 -25 25 29 -28 -29 -30 -31
leaf_value=-0.0002124928616448419 0.070594385842838184 0.048801155105955049 -0.003360114898541107 -0.0046171116813602652 -0.054457428793736717 -0.039656688736540852 -0.0040916228923872549 2.0686524555161721 0.050292665432463877 -0.040999935239495321 0.05094962277365065 -0.044302151600286131 0.043116994801033835 0.018492073768368547 0.003705653713210078 -0.0017638196564656494 0.061365018303517115 0.079537597125823575 -0.0022531792610335933 12.650756721187529 -0.012440081053280158 0.16966258259622211 -0.060038844267504006 -0.050592068856511324 -0.060031582185070778 0.47648301544148158 0.27203383170995649 -0.060181927685062316 3.1361621687784242 0.11236684691002632
leaf_weight=951.26765861861338 11.948784525156951 63.534015457669739 17.005808926740428 1024.8704703589101 147.4349844287126 5.354871502123852 33.02796310733163 0.028184862501801855 21.92669690924231 25.617550096765626 67.391881081559404 29.1225307402201 15.924850329145555 40.326241764996666 887.75543554450269 349.17128864137339 20.396273665915942 1.2645430925442629 8.9663029975199606 0.0047203484355126104 2.5480922353813185 0.87408154115837533 0.023773493943735957 9.6302878278074768 0.022715866398357654 0.44106332647061197 0.17837905923806829 0.027408375171944499 0.07506227822159417 1.5324339452490674
leaf_count=66736 459 30600 499 135540 1352591 30411 41621 21 2346 727 6589 42538 7853 939 42883 17087 708 1153 484 11 463 418 111 256 94 97 70 52 42 133
internal_value=-0.0003693 0.0097881 0.00356848 -0.00180209 -0.00664331 -0.0369611 -0.0452396 0.000827781 0.00591131 0.00500674 0.0193742 -0.0120965 0.0466956 0.0314626 0.00245179 0.00149674 0.0319361 0.0331332 0.0575577 0.134254 0.0506827 0.228887 2.04566 0.00517449 0.21568 0.291285 0.9254 1.85638 2.39362 0.193744
internal_weight=3737.69 462.056 398.522 3275.64 1153.04 201.776 180.463 2122.59 1097.72 1075.8 162.424 45.0756 15.953 117.348 913.373 386.573 37.4021 21.3134 15.9586 6.99227 3.45067 0.902575 0.0284938 49.9565 3.54161 2.27706 0.303566 0.125187 0.0977781 1.9735
internal_count=1783532 49353 18753 1734179 1494487 1427751 1394212 239692 104152 101806 58196 50412 7874 7784 43610 18294 1207 33539 3128 2644 1003 540 122 1195 1641 488 258 188 136 230
is_linear=0
shrinkage=0.06


Tree=119
num_leaves=31
num_cat=0
split_feature=8 1 11 14 9 10 9 11 8 10 1 1 8 1 1 11 11 9 9 10 1 3 11 8 10 9 10 11 10 10
split_gain=15.1718 25.5175 19.753 16.9484 19.8126 60.6939 18.9107 23.6221 70.1978 28.9946 19.5751 24.1502 15.7542 27.8317 17.9485 15.5957 14.3017 35.5501 27.7054 41.6951 72.3244 16.5343 14.0602 13.5038 13.4705 12.621 15.76 11.8547 17.9062 14.0603
threshold=0.73030304908752453 0.54446640610694896 9.5000000000000018 2.5000000000000004 0.24264069646596911 0.51736193895339977 0.51628047227859508 1.5000000000000002 0.18350168317556384 0.50609847903251659 0.61143791675567638 0.59110671281814586 0.21980676054954532 0.54446640610694896 0.90054944157600414 6.5000000000000009 1.5000000000000002 0.49892704188823706 0.48579499125480657 0.48579499125480657 0.61633428931236278 0.78456193208694469 5.5000000000000009 0.38278388977050787 0.97845596075057995 0.73860013484954845 0.67936623096466076 3.5000000000000004 0.76755931973457348 0.80874970555305492
decision_type=2 2 2 2 2 2 2 2 2 2 2 2 2 2 2 2 2 2 2 2 2 2 2 2 2 2 2 2 2 2
left_child=2 15 3 4 -1 6 -6 -8 9 10 11 -9 13 -5 27 -2 17 -15 -18 20 -20 -19 -3 25 -25 -7 -27 28 -14 -29
right_child=1 22 -4 12 5 23 7 8 -10 -11 -12 -13 14 16 -16 -17 18 21 19 -21 -22 -23 -24 24 -26 26 -28 29 -30 -31
leaf_value=0.0019033793921032875 -0.015438890894761553 0.054537401259850501 -0.068582537043153827 -0.031179835788385464 -0.060986685975206539 -0.022672592768740774 -0.061439174338580739 -0.060010476129155221 -0.080640806501946605 -0.060035138177588133 -0.060135807983971334 -2.035226370550661 0.033091673252871788 7.3243663835067079e-05 0.038796479659807072 0.013549824863304413 0.0020924953736749371 0.096914279249970772 -1.8671646435185549 -0.056864030797868663 -0.15851900269994854 0.026504639983614738 0.015707374313647784 -0.0052990018911858172 0.025722850573072071 0.56743671936230478 0.020119693316397284 -0.029351450941153667 0.0049135666124114977 0.0031337302556366832
leaf_weight=614.78712034092962 129.53536378708668 55.636980217997916 15.907031380455008 110.28840455978059 67.593951988792128 239.15162325920392 0.96061122900209628 0.025607679643144365 0.50347081395739224 0.057412954120081849 0.027137077317092917 0.17169067397480831 114.29117903599763 736.8101085836006 64.681559322285466 137.97552447312046 66.249897766315712 18.400280915219355 0.12485915693832694 33.771612557443405 0.31212544052687008 34.554390498728026 84.642512670252472 478.29056524389307 56.324870352051221 0.19106464911601762 21.736358910304261 56.835193388302287 280.28750380591373 307.34765379177406
leaf_count=41933 2470 17336 413 542402 645960 133250 5070 231 387 300 43 9 15723 267935 15948 4117 5437 3230 33 3512 49 835 20889 23340 2823 56 2086 6034 10962 10719
internal_value=-0.000540253 0.0103815 -0.00188188 -0.00156073 -0.00633177 -0.0121846 -0.0660225 -0.260987 -0.505075 -1.26325 -1.57104 -1.77886 0.00231014 -0.00274867 0.00845676 -0.000487226 0.000773621 0.00348593 -0.0205495 -0.064399 -0.646729 0.05097 0.031108 -0.00749291 -0.00203067 -0.018678 0.0248887 0.00587042 0.0130755 -0.00193598
internal_weight=3727.47 407.79 3319.68 3303.78 1479.82 865.034 69.3399 1.74593 0.785319 0.281848 0.224435 0.197298 1823.95 1000.51 823.443 267.511 890.223 789.765 100.458 34.2086 0.436985 52.9547 140.279 795.694 534.615 261.079 21.9274 758.762 394.579 364.183
internal_count=1783532 44812 1738720 1738307 855488 813555 652000 6040 970 583 283 240 882819 823433 59386 6587 281031 272000 9031 3594 82 4065 38225 161555 26163 135392 2142 43438 26685 16753
is_linear=0
shrinkage=0.06


Tree=120
num_leaves=31
num_cat=0
split_feature=3 10 8 9 10 4 9 9 11 9 9 12 10 14 12 9 8 11 10 11 2 9 2 0 4 1 4 3 2 2
split_gain=14.5865 28.6528 12.1522 20.3723 65.5488 20.4581 16.2823 15.2624 15.1601 23.6814 14.8096 16.4222 14.713 11.496 10.2858 10.2417 9.18355 9.16832 8.99705 8.75037 9.16857 11.119 8.37836 11.781 12.3842 9.47941 9.50236 9.16216 12.8054 13.89
threshold=0.99450549483299266 0.78024387359619152 0.32666666805744177 0.22284295409917834 0.51358735561370861 0.70320320129394542 0.51038074493408214 0.49130369722843176 2.5000000000000004 0.48397369682788854 0.57701873779296886 0.45000000298023229 0.93771553039550792 2.5000000000000004 0.22500000149011615 0.99794238805770885 0.26969698071479803 1.5000000000000002 0.70241516828536998 2.5000000000000004 0.25176055729389196 0.60248687863349926 0.88273492455482494 0.30952382087707525 0.66169154644012462 0.88273492455482494 0.63702240586280834 0.25866188108921057 0.53093111515045177 0.36088341474533087
decision_type=2 2 2 2 2 2 2 2 2 2 2 2 2 2 2 2 2 2 2 2 2 2 2 2 2 2 2 2 2 2
left_child=2 -2 3 22 5 6 -5 14 10 -10 -6 -12 16 -4 -7 18 -11 -8 19 20 21 -15 23 24 -1 26 27 28 29 -25
right_child=1 -3 13 4 8 7 17 -9 9 12 11 -13 -14 15 -16 -17 -18 -19 -20 -21 -22 -23 -24 25 -26 -27 -28 -29 -30 -31
leaf_value=-0.050284331911906885 0.0043283948505934491 0.055223066246069298 -0.0023908838449703544 -0.061544097761588944 -0.0044123758858540174 -0.048778480359090853 -0.060311140072007392 0.060588670481559685 0.010074687407182998 -0.059352955228391339 0.010877575119627685 0.069768336070968912 0.059475088597008223 -0.06223407042305943 0.0054632188586359693 0.049189472130391654 -0.024182923107773598 -0.27247449335222323 0.0054266104918078749 0.0079879748825038514 0.06233301898118096 0.30782385935030876 -0.003419777427289748 -0.060475941825138525 0.0495369885027062 0.092009862868234635 0.0049624915609435046 0.030692882333141533 -0.060895000347079828 1.1800876835900049
leaf_weight=21.648854945720817 272.37523847603006 46.641276613925584 909.57168497418752 84.342277474789853 256.04473209162097 41.736587528943716 1.1238325856299689 7.1065965358920939 70.399427273303445 46.156182250015263 94.93375884940906 20.777523516393558 5.7499341587536028 0.38222495745867657 18.019179146562806 20.86155040061567 63.499025413140771 2.109787094801959 679.60927472457115 9.1268022331933008 6.9000157820992172 1.2424315179523544 722.58788472227752 0.048927826341240599 5.6399277747404986 5.1754903495311728 242.43493844055047 55.691579998820089 0.12704949092585593 0.096719088644022122
leaf_count=42609 13007 27268 64232 1152999 154014 162756 10449 1734 10894 24074 31358 1463 117 95 4373 2345 10550 1484 33906 1222 751 57 5808 10 2613 24 11400 11843 35 42
internal_value=-0.000496774 0.0117694 -0.00165001 -0.00509777 -0.0129377 -0.0475286 -0.0666098 -0.0225362 -0.00335635 -0.0173509 0.00363813 0.0214522 -0.034081 0.00208954 -0.0324221 0.00776443 -0.0389867 -0.198738 0.00652502 0.0488155 0.0925269 0.220762 0.000201007 0.0081086 -0.0296537 0.0115031 0.0101068 0.0323917 0.379328 0.76334
internal_weight=3712.16 319.017 3393.14 1765.45 711.999 154.438 87.5759 66.8624 557.561 185.805 371.756 115.711 115.405 1627.69 59.7558 718.122 109.655 3.23362 697.261 17.6515 8.52467 1.62466 1053.45 330.863 27.2888 303.575 298.399 55.9643 0.272696 0.145647
internal_count=1783532 40275 1743257 1640649 1566265 1333795 1164932 168863 232470 45635 186835 32821 34741 102608 167129 38376 34624 11933 36031 2125 903 152 74384 68576 45222 23354 23330 11930 87 52
is_linear=0
shrinkage=0.06


Tree=121
num_leaves=31
num_cat=0
split_feature=3 8 8 4 1 11 4 11 9 12 8 12 9 14 11 0 8 1 9 8 6 9 4 1 12 9 8 14 9 1
split_gain=13.0418 26.3347 10.9621 14.3284 18.3528 13.7871 11.8222 10.8623 15.9628 13.2626 10.3159 10.1017 13.1355 20.8859 17.8461 15.2549 15.2469 12.3779 11.3189 72.728 10.8338 11.5951 10.1539 16.0504 10.0485 16.1535 12.6384 20.3194 16.2469 10.5973
threshold=0.99450549483299266 0.23669467866420749 0.69615384936332714 0.59516963362693798 1.0000000180025095e-35 7.5000000000000009 0.21164613962173465 4.5000000000000009 0.44392034411430364 0.55000001192092907 0.65476191043853771 0.45000000298023229 0.63502788543701183 2.5000000000000004 3.5000000000000004 0.095454547554254546 0.48684211075305944 0.92403846979141246 0.19082633405923846 0.060661764815449722 3.5000000000000004 0.48157843947410589 0.17519181966781619 0.27334994077682501 0.13392857462167743 0.39662297070026403 0.28174604475498205 2.5000000000000004 0.50116279721260082 0.62316370010375988
decision_type=2 2 2 2 2 2 2 2 2 2 2 2 2 2 2 2 2 2 2 2 2 2 2 2 2 2 2 2 2 2
left_child=2 -2 5 4 -4 11 -6 -5 -9 -10 -7 18 13 15 16 -13 22 -15 -1 -20 24 -22 -14 -24 26 -26 27 -21 -28 -29
right_child=1 -3 3 7 6 10 -8 8 9 -11 -12 12 14 17 -16 -17 -18 -19 19 20 21 -23 23 -25 25 -27 28 29 -30 -31
leaf_value=0.00020640381833973167 0.0035253322734470887 0.050363000863884226 0.022121437336684806 0.057691192124812489 -0.032159493484856423 -0.051452237040606294 -0.00085257491536366381 -0.50548745036324683 -0.0093523885290608833 0.037552240767216201 3.0706028225720576e-05 -0.012229988970576852 0.017700093978601974 0.0052775698065566957 0.0022512130287186652 -0.061895311224924761 0.0073676039110307841 0.097306320042928607 -0.058675057868441058 -0.038458368207119009 0.071191342294715118 -0.075195603449244489 0.12769473973158876 0.045306235222093094 0.042226207694962527 -0.030190713538839332 0.033215042174886106 -0.019174300920492757 0.00064167615166484918 0.006558435724023837
leaf_weight=1040.2968094619794 264.25101593486033 51.664810757094529 103.99034970253706 28.151071629486978 56.000663044862449 36.344358506146818 193.33656718663406 0.21173272421583433 39.973928000079468 47.477767297939863 22.802122330991551 104.09476969076957 22.306876316055423 200.48762469643634 216.99551317616715 28.321719571703966 53.362749656313099 5.4032198762288308 95.127984489240816 73.581654855198281 2.2841936434269874 13.231510761659591 11.660756839672102 31.528515245823655 12.680182807125673 88.362530004558721 61.33825025493843 89.48964464977351 544.18499548245745 161.74808339697151
leaf_count=61113 11708 28567 4086 6700 734 842 4701 30 2142 17738 568 15388 251 29771 9443 8485 4584 974 1145104 175744 45 266 133 3252 2417 12473 10641 165730 47035 12867
internal_value=-0.000473748 0.0111852 -0.00156192 0.00695038 0.000947079 -0.0029316 -0.00788405 0.0252653 0.0148524 0.0161123 -0.0316046 -0.0023379 0.00408173 -0.004263 0.0124874 -0.0228526 0.0311752 0.00769269 -0.00432104 -0.00844518 -0.00388098 -0.0536448 0.0505723 0.0675505 -0.00313236 -0.0211029 -0.00118061 -0.0107288 0.00394129 -0.00260744
internal_weight=3700.69 315.916 3384.78 469.142 353.328 2915.63 249.337 115.814 87.6634 87.4517 59.1465 2856.49 674.162 338.307 335.854 132.416 118.859 205.891 2182.33 1142.03 1046.9 15.5157 65.4961 43.1893 1031.39 101.043 930.343 324.819 605.523 251.238
internal_count=1783532 40275 1743257 36131 9521 1707126 5435 26610 19910 19880 1410 1705716 72281 54618 17663 23873 8220 30745 1633435 1572322 427218 311 3636 3385 426907 14890 412017 354341 57676 178597
is_linear=0
shrinkage=0.06


Tree=122
num_leaves=31
num_cat=0
split_feature=10 0 14 10 10 1 2 10 9 10 6 3 13 9 12 9 10 2 4 4 12 6 6 9 9 4 1 4 4 12
split_gain=11.9235 31.7062 13.334 14.2794 52.776 12.8124 15.9166 13.0873 29.6045 10.9888 10.0638 12.1391 9.67046 13.2861 9.18658 9.13764 22.5748 15.3764 10.6886 162.181 10.0001 8.66439 10.5174 8.58349 8.0548 8.57126 7.93571 7.73723 16.7972 9.41561
threshold=0.99758455157279979 0.15476191043853763 2.5000000000000004 0.22594670206308368 0.51736193895339977 0.94609123468399059 0.97700846195220958 0.48579499125480657 0.26936715841293341 0.76755931973457348 2.5000000000000004 0.94804319739341747 1.0000000180025095e-35 0.47281683981418615 0.29166667163372045 0.34913147985935217 0.80874970555305492 0.3034138828516007 0.29459981620311743 0.45222154259681707 0.22500000149011615 3.5000000000000004 2.5000000000000004 0.32151830196380621 0.54592314362525951 0.21980676054954532 0.92403846979141246 1.0000000180025095e-35 0.10668563470244409 0.70833334326744091
decision_type=2 2 2 2 2 2 2 2 2 2 2 2 2 2 2 2 2 2 2 2 2 2 2 2 2 2 2 2 2 2
left_child=2 12 3 21 -5 7 -7 8 -4 10 -8 -12 24 -14 -10 16 17 18 20 -20 -6 22 -1 -22 25 -2 -16 -15 -29 -30
right_child=1 -3 5 4 15 6 9 -9 14 -11 11 -13 13 27 26 -17 -18 -19 19 -21 23 -23 -24 -25 -26 -27 -28 28 29 -31
leaf_value=0.0043666634985707877 0.04011868764322736 0.049766292060518039 -0.0020461039967593084 -0.063070728942671656 -0.060284628784906293 0.06428751664619424 -0.0043103044737162277 0.0043301196365521351 -0.056822896953063189 0.053835550700167059 -0.24131429088700687 0.03920502699675267 -0.053699014829941591 0.021151861819075052 -0.010607059888377074 -0.0071611121984597017 -0.032561021145321258 0.060555984590306693 -0.060048026133935742 10.837203668730099 0.17787213553292086 0.04945945354901371 -0.016114355724065964 0.45339134725882174 0.010207056496751481 0.16747418269451003 0.2551034662047757 -0.17494042317129824 -0.054499599254560618 0.0013674372220096823
leaf_weight=485.14674789517846 9.7622615173459035 60.87876478623366 533.04351411793664 63.307207721686723 0.35199264965922239 22.652372625772841 105.48317641974427 1079.0104340121059 50.915708732248333 18.525975764438044 0.56540832351311365 31.200707742886152 19.282006158377044 41.45822134707123 14.398455936124204 862.64713279673379 7.7034250951255672 5.4628150360804284 0.045939158670080249 0.0055059210935723959 0.98763581109233178 13.334366208960999 110.89532722905278 0.69247393342811847 48.015228294068947 2.3629232964012763 0.41634235088713545 2.1685316897928706 12.521402970654888 81.861699744418729
leaf_count=31668 80 24364 81934 661354 603 2417 4951 182147 588722 10899 30 1394 160 2190 16496 167252 210 2136 192 5 49 106 703 36 1286 39 28 26 166 1889
internal_value=-0.000447097 0.0114938 -0.00142258 -0.00552959 -0.0101626 0.00200819 0.0172941 0.000382581 -0.00673101 0.0104604 0.00460563 0.034212 0.000777857 -0.0070464 -0.0447234 -0.00634723 0.0396923 0.11345 0.25213 1.10623 0.230507 0.00162621 0.000556111 0.29143 0.0212415 0.0649374 -0.00313976 -0.000528339 -0.00983758 -0.0060442
internal_weight=3685.1 278.311 3406.79 1550.58 941.204 1856.21 178.428 1677.78 598.774 155.775 137.249 31.7661 217.432 157.292 65.7305 877.897 15.2498 7.54636 2.08355 0.0514451 2.0321 609.376 596.042 1.68011 60.1404 12.1252 14.8148 138.01 96.5516 94.3831
internal_count=1783532 30200 1753332 864314 831837 889018 19691 869327 687180 17274 6375 1424 5836 4431 605246 170483 3231 3021 885 197 688 32477 32371 85 1405 119 16524 4271 2081 2055
is_linear=0
shrinkage=0.06


Tree=123
num_leaves=31
num_cat=0
split_feature=3 10 4 4 2 12 13 10 2 10 9 9 4 0 2 2 3 2 4 11 6 9 0 4 0 3 3 10 9 6
split_gain=11.1065 25.5542 10.7853 28.3241 28.9722 21.3143 17.496 19.4679 14.8997 27.2395 12.81 13.5049 17.772 20.5284 14.0044 12.3144 13.1143 15.683 12.2141 13.0108 12.1091 14.0249 13.0395 10.9739 14.7776 10.8461 13.4889 11.3252 9.66571 9.51185
threshold=0.99450549483299266 0.78024387359619152 1.0000000180025095e-35 0.29459981620311743 0.27639257907867437 0.45000000298023229 1.0000000180025095e-35 0.99758455157279979 0.61938297748565685 0.5835326910018922 0.85990655422210704 0.31262859702110296 0.38196556270122534 0.43650794029235845 0.27639257907867437 0.59675306081771862 1.0000000180025095e-35 0.20550528168678286 0.77485185861587536 3.5000000000000004 2.5000000000000004 0.84521561861038219 0.58571431040763866 0.99122807383537304 0.6904762089252473 0.33508773148059851 0.40936473011970526 0.91772764921188366 0.99794238805770885 2.5000000000000004
decision_type=2 2 2 2 2 2 2 2 2 2 2 2 2 2 2 2 2 2 2 2 2 2 2 2 2 2 2 2 2 2
left_child=2 29 15 4 -4 8 7 -7 9 -5 11 12 13 14 -11 16 -1 -18 19 -8 -10 22 -22 -24 -25 -21 -27 -28 -6 -2
right_child=1 -3 3 5 28 6 18 -9 20 10 -12 -13 -14 -15 -16 -17 17 -19 -20 25 21 -23 23 24 -26 26 27 -29 -30 -31
leaf_value=0.005974941335159383 -0.0024291535282206997 0.054490943105770948 -0.0039327326185044044 -0.051635979651702621 -0.042282947362544336 -0.023478755190510833 0.028921047650571321 0.048749322938068169 0.00043732203259203446 1.2381131311078886 0.037816432965457697 -0.015319729070212467 0.051112445398344676 1.270929402850044 0.1218955805232836 0.051195481961444043 -0.1067712576787799 0.0018930864365580332 0.033009066352940188 0.023695674689426984 -0.07563378286816401 -0.05454400052777103 0.031679512532616333 -0.064535102219122176 -0.0058668948914725322 -0.041081299019253489 -0.026752634683615877 0.016499410829237379 0.022430334125039718 0.024524663494777166
leaf_weight=544.03716485628001 208.90897021448473 41.003598812094424 201.32410600334651 63.180200433361733 144.36981832678748 83.610244559097737 85.08446480481507 16.005844804807566 1458.4209848148453 0.046211389584640883 22.087343959603459 112.76337959442026 2.4047478121501626 0.089945884421467781 0.32535347627708688 20.848562765879251 8.2744548244663765 11.326390945543606 112.11723126737343 52.636615453564445 10.098616541523368 26.691221695160493 24.908402042012312 16.734653303516097 202.3047532174387 34.022669984726235 32.061021571265883 68.056555050192401 8.8164295967435446 60.865397385554388
leaf_count=41269 10157 27268 63462 807110 194404 27934 7992 2819 480889 28 504 52324 465 3 209 1671 1274 4953 33348 754 1413 611 698 1458 9110 559 1346 6303 347 2850
internal_value=-0.000492588 0.0103597 -0.00149556 -0.00305416 -0.0188947 -0.000737141 0.0105327 -0.0118735 -0.00354636 -0.0190172 -0.00405279 -0.0120506 0.116564 0.457604 0.260719 0.00591273 0.00423775 -0.0439793 0.0163456 0.00947348 -0.00175926 -0.0131704 -0.00882352 -0.0060578 -0.0103492 0.000614321 -0.0084428 0.00264865 -0.0385585 0.00365206
internal_weight=3673.43 310.778 3362.65 2778.16 354.51 2423.65 483.595 99.6161 1940.06 200.897 137.717 115.63 2.86626 0.461511 0.371565 584.487 563.638 19.6008 383.979 271.861 1739.16 280.738 254.046 243.948 219.039 186.777 134.14 100.118 153.186 269.774
internal_count=1783532 40275 1743257 1694090 258213 1435877 81055 30753 1354822 860643 53533 53029 705 240 237 49167 47496 6227 50302 16954 494179 13290 12679 11266 10568 8962 8208 7649 194751 13007
is_linear=0
shrinkage=0.06


Tree=124
num_leaves=31
num_cat=0
split_feature=8 3 9 4 9 8 14 8 3 9 9 14 14 9 6 0 3 3 9 9 1 1 4 0 2 3 9 9 3 9
split_gain=11.2388 26.6373 13.098 11.8555 9.80801 43.5096 21.9907 14.5573 13.3811 11.5452 16.075 16.0098 9.8323 9.51816 8.85379 28.4594 10.77 10.3905 8.85279 8.43693 7.91864 17.9029 12.8046 123.348 18.474 7.91498 7.90637 10.0664 31.3535 7.56801
threshold=0.48684211075305944 0.93788579106330883 0.55395013093948375 0.17519181966781619 0.22284295409917834 0.054093567654490478 2.5000000000000004 0.18350168317556384 0.92422503232955944 0.36626690626144415 0.36676529049873358 2.5000000000000004 2.5000000000000004 0.63502788543701183 1.5000000000000002 1.0000000180025095e-35 0.90595519542694103 0.80982521176338207 0.53132548928260814 0.83087757229805004 0.46841755509376531 0.4712491780519486 0.4463601559400559 0.30952382087707525 0.99450549483299266 0.70801281929016124 0.32972878217697149 0.3288280069828034 0.99450549483299266 0.28992752730846411
decision_type=2 2 2 2 2 2 2 2 2 2 2 2 2 2 2 2 2 2 2 2 2 2 2 2 2 2 2 2 2 2
left_child=4 2 3 -2 20 8 7 13 -6 -10 11 -11 -12 26 15 17 19 -9 -16 -17 -1 22 23 -22 -24 -15 27 -7 -29 -8
right_child=1 -3 -4 -5 5 6 29 14 9 10 12 -13 -14 25 18 16 -18 -19 -20 -21 21 -23 24 -25 -26 -27 -28 28 -30 -31
leaf_value=-0.031192771456659881 -0.0063277893669678167 0.055204409274581069 0.0010493694091126893 0.044019698217355026 -0.0546345565853966 0.0065850493819651782 -0.025049171883874722 -0.0049968917170661138 -0.048522483638075355 -0.060039208133432768 -0.060659481937424153 2.1127266643586413 0.11587466259423544 -0.076748283094008843 0.046014232306914128 -0.042996876294915588 -0.1103073953981035 0.10614712960799495 -0.0036055896052413538 0.068827620346890106 -0.062244877959007829 0.0016046498731118472 -0.060501722906116627 4.4955485237298793 0.54441592838878528 0.11358268703243179 -0.058254244206900278 -0.060449370264961257 2.5622050814493278 0.0037023138490085072
leaf_weight=26.758298967892642 25.441289279027842 36.111379492154811 1020.4967875318544 49.784108572581317 80.73281548658656 5.7420861457501351 34.455176768599927 196.54812996206124 5.1548369443989923 0.021883247667574213 1.5817628746299304 0.027614406120846979 4.0284580085863126 1.1689209453179494 17.468732569555868 62.311247014803257 8.5428477548994106 3.0754592282464719 49.974826553785533 2.527439833385869 0.11348471168457663 1219.2626473912533 0.47286558533960488 0.026336681563407183 0.29521653056144714 2.4046324710070621 46.002097411173963 0.058101011702092253 0.022868957370519638 758.58734448703842
leaf_count=23634 328 28645 51679 2953 1125283 9239 3899 69950 7384 42 1898 34 1918 1663 613 7301 217 52 1845 35 191 51860 539 17 4 27 161104 146 1 231031
internal_value=-0.000467475 0.00450144 0.00283044 0.0269921 -0.00269271 -0.00638121 -0.00331207 -0.0148621 -0.0462389 0.0164361 0.0756001 1.15213 0.0661021 -0.0433857 -0.0102207 -0.0150299 -0.0469814 -0.00328457 0.00924657 -0.0386379 0.00109491 0.00180297 0.26814 0.796259 0.172002 0.0513248 -0.0499164 0.0159529 0.680287 0.00245315
internal_weight=3659.2 1131.83 1095.72 75.2254 2527.37 1280.44 1188.89 395.847 91.5474 10.8146 5.65972 0.0494977 5.61022 55.3987 340.449 273.005 73.3815 199.624 67.4436 64.8387 1246.93 1220.17 0.907904 0.139821 0.768082 3.57355 51.8252 5.82306 0.08097 793.043
internal_count=1783532 83605 54960 3281 1699927 1623682 487123 252193 1136559 11276 3892 76 3816 172180 80013 77555 7553 70002 2458 7336 76245 52611 751 208 543 1690 170490 9386 147 234930
is_linear=0
shrinkage=0.06


Tree=125
num_leaves=31
num_cat=0
split_feature=9 1 0 4 2 4 2 0 1 2 2 1 4 4 4 12 2 4 11 2 1 4 2 2 1 1 9 6 14 6
split_gain=9.37835 21.0266 12.6556 36.4678 31.8666 21.6939 19.0903 17.5188 10.7272 32.9433 17.8063 19.7668 18.052 13.2364 12.6632 12.3185 11.8992 11.0664 11.0245 12.0638 10.077 10.0275 9.55684 13.9215 10.6845 10.0314 9.75568 9.40716 8.64824 8.71274
threshold=0.75694981217384349 0.94609123468399059 0.43650794029235845 0.82097071409225475 0.26365442574024206 0.68133461475372326 0.62418830394744884 0.26785714924335485 0.67962265014648449 0.60097089409828197 0.86729559302330028 0.76506900787353527 0.69028213620185863 0.4629120826721192 0.43557311594486242 0.29166667163372045 0.75134408473968517 0.57384988665580761 3.5000000000000004 0.83457711338996898 0.84797126054763805 0.43826219439506536 0.56980520486831676 0.82446312904357921 0.69416099786758434 0.59491634368896495 0.62755528092384349 1.5000000000000002 2.5000000000000004 1.5000000000000002
decision_type=2 2 2 2 2 2 2 2 2 2 2 2 2 2 2 2 2 2 2 2 2 2 2 2 2 2 2 2 2 2
left_child=2 -2 3 4 -1 22 -7 -5 15 13 11 -11 14 21 -13 16 -6 -18 19 -14 -21 -10 -4 24 28 -25 -26 -9 -24 -30
right_child=1 -3 5 7 8 6 -8 27 9 10 -12 12 18 -15 -16 -17 17 -19 -20 20 -22 -23 23 25 26 -27 -28 -29 29 -31
leaf_value=0.00075488157392407005 0.0031292169007304852 0.05557058032548657 -0.029441358223854838 0.068401844799647865 -0.042303309992164209 -0.074806876502634317 -0.00061687344805685983 0.019074300395661686 0.23223469946974096 -0.023862928453643344 -0.038477496799723031 0.12435694227141769 0.11956351576849583 0.088223490169910657 -0.026554618718469081 -0.013408625581241073 0.037599642885427477 -0.032367298598249002 -0.038834569555077053 -0.037421387707820906 0.085402753073512597 0.66128848431560205 0.026533301639297374 -0.027378508604749059 -0.022995486157637895 0.021246452069612901 0.13730792315021831 -0.058338689380646083 0.085813319945997529 0.0032930311946159155
leaf_weight=456.31703324809132 903.50460213783663 28.389604341064114 12.133598035048747 27.998422441589355 176.78710609499495 12.592236946456977 1480.8645770284843 57.055522068851133 0.99578558179558629 46.712164815355209 59.26807132473914 2.2462374105634835 12.450629449202102 3.4568283583867014 18.387641729552342 146.09935198815234 13.918542172955851 19.595660183466407 3.1904294881969681 4.3564884757870441 5.3675774347793777 0.2441834680030297 22.637064813392385 20.745434839860536 11.589306613592269 57.909591958909004 1.5494239341351193 6.2723538729842394 31.330832176514377 5.4000095508163204
leaf_count=106310 51586 20247 9242 4463 1207469 18309 133924 6170 110 59812 15497 814 5057 2049 8115 42119 31240 29348 123 1131 311 31 8646 4495 2249 4834 34 1047 7699 1051
internal_value=-0.000467225 0.00472681 -0.0022484 -0.00736566 -0.0107804 0.00102788 -0.00124241 0.0288801 -0.0210395 -0.00795457 -0.0127912 0.00362946 0.0315481 0.148549 -0.0101261 -0.0267918 -0.0360892 -0.00330983 0.065449 0.080453 0.0303762 0.316727 0.0217914 0.0259038 0.0448685 0.00842151 -0.00409123 0.0114069 0.0557039 0.0736815
internal_weight=3649.37 931.894 2717.47 1060.72 969.394 1656.75 1493.46 91.3263 513.077 156.676 151.979 92.7112 45.999 4.6968 20.6339 356.401 210.301 33.5142 25.3651 22.1747 9.72407 1.23997 163.295 151.162 72.5066 78.655 13.1387 63.3279 59.3679 36.7308
internal_count=1783532 71833 1711699 1521216 1509536 190483 152233 11680 1403226 93050 90860 75363 15551 2190 8929 1310176 1268057 60588 6622 6499 1442 141 38250 29008 19679 9329 2283 7217 17396 8750
is_linear=0
shrinkage=0.06


Tree=126
num_leaves=31
num_cat=0
split_feature=10 0 14 10 10 8 11 13 2 11 11 12 9 2 8 3 6 10 12 4 3 9 3 10 4 3 4 10 2 0
split_gain=9.51205 28.4802 11.1901 12.5803 46.1832 11.9614 19.7879 17.1053 16.4931 15.7604 14.9573 14.3595 16.6589 13.9039 13.4119 12.4843 21.2406 21.6296 49.1386 57.7211 95.5122 24.1717 27.6096 12.3565 11.2739 17.2059 16.3032 15.0736 11.4559 10.6833
threshold=0.99758455157279979 0.15476191043853763 2.5000000000000004 0.22594670206308368 0.51736193895339977 0.35857143998146063 5.5000000000000009 1.0000000180025095e-35 1.0000000180025095e-35 3.5000000000000004 2.5000000000000004 0.90000000596046459 0.50116279721260082 1.0000000180025095e-35 0.74166667461395275 0.89512962102890026 1.5000000000000002 0.97845596075057995 0.35416667163372045 0.83176100254058849 0.76253134012222301 0.95090001821517955 0.84273937344551098 0.97067421674728405 1.0000000180025095e-35 0.63224515318870556 0.92450141906738292 0.87737199664115917 0.72046512365341198 0.77500000596046459
decision_type=2 2 2 2 2 2 2 2 2 2 2 2 2 2 2 2 2 2 2 2 2 2 2 2 2 2 2 2 2 2
left_child=2 -2 3 -1 -5 10 7 11 9 -9 24 12 -7 -13 23 16 -8 29 -19 20 -20 -21 -23 -14 27 -26 -27 -6 -28 -18
right_child=1 -3 -4 4 5 6 15 8 -10 -11 -12 13 14 -15 -16 -17 17 18 19 21 -22 22 -24 -25 25 26 28 -29 -30 -31
leaf_value=0.0016065066855846361 0.0004670884184108002 0.048635944488985519 0.0018457204781690568 -0.062425389154630841 0.077832412808588311 0.059363248655211268 -0.014362608188305075 -0.059268703437609163 0.032504847164019642 0.012399305639546046 -0.036722653441124235 -0.007248087237009088 -0.0098907782114249984 -0.073431357614925571 0.053746303671672248 0.06102803480285543 -0.10072268327715822 -0.070044626924955347 -0.26612134932513676 -0.041153785439327732 -2.2967310485145624 -1.1030643469767685 0.060399849510841139 0.046420413375249304 -0.050234865950828454 0.046588293480966166 0.26545998760484962 -0.075826042415181275 -0.020918417999557563 -0.00044178378750186212
leaf_weight=607.62410906344633 214.61754385184031 55.6462394206319 1835.3838906735994 55.789222962935241 11.21051465423079 16.68260850328079 169.81164111217367 15.255470535950733 114.95547961237025 40.036519120330922 92.282588377413049 27.602303008316085 212.40877388298395 19.500321546423947 14.293868133216163 6.8873143571545361 7.1125567278359094 3.0852948790416113 0.18369378149509408 0.59170742006972432 0.15271462919190526 0.20601306180469692 0.11409183079376817 15.020401127520016 28.179304288529238 22.845351112238859 0.50949202766059798 2.8909840190317473 38.647780115847127 8.2729075849056244
leaf_count=32477 5836 24364 889018 661354 5980 1677 4112 111 13455 407 34291 203 13546 1124 651 2675 283 59 26 178 26 34 29 483 85147 3810 106 73 1361 636
internal_value=-0.0004452 0.0103849 -0.00131437 -0.00509989 -0.0095075 -0.00610919 -0.00230194 0.00431273 0.0195531 -0.00737443 -0.0191284 -0.00418011 0.00137358 -0.0346477 -0.0026286 -0.0183237 -0.0212073 -0.0801509 -0.198555 -0.516203 -1.18793 -0.268373 -0.688382 -0.00617174 -0.00355885 -0.0113599 0.0063082 0.0463305 -0.0171922 -0.0468007
internal_weight=3637.8 270.264 3367.54 1532.15 924.529 868.74 672.174 475.756 170.247 55.292 196.566 305.508 258.406 47.1026 241.723 196.418 189.531 19.719 4.33352 1.24822 0.336408 0.911812 0.320105 227.429 104.283 90.1819 62.0026 14.1015 39.1573 15.3855
internal_count=1783532 30200 1753332 864314 831837 170483 39715 31657 13973 518 130768 17684 16357 1327 14680 8058 5383 1271 352 293 52 241 63 14029 96477 90424 5277 6053 1467 919
is_linear=0
shrinkage=0.06


Tree=127
num_leaves=31
num_cat=0
split_feature=8 1 9 4 11 4 0 1 4 1 1 4 2 13 11 8 2 1 1 6 8 9 11 2 2 2 1 1 9 4
split_gain=9.01896 19.1605 11.0646 10.5679 8.90507 8.53114 17.1681 14.6533 14.2366 13.7934 12.015 10.0336 9.32049 8.99055 15.1613 15.2697 12.3437 11.1128 8.56025 8.52047 8.514 14.6009 14.3516 13.5348 8.19715 11.8141 17.6071 17.0772 15.0573 11.1611
threshold=0.48684211075305944 0.94609123468399059 0.55395013093948375 0.23669467866420749 5.5000000000000009 0.61167800426483165 0.15476191043853763 1.0000000180025095e-35 0.2828571498394013 0.32466214895248419 0.43534001708030706 0.60535588860511791 0.82807883620262157 1.0000000180025095e-35 5.5000000000000009 0.53589746356010448 0.52578416466712963 0.41897973418235784 0.42947559058666235 2.5000000000000004 0.82085561752319347 0.95090001821517955 8.5000000000000018 0.87026646733284008 0.99450549483299266 0.88273492455482494 0.88273492455482494 0.88989898562431347 0.79458171129226696 0.96362435817718517
decision_type=2 2 2 2 2 2 2 2 2 2 2 2 2 2 2 2 2 2 2 2 2 2 2 2 2 2 2 2 2 2
left_child=24 2 3 4 -2 7 -7 -4 12 -10 18 -12 -9 19 17 -16 -17 -15 -11 -8 21 -18 -23 -24 25 26 -1 28 -27 -29
right_child=1 -3 5 -5 -6 6 13 8 9 10 11 -13 -14 14 15 16 20 -19 -20 -21 -22 22 23 -25 -26 27 -28 29 -30 -31
leaf_value=-0.0027457139771317968 -0.022475867055721809 0.05341065693231959 0.0085721152672157807 0.043629795125169984 0.051823118091725351 0.055185521683761625 0.0039316986879015447 -0.023679968398860916 0.022361703110231158 -0.023468657290644873 0.0055832244584987142 -0.11204249203648992 0.044600826164040555 -0.63574218217661804 -0.31575756152622336 -0.79993541936632029 -0.006254341994512815 0.046117884317894257 -0.1162546879799564 -0.02978075093883353 0.038122571415745647 -0.074017614554037339 -1.0050022789499309 -0.27888610968116223 0.0020280230278153979 -0.023328049414828536 0.076549260217966458 0.015475179081919357 -0.11125884035717269 -0.013685989765394511
leaf_weight=1167.2230905534911 21.701463146600876 27.631162559555378 281.16521440865472 44.619862915889826 7.9291246205102643 27.396382420032751 138.98212267458439 188.26206024363637 73.52197946124943 62.854421035910491 118.09177081822418 2.6697090229718006 7.4829357146518296 0.086210426874457791 0.56612939550541241 0.069632479920982315 21.896871699718762 45.27275611308869 3.7956740699009961 33.492910467670299 13.359520056401378 1.7268389813252718 0.11251897842157621 0.51722248014993966 939.28980360964488 188.89008959086277 10.168697147921192 81.20320716725837 7.2810279841069123 113.00228692676319
leaf_count=1599102 323 23250 5848 3198 129 3493 6147 3570 1241 1419 4444 125 510 29 57 6 4495 16902 53 1260 6745 268 13 80 65922 25930 679 3443 158 4693
internal_value=-0.000402665 0.00406533 0.00282081 0.0251838 -0.00259351 0.00119501 0.010042 -0.00220399 -0.00883856 0.000336925 -0.00830345 0.00298284 -0.0210697 0.00521242 0.0213595 -0.00646445 -0.00181774 0.0448219 -0.0287528 -0.00261492 -0.000340196 -0.0215266 -0.163434 -0.408625 -0.0024044 -0.00505998 -0.00206087 -0.0141054 -0.0265917 -0.00149282
internal_weight=3630.26 1123.2 1095.57 74.2505 29.6306 1021.32 283.479 737.844 456.679 260.934 187.412 120.761 195.745 256.083 83.6077 38.2487 37.6826 45.359 66.6501 172.475 37.613 24.2535 2.35658 0.629741 2507.06 1567.77 1177.39 390.377 196.171 194.205
internal_count=1783532 83605 60355 3650 452 56705 39495 17210 11362 7282 6041 4569 4080 36002 28595 11664 11607 16931 1472 7407 11601 4856 361 93 1699927 1634005 1599781 34224 26088 8136
is_linear=0
shrinkage=0.06


Tree=128
num_leaves=31
num_cat=0
split_feature=8 11 4 11 10 1 3 3 11 1 8 1 3 9 6 9 10 12 8 6 9 0 1 4 10 4 4 3 1 13
split_gain=8.53065 18.1989 15.5224 13.028 9.54137 9.54683 11.2841 12.3699 7.03694 6.55922 11.3105 9.28044 6.5178 15.9051 7.88585 8.3042 7.25546 10.2162 8.07112 7.16591 12.0464 12.2736 10.0307 9.22582 8.92921 8.71403 9.39737 9.49484 8.24368 11.3228
threshold=0.76696833968162548 9.5000000000000018 0.67136150598526012 3.5000000000000004 0.8916430175304414 0.3034138828516007 0.40936473011970526 0.34391801059246069 6.5000000000000009 0.32163383066654211 0.92582416534423839 0.32466214895248419 0.99450549483299266 0.61422947049140941 2.5000000000000004 0.45078563690185552 0.54405882954597484 0.18333333730697635 0.08893280848860742 2.5000000000000004 0.85990655422210704 0.58571431040763866 0.94609123468399059 0.68356868624687206 0.97845596075057995 0.7103942632675172 0.79205974936485302 0.68870675563812267 0.83096903562545787 1.0000000180025095e-35
decision_type=2 2 2 2 2 2 2 2 2 2 2 2 2 2 2 2 2 2 2 2 2 2 2 2 2 2 2 2 2 2
left_child=1 12 3 -2 -5 8 7 9 -6 10 -7 -11 19 14 16 -16 -14 18 -18 -1 21 -21 23 -23 28 -25 -27 -28 -22 -30
right_child=2 -3 -4 4 5 6 -8 -9 -10 11 -12 -13 13 -15 15 -17 17 -19 -20 20 24 22 -24 25 -26 26 27 -29 29 -31
leaf_value=-0.00080332011621518326 -0.10723128004446178 -0.058200064778163058 0.035507561222976818 0.10631032221786424 -0.0048209275263934323 -0.10323673612969139 0.0079077523700282707 -0.060272405522778488 0.023801752340426897 0.13014764256631642 0.032244102358248421 0.0015547932642743887 0.0028979416587024045 0.051507848212826876 0.014554781161404597 0.086047387350714072 0.032142101134923509 0.033998626093210714 -0.056010833881193239 -0.07276320280511063 -0.0087088882867890818 0.056829012686635816 0.044855377306740135 -0.10011208462386313 0.044581861545692152 0.058584124758207179 -0.066333541036584467 -0.0073981204702539376 -0.11150987288425293 0.020706209131697774
leaf_weight=2694.2496608951706 3.8438665117137125 20.098832593590487 63.619114397384692 3.2435672252904615 48.11714551737532 5.1864515990018862 60.266100431326777 25.479360524332151 86.528072743327357 2.2816084007499766 3.8762920416193083 17.647813589777797 171.35744833169156 26.963255802984349 52.232570706051774 6.5865049788844763 4.4018675755942267 7.9429283340577959 24.832131534349173 9.8143510179397691 6.9307225294178414 7.8273244557494754 14.071072161372284 3.7504298411949994 3.1567147249006657 7.4050563837663494 10.316917162257594 213.31199172110792 12.75657792505808 2.8533561662770799
leaf_count=1696029 73 595 30475 62 1133 33 4313 275 3211 21 44 149 8552 14545 2107 1110 58 2311 702 1442 329 292 893 104 207 321 837 11886 301 1122
internal_value=-0.000373484 -0.00128037 0.00897861 0.00239794 0.00406601 0.00273618 -0.00998097 -0.0297727 0.0135731 -0.00296839 -0.0452892 0.0162767 -0.000931665 0.00758725 0.00315775 0.0225605 -0.00231497 -0.0263425 -0.0427373 -0.00177121 -0.0106959 -0.00691284 -0.00439503 -0.00725147 -0.0499284 -0.0093878 -0.00791506 -0.0101171 -0.0631641 -0.087342
internal_weight=3620.95 3300.86 320.089 256.47 252.626 249.383 114.738 54.4715 134.645 28.9922 9.06274 19.9294 3280.76 294.317 267.353 58.8191 208.534 37.1769 29.234 2986.44 292.195 266.497 256.683 242.612 25.6974 234.784 231.034 223.629 22.5407 15.6099
internal_count=1783532 1743743 39789 9314 9241 9179 4835 522 4344 247 77 170 1743148 29385 14840 3217 11623 3071 760 1713763 17734 15775 14333 13440 1959 13148 13044 12723 1752 1423
is_linear=0
shrinkage=0.06


Tree=129
num_leaves=31
num_cat=0
split_feature=14 12 2 10 9 9 9 2 9 10 4 4 8 13 6 8 10 1 1 10 9 10 12 4 6 10 10 10 8 2
split_gain=8.38191 11.5581 17.632 11.4251 15.9571 10.0455 17.4979 8.18341 8.17269 7.98701 9.64202 23.2225 15.042 7.40375 22.5497 10.4214 12.8026 7.1534 18.6986 14.1713 10.5863 13.8116 14.5381 8.57856 14.1997 18.8828 11.0051 10.6117 13.4989 9.97957
threshold=2.5000000000000004 0.35416667163372045 0.92403846979141246 0.73192510008811962 0.25074850022792822 0.57207792997360241 0.4449113011360169 0.91331186890602123 0.24264069646596911 0.90422871708869945 1.0000000180025095e-35 0.25866188108921057 0.94281044602394115 1.0000000180025095e-35 1.5000000000000002 0.21980676054954532 0.87737199664115917 1.0000000180025095e-35 0.43929241597652441 0.73192510008811962 0.85990655422210704 0.91772764921188366 0.13392857462167743 0.3964285701513291 1.0000000180025095e-35 0.4874474853277207 0.63188141584396373 0.7117014229297639 0.11651583760976793 0.65771448612213146
decision_type=2 2 2 2 2 2 2 2 2 2 2 2 2 2 2 2 2 2 2 2 2 2 2 2 2 2 2 2 2 2
left_child=-1 17 3 5 8 6 7 -3 -5 13 -11 12 -12 14 -6 -16 -17 20 19 -19 21 22 -2 27 25 -25 -27 -20 -29 -26
right_child=1 2 -4 4 9 -7 -8 -9 -10 10 11 -13 -14 -15 15 16 -18 18 23 -21 -22 -23 -24 24 29 26 -28 28 -30 -31
leaf_value=-0.0033937920999454925 0.038992359531332968 0.05576606162134249 0.034918128786001264 -0.05384088837005796 -0.017127994175552948 0.06313968326375026 -0.035088314037238312 -0.094753878068113834 -0.21339698449578309 0.030832444298356125 -0.050143331558404794 0.018382576621584382 0.028438050460067484 0.00077008038332192317 -0.012679044516075176 -0.39801932630350478 -0.038384428952017255 -0.05007016352212184 -0.067635803580899947 -0.0076403302165168512 0.071467469444687057 -0.032384705193560064 -0.051457980346403934 -0.060568992762144704 -0.031651702697974467 0.12905645395611354 0.035691776700357031 0.43534820837672789 -0.0048843548280516538 0.001069323881594794
leaf_weight=1712.1955851001167 42.386235966598178 20.844582308029356 84.352758602093672 7.1246069781482202 41.091196008957922 20.967730052892875 16.563842320116315 1.3868279791931843 1.3794496580958364 63.174112168140709 36.950689390767366 109.69683178997366 11.498224835842846 142.01765849678486 0.70054894220083896 1.166555850068107 0.51308469008654345 46.888418341179204 14.643023246695746 71.627555948740337 10.945430874824522 21.282840292900801 7.5343197609618064 6.8514417027350936 34.691268787792069 5.1324487758773705 39.707376992329955 0.25441723078256728 17.380762025713921 1024.7092587253683
leaf_count=886629 10133 17126 30651 120 618 1197 6497 72 25 1675 299 6184 267 4147 9 58 21 289358 67034 7484 65 116 726 71077 192668 4651 1602 72 2572 180379
internal_value=-0.000347829 0.00239206 0.009639 0.00515053 0.0016209 0.0296791 0.0115946 0.0463764 -0.0797226 0.00332133 0.0110179 0.00310262 -0.0314939 -0.00586198 -0.0275284 -0.20708 -0.288161 -0.000624334 -0.00174118 -0.0244268 0.0165315 0.00808669 0.025341 0.000610301 0.00149612 0.0322031 0.0463785 -0.0298817 0.00146674 -2.16315e-06
internal_weight=3615.66 1903.46 559.429 475.076 415.313 59.763 38.7953 22.2314 8.50406 406.809 221.32 158.146 48.4489 185.489 43.4714 2.38019 1.67964 1344.03 1261.89 118.516 82.1488 71.2034 49.9206 1143.37 1111.09 51.6913 44.8398 32.2782 17.6352 1059.4
internal_count=1783532 896903 68966 38315 13423 24892 23695 17198 145 13278 8425 6750 566 4853 706 88 79 827937 816897 296842 11040 10975 10859 520055 450377 77330 6253 69678 2644 373047
is_linear=0
shrinkage=0.06


Tree=130
num_leaves=31
num_cat=0
split_feature=10 0 14 10 10 13 9 12 3 10 9 9 9 4 9 4 6 6 9 4 9 10 10 12 9 3 3 9 9 9
split_gain=7.65973 25.2452 9.09658 11.4979 43.7993 8.8953 11.3674 8.58872 15.2533 9.76682 10.5294 18.8667 9.87473 10.1445 9.2827 8.16154 7.89338 8.92104 7.32825 7.95773 7.13878 11.3584 7.3224 7.03856 14.7697 10.3806 11.1548 16.129 9.53716 8.75402
threshold=0.99758455157279979 0.15476191043853763 2.5000000000000004 0.22594670206308368 0.51736193895339977 1.0000000180025095e-35 0.41943350434303289 0.35416667163372045 0.90054944157600414 0.70241516828536998 0.57207792997360241 0.48397369682788854 0.31892949342727667 0.47413024306297308 0.4887626320123673 0.35043859481811529 3.5000000000000004 2.5000000000000004 0.54592314362525951 0.21980676054954532 0.32972878217697149 0.64395171403884899 0.30320054292678839 0.13392857462167743 0.41396726667881018 1.0000000180025095e-35 0.40709352493286138 0.73860013484954845 0.59163263440132152 0.85990655422210704
decision_type=2 2 2 2 2 2 2 2 2 2 2 2 2 2 2 2 2 2 2 2 2 2 2 2 2 2 2 2 2 2
left_child=2 5 3 16 -5 18 -7 23 9 10 11 20 13 15 -13 -11 17 -1 19 -2 22 -22 -9 25 -25 28 27 -27 -4 -30
right_child=1 -3 7 4 -6 6 -8 8 -10 12 -12 14 -14 -15 -16 -17 -18 -19 -20 -21 21 -23 -24 24 -26 26 -28 -29 29 -31
leaf_value=0.0043839918327684326 0.038791798920990085 0.047460276864541767 0.057422082989824735 -0.061890525467986929 -0.0055313142964562032 -0.0575143501131712 -0.0018680832630944004 -0.067017247868412844 0.046072640431656625 -0.0265523971467484 0.068779879627948001 -0.23294060876978384 0.0041405457693977979 -0.09423090450370325 -0.037004372641682035 0.11769495791209866 0.048427514509760697 -0.01455183916597391 0.0096674883649651242 0.16465481910463547 -0.0048227615193987619 0.09966074123447187 0.093388954767560914 0.040467527440664841 -0.03350018416301806 -0.036373481416831437 0.00073623468043864325 0.013903353157074239 -0.0026950413636985028 0.068616158289202478
leaf_weight=483.07074207685127 9.5715711060911399 50.93560458481079 20.3741543430408 52.672980552365516 862.36467429958429 14.601180007914079 139.27768244972685 1.1478885608666747 36.120643228903646 8.4695922757964599 16.494969233295706 0.94727649996639129 374.31950090041209 7.5752570261247447 10.733796323037494 1.6946084951050568 12.837615947268203 109.95408380180015 46.829796042235103 2.229664498474448 18.155350590398744 4.7192745038191779 9.5313104935339634 11.890781398753459 53.191009831625706 69.775674030370283 1097.7153159118702 34.244262097636238 40.066138526432042 7.3311213105916968
leaf_count=31668 80 24364 9243 661354 170483 107 4324 1764 18690 183 1131 288 16850 178 3078 45 106 703 1286 39 15894 338 2835 2089 5779 248163 559941 1508 977 44
internal_value=-0.000328066 0.0095223 -0.00110377 -0.00453056 -0.00877556 0.000429111 -0.00714822 0.0017528 0.00854733 0.0055604 0.0277438 0.01278 0.0020676 -0.0416735 -0.0528938 -0.00250301 0.00188069 0.000873056 0.020316 0.0625717 0.035643 0.0167333 0.0761472 -0.000741379 -0.0199859 0.000245199 -0.00104324 -0.0198219 0.023092 0.00833494
internal_weight=3608.84 263.445 3345.4 1520.9 915.038 212.51 153.879 1824.5 489.909 453.789 61.7299 45.2349 392.059 17.7395 11.6811 10.1642 605.862 593.025 58.631 11.8012 33.5538 22.8746 10.6792 1334.59 65.0818 1269.51 1201.74 104.02 67.7714 47.3973
internal_count=1783532 30200 1753332 864314 831837 5836 4431 889018 61274 42584 25328 24197 17256 406 3366 228 32477 32371 1405 119 20831 16232 4599 827744 7868 819876 809612 249671 10264 1021
is_linear=0
shrinkage=0.06


Tree=131
num_leaves=31
num_cat=0
split_feature=8 3 9 10 4 8 11 10 9 12 9 8 4 0 10 3 11 12 12 9 9 6 3 9 3 3 1 9 4 11
split_gain=7.38233 24.52 11.2034 38.7597 21.0046 13.4786 12.525 17.4695 13.9052 15.2349 12.968 15.7683 11.2559 15.9172 14.6958 11.4381 10.8147 11.8503 9.39784 9.27744 9.21669 9.01804 8.10034 14.7597 7.9427 7.9309 8.76059 7.86609 26.8719 7.31553
threshold=0.35857143998146063 0.94312667846679699 0.22284295409917834 0.48989796638488775 0.70320320129394542 0.14039409160614016 2.5000000000000004 0.92762354016304027 0.56212684512138378 0.45000000298023229 0.48397369682788854 0.26969698071479803 0.41982863843441015 0.095454547554254546 0.75490951538085949 0.83424907922744762 2.5000000000000004 0.29166667163372045 0.63333335518836986 0.75694981217384349 0.32735316455364233 4.5000000000000009 0.20761494338512423 0.83087757229805004 0.25866188108921057 0.24068965017795566 0.37561881542205816 0.50641131401062023 0.20204082131385806 4.5000000000000009
decision_type=2 2 2 2 2 2 2 2 2 2 2 2 2 2 2 2 2 2 2 2 2 2 2 2 2 2 2 2 2 2
left_child=2 16 -1 4 -4 21 8 10 -5 12 -8 -12 22 -14 15 19 17 25 24 -15 -18 -6 23 -10 -11 27 -27 28 -2 -22
right_child=1 -3 3 6 5 -7 7 -9 9 18 11 -13 13 14 -16 -17 20 -19 -20 -21 29 -23 -24 -25 -26 26 -28 -29 -30 -31
leaf_value=0.001126638948215493 0.035027066587468167 0.053227668228013503 -0.065125178965495259 -0.0049207720017883207 -0.025554922350399852 0.066379879765799926 0.0021540618477967097 0.028543701722157432 0.0040302918947187384 0.26087378246406745 -0.059073463088009925 -0.016906189854544642 0.07963537292157423 0.049389522467911021 -0.017665674947268416 0.0032869203423826401 -0.11745565447187351 -0.018148882578484037 0.038654715564370008 0.28168711450287376 0.0055513860497202368 0.55431004535072703 -0.044677655349538048 0.36824312697697248 0.083738852987752938 -0.063763299577716356 0.047083827587589076 0.10141172803704981 1.2946158820116775 -0.0031919484657169962
leaf_weight=1241.4614173513578 0.19575469987466831 34.132196170394309 58.07403546090498 310.74322865658132 59.332874702387898 6.5018872098114562 73.274234690488811 31.85681556945201 11.538774855369407 1.2205392652249418 43.683446023005672 118.60823370178696 12.667625189238604 29.03966815697277 45.005663031479344 33.787177416845225 2.3689716115186448 13.566110785992349 31.605616873090185 0.63240837678313155 660.82405042841856 0.096709258941699683 22.016931767360802 0.41496806219220239 3.5968444966201787 2.8266043878975351 27.922446034324821 4.2625430602347478 0.088557642593514174 719.70229960393044
leaf_count=76244 24 30657 1105721 212331 172599 709 12500 924 3954 28 24415 17588 2668 2901 1233 636 38 772 3329 6 36146 10 37906 10 322 1103 1024 256 39 37439
internal_value=-0.000309966 0.00296871 -0.00256093 -0.00768344 -0.0388138 -0.0156381 -0.00266801 -0.0131574 0.00291686 0.0156331 -0.0187969 -0.0282562 0.00743271 0.0159923 0.00855942 0.0271584 0.00177056 0.0295123 0.0505535 0.0543405 0.000790362 -0.0246113 -0.0230891 0.0166738 0.128618 0.047831 0.0368942 0.121793 0.427364 0.000993271
internal_weight=3601.05 1465.89 2135.16 893.698 124.006 65.9315 769.692 267.423 502.269 191.526 235.566 162.292 155.103 121.133 108.465 63.4593 1431.76 48.862 36.423 29.6721 1382.9 59.4296 33.9707 11.9537 4.81738 35.2959 30.7491 4.54686 0.284312 1380.53
internal_count=1783532 107498 1676034 1599790 1279039 173318 320751 55427 265324 52993 54503 42003 49314 7444 4776 3543 76841 3218 3679 2907 73623 172609 41870 3964 350 2446 2127 319 63 73585
is_linear=0
shrinkage=0.06


Tree=132
num_leaves=31
num_cat=0
split_feature=9 1 11 1 1 12 2 4 4 4 4 1 2 1 1 1 8 1 11 9 1 10 10 9 4 1 8 9 9 11
split_gain=7.17291 6.51337 9.31198 7.95715 6.19757 18.9047 11.8014 9.06773 10.3367 8.32624 23.1451 33.215 10.4158 11.5298 11.414 17.819 8.9029 15.5798 13.8447 13.6282 12.5344 11.209 16.5487 26.2305 14.9169 15.8072 16.2385 27.2106 16.7503 23.9006
threshold=0.99794238805770885 0.50820556282997142 6.5000000000000009 0.38924963772296911 0.92403846979141246 0.22500000149011615 0.90070420503616344 0.94590643048286449 0.88630491495132457 1.0000000180025095e-35 0.26365442574024206 0.27334994077682501 0.59675306081771862 0.53093111515045177 1.0000000180025095e-35 0.21132376790046695 0.48684211075305944 0.4530817717313767 3.5000000000000004 0.67039212584495556 0.29679679870605474 0.95042484998703014 0.76755931973457348 0.64375689625740062 0.4248871803283692 0.82574188709259044 0.10912698507308961 0.22284295409917834 0.45550055801868444 1.5000000000000002
decision_type=2 2 2 2 2 2 2 2 2 2 2 2 2 2 2 2 2 2 2 2 2 2 2 2 2 2 2 2 2 2
left_child=4 2 -2 -4 9 6 -6 8 -8 12 11 -11 14 -14 -1 -16 17 19 -18 -12 -21 22 23 24 -19 26 27 -26 -28 -30
right_child=1 -3 3 -5 5 -7 7 -9 -10 10 16 -13 13 -15 15 -17 18 21 -20 20 -22 -23 -24 -25 25 -27 28 -29 29 -31
leaf_value=0.0050618940647703201 -0.018943260662703219 0.058580664757371143 0.050333519177965393 -0.073110479311137677 0.062626126059186493 0.043156188061055804 -0.0024010906912420829 -0.0029639362803722718 0.062689892783453688 -0.0043116481304659995 -0.034308846464779871 -0.049469118287239669 0.099443160735392888 0.0065630087670645858 -0.11340588653806252 0.0072545648637073147 0.023220390032242501 -0.044784558882076192 0.00043310840432895614 0.061770358956479102 -0.017762748837754572 0.045910199130507583 -0.015576679902606515 0.038921134588729298 0.0058338855248085356 -0.0088542284867625907 0.052291533362799174 -0.032757425667043316 0.077076679987904406 -0.0080803655275583693
leaf_weight=531.60098317783377 20.529191602836363 12.895479262457227 18.775988917914223 2.088985268957912 11.168769039446486 44.481278183578979 18.183476713340497 339.74073954344203 16.988947867212119 168.11076194831301 97.629463613058988 90.046363210293038 8.7096985778443941 10.750266143443694 7.5945614713855347 10.494952206543529 123.4603061277885 27.678125089234072 431.29369191743899 11.297576135308192 19.354989724499319 17.666182755259797 273.25519955807249 61.469754491092317 543.8677714529548 470.34034447124213 48.811216402639957 74.82444026636108 14.5403462358081 64.487311684063457
leaf_count=40642 573 6897 852 75 459 28424 568 17087 639 57429 510162 125963 555 1078 1430 4784 7930 121234 32408 1733 5871 894 9299 3269 45388 29670 15835 696407 4415 11562
internal_value=-0.000297733 0.0213461 0.00974642 0.0379744 -0.000629866 0.00611642 0.00184899 3.84229e-05 0.0290391 -0.00156467 -0.00303543 -0.0200628 0.0049942 0.0481334 0.003467 -0.0434026 -0.00110746 -0.00323354 0.00550441 -0.0233509 0.0115507 -0.00161751 -0.00214917 0.000660235 -0.00122952 -0.000238843 0.00518915 0.00116666 0.0246565 0.00758773
internal_weight=3592.14 54.2896 41.3942 20.865 3537.85 430.563 386.082 374.913 35.1724 3107.28 2538.13 258.157 569.15 19.46 549.69 18.0895 2279.98 1725.22 554.754 128.282 30.6526 1596.94 1579.27 1306.02 1244.55 1216.87 746.531 618.692 127.839 79.0277
internal_count=1783532 8397 1500 927 1775135 47177 18753 18294 1207 1727958 1679469 183392 48489 1633 46856 6214 1496077 1455739 40338 517766 7604 937973 937079 927780 924511 803277 773607 741795 31812 15977
is_linear=0
shrinkage=0.06


Tree=133
num_leaves=31
num_cat=0
split_feature=8 3 11 10 1 4 11 13 11 10 9 12 9 10 3 4 12 8 11 4 12 10 3 10 9 10 8 10 8 2
split_gain=6.70233 18.8938 12.329 9.73079 9.52133 13.0583 8.92733 8.49064 21.3471 19.6827 16.0716 17.9687 11.5407 40.4703 24.3617 10.3211 9.65777 9.14463 13.5026 12.6061 9.00394 8.839 11.1003 8.8347 8.14326 7.67075 7.65687 7.56631 10.3386 10.9565
threshold=0.69615384936332714 0.88273492455482494 7.5000000000000009 0.8916430175304414 1.0000000180025095e-35 0.21164613962173465 3.5000000000000004 1.0000000180025095e-35 5.5000000000000009 0.97067421674728405 0.58191436529159557 0.45000000298023229 0.19082633405923846 0.48989796638488775 0.84889996051788341 0.36939570307731634 0.35416667163372045 0.58578431606292736 3.5000000000000004 0.15192308276891711 0.90000000596046459 0.92762354016304027 0.61620295047760021 0.95042484998703014 0.49892704188823706 0.92762354016304027 0.35857143998146063 0.85201290249824535 0.27525253593921667 0.21580041944980624
decision_type=2 2 2 2 2 2 2 2 2 2 2 2 2 2 2 2 2 2 2 2 2 2 2 2 2 2 2 2 2 2
left_child=2 4 7 -4 -2 6 -6 9 10 12 21 -12 -1 14 -14 17 -10 18 -13 -19 -15 -9 -23 -21 -16 -18 -20 28 29 -22
right_child=1 -3 3 -5 5 -7 -8 8 16 -11 11 15 13 20 24 -17 25 19 26 23 27 22 -24 -25 -26 -27 -28 -29 -30 -31
leaf_value=0.0010392318727220819 0.019629909391858203 0.05245097672872405 -0.072466066233757551 -0.014916120327712522 -0.10722501490772009 0.0037637552145188733 -0.020835480676243707 0.0046038957423414602 -0.058743117064545408 0.036231759098482398 -0.015503431004873582 0.053066969724325092 -0.061322014810656925 -0.0016316190107824513 -0.0067454091046780405 0.043286942171862214 -0.026052839951723247 0.042791817180483513 -0.072419156650037855 -0.0069654918709893552 0.065308517154692158 -0.036851977034900209 0.043290800656557452 -0.07887899653125674 0.096906389771521176 0.017321990047686569 0.014439744618350623 -0.0027382410315589713 -0.046622681544306203 -0.020064478614405856
leaf_weight=1226.6398104053078 98.443446483463049 30.101459976169281 13.868999394646378 44.559586664603557 4.7042887378484002 272.25092158158077 50.89755429700017 189.18588602594309 19.945318100842997 46.806372470397037 43.038462366865133 41.881600907829124 74.198115843164487 935.08508177707517 24.326157585779587 85.455213073408231 42.276001469130279 13.228996320161967 3.8979784008552079 21.592525610933084 6.5889026933182313 39.985356623888947 7.3681746608926906 8.599196926224975 3.0733841888795714 22.484338980575558 58.285393440863118 72.674060096673202 50.367479762076982 30.290228916532214
leaf_count=63010 4086 24790 487 1175 36 20403 683 29714 844 1575 3601 918 1254467 310764 27214 20904 1387 205 349 167 1402 378 1744 65 123 1275 685 2490 1868 6723
internal_value=-0.000282144 0.00650985 -0.00127387 -0.0285766 0.00326587 -0.00164771 -0.0281446 -0.000753783 0.00566613 -0.00230603 0.0102777 0.0201142 -0.00305041 -0.00724271 -0.0434679 0.026695 -0.0222368 0.0170814 0.026732 -0.00604794 -0.00388164 -0.00119884 -0.0243818 -0.0274479 0.00488113 -0.0109934 0.00899498 -0.0170379 -0.0289491 -0.00481156
internal_weight=3582.1 456.398 3125.7 58.4286 426.296 327.853 55.6018 3067.27 597.224 2470.05 512.519 275.979 2423.24 1196.6 101.598 232.941 84.7057 147.486 104.065 43.4207 1095.01 236.539 47.3535 30.1917 27.3995 64.7603 62.1834 159.921 87.2466 36.8791
internal_count=1783532 49998 1733534 1662 25208 21122 719 1731872 62236 1669636 58730 26894 1668061 1605051 1281804 23293 3506 2389 1952 437 323247 31836 2122 232 27337 2662 1034 12483 9993 8125
is_linear=0
shrinkage=0.06


Tree=134
num_leaves=31
num_cat=0
split_feature=14 9 1 2 10 9 10 6 11 10 1 1 2 9 9 9 2 10 10 1 4 1 9 6 2 2 9 4 10 9
split_gain=7.08344 10.1103 7.90804 13.895 8.86545 20.9172 8.51041 7.98344 7.51605 9.55342 15.5594 14.9211 14.0701 24.0772 14.1192 54.8217 59.6149 54.4741 103.255 13.5935 9.44925 7.3182 7.25971 7.16999 8.51013 10.1451 9.53852 8.12727 11.5363 8.40045
threshold=2.5000000000000004 0.99794238805770885 0.94609123468399059 0.97700846195220958 0.48579499125480657 0.26936715841293341 0.76755931973457348 2.5000000000000004 1.5000000000000002 0.66192114353179943 0.57804551720619213 0.73499399423599254 0.20550528168678286 0.22284295409917834 0.59163263440132152 0.6080540418624879 0.19139194488525393 0.6062217950820924 0.60221165418624889 0.87007671594619762 0.4901809841394425 0.86616915464401256 0.50802230834960949 2.5000000000000004 0.95861870050430309 0.94804319739341747 0.28084674477577215 0.90399384498596203 0.85201290249824535 0.88581016659736644
decision_type=2 2 2 2 2 2 2 2 2 2 2 2 2 2 2 2 2 2 2 2 2 2 2 2 2 2 2 2 2 2
left_child=-1 2 4 -4 5 -2 7 -5 9 10 12 -11 13 -6 -15 16 17 18 -16 20 -12 -13 -22 -10 25 27 -26 -25 -29 -30
right_child=1 -3 3 6 8 -7 -8 -9 23 11 19 21 -14 14 15 -17 -18 -19 -20 -21 22 -23 -24 24 26 -27 -28 28 29 -31
leaf_value=-0.0030799876473362083 -0.0017949277709973419 0.04664627737900337 0.060094955222600367 -0.0046626300621163191 1.8071279921336461 -0.041281043963317138 0.051887980305236614 0.030499119037364176 0.0031763318876581199 0.029457386870452192 -0.079894601098603371 -0.052383260731719984 -0.048465754339693481 0.020935096960340734 -0.060014955745258849 -0.060090506076448669 6.761517167826697 -0.060183719304541916 10.802648887844677 0.0016931705392532366 0.050218935171423756 0.014420384654588466 0.10577607767220983 0.019230358448597728 -0.34495616385769334 -0.28168544659890721 0.0012595863291431639 -0.13955845276592574 0.019596601356809819 -0.14841334668733888
leaf_weight=1693.8151171398813 529.96227773745341 18.303865406254772 20.812320137425559 105.15943763667019 0.032123085198507151 53.139501086113796 14.234484884742413 29.84322263248032 936.88670471791147 30.072258441708982 1.4783531109629979 19.019386777305048 10.656153715950143 0.74099264380129171 0.0073318148861289956 0.12550891353748739 0.0087956461575231515 0.030029986766749062 0.0055234638712136075 15.731947243461034 18.955990357995638 8.5605933716287819 15.302574119683412 4.8986931065446742 0.28916904015932487 0.68128378159599279 30.773698773002252 5.1518076959764585 4.7939362663310021 1.3796960872132329
leaf_count=886629 81934 2359 2587 4951 13 605246 11932 1424 86381 4870 2502 342 74184 5795 42 210 30 33 11 338 5328 195 1030 297 9 22 4268 162 282 126
internal_value=-0.000266851 0.00227169 0.00183471 0.0141676 0.000592798 -0.00539339 0.00776262 0.0031101 0.00375001 0.0178797 0.0340161 0.000225485 -0.0287378 0.192479 0.13599 0.617139 2.26181 1.33894 4.60729 0.0481674 0.068626 -0.031648 0.0750351 0.00201793 -0.0206072 -0.0548642 -0.00196339 -0.0453396 -0.0732686 -0.0179506
internal_weight=3570.85 1877.04 1858.73 170.049 1688.68 583.102 149.237 135.003 1105.58 120.728 63.0753 57.6522 11.6065 0.950306 0.918182 0.17719 0.0516809 0.0428853 0.0128553 51.4689 35.7369 27.58 34.2586 984.855 47.9683 16.9054 31.0629 16.2241 11.3254 6.17363
internal_count=1783532 896903 894544 20894 873650 687180 18307 6375 186470 94923 89516 5407 80318 6134 6121 326 116 86 53 9198 8860 537 6358 91547 5166 889 4277 867 570 408
is_linear=0
shrinkage=0.06


Tree=135
num_leaves=31
num_cat=0
split_feature=8 1 10 10 3 10 4 10 10 3 2 4 6 10 7 6 13 4 1 4 3 4 2 3 1 2 3 1 2 2
split_gain=6.56372 18.3455 29.6535 18.308 16.3867 11.4764 10.9947 11.5246 12.5082 12.0222 25.2661 25.6021 21.0663 19.6655 24.7681 23.087 21.0312 15.4674 14.6526 13.3341 15.9972 11.9187 12.1695 15.1493 11.4884 10.9265 15.245 10.7466 10.6158 10.3213
threshold=0.32666666805744177 0.54923510551452648 0.62612760066986095 0.26289208233356481 0.99450549483299266 0.61583185195922863 0.32690165936946874 0.91772764921188366 0.75490951538085949 0.80229884386062633 0.83457711338996898 0.82842725515365612 1.5000000000000002 0.5219533145427705 1.0000000180025095e-35 1.5000000000000002 1.0000000180025095e-35 0.62593284249305736 0.58578637242317211 0.94590643048286449 0.84273937344551098 0.43557311594486242 0.60640108585357677 0.56691542267799389 0.88989898562431347 0.14459930360317233 0.69804355502128612 0.58578637242317211 0.81872946023941051 0.5025252401828767
decision_type=2 2 2 2 2 2 2 2 2 2 2 2 2 2 2 2 2 2 2 2 2 2 2 2 2 2 2 2 2 2
left_child=1 2 3 -1 -2 -6 -3 8 9 13 11 17 -12 14 16 -16 -8 18 -11 -14 -21 22 23 -10 27 -4 -27 -17 -29 -15
right_child=4 6 25 -5 5 -7 7 -9 21 10 12 -13 19 29 15 24 -18 -19 -20 20 -22 -23 -24 -25 -26 26 -28 28 -30 -31
leaf_value=-0.014423331982273252 0.0015317413191565069 -0.054800178079882349 0.01261150777776488 -0.063583676423416585 -0.13619536363388104 0.055805167630440924 -0.054992910837414491 0.054493848911063243 0.13079768158850208 0.9128291417254305 -0.020582509674156382 -0.017074390002174294 0.023079180133895264 0.12761525711102553 0.02699422554095814 0.064301257337037288 0.041209379794233759 0.14505740108787316 -0.021752772122183656 -0.028761930443326807 0.00101130791503225 -0.022168279397232791 0.027122230273959252 0.69756468252393022 0.096977887192718465 -0.022785436375056485 0.075908197287680459 -0.032192329021932843 -0.00052358399760551804 0.028598006491191343
leaf_weight=49.909651512971649 1575.6250388324697 13.26451250729974 92.617954028391978 60.12603177233963 1.169502532226036 26.878539573750459 41.791056138133399 13.876547388150355 0.61240822932450045 0.061552743394714837 225.42425221048688 9.6131489975305158 83.00563106349 3.9518577576855014 146.44604104696191 8.0523750225838722 10.172033130063481 10.695855138372279 3.2037969918196723 73.729677656716376 546.652720770624 118.20823586522602 2.6856908533372916 0.23490194900659844 4.1191196888685218 87.717575408372795 6.0212266730377442 46.183335455163615 217.87885698582977 92.415515476801374
leaf_count=58141 102608 27860 7369 1004137 58 27291 410037 965 85 18 18322 1666 2977 772 17891 136 1407 1184 855 4021 22605 3548 205 17 19 48141 116 845 1101 19135
internal_value=-0.000508607 -0.00282985 -0.0165877 -0.0412857 0.00234096 0.0477994 -0.00039143 4.35906e-05 -0.000415691 0.00106328 -0.00306388 0.0582782 -0.00462081 0.00794697 0.00292975 0.00773544 -0.0361608 0.110163 -0.00413565 0.000494646 -0.00252711 -0.0189227 0.0896696 0.287924 -0.00247466 -0.0020046 -0.0164459 -0.00398012 -0.00606231 0.0326585
internal_weight=3572.34 1968.67 296.392 110.036 1603.67 28.048 1672.28 1659.01 1645.14 1523.4 952.387 23.5744 928.812 571.01 474.643 422.68 51.9631 13.9612 3.26535 703.388 620.382 121.741 3.533 0.84731 276.234 186.357 93.7388 272.115 264.062 96.3674
internal_count=1783532 1653575 1117904 1062278 129957 27349 535671 507811 506846 502991 51648 3723 47925 451343 431436 19992 411444 2057 873 29603 26626 3855 307 102 2101 55626 48257 2082 1946 19907
is_linear=0
shrinkage=0.06


Tree=136
num_leaves=31
num_cat=0
split_feature=2 12 0 10 4 1 8 4 0 4 10 0 2 4 4 0 2 8 0 1 4 4 2 1 2 2 4 1 2 1
split_gain=6.41578 15.9843 11.9979 28.2559 13.092 12.0862 11.3266 10.4866 35.4925 31.0982 18.4905 52.3927 21.846 18.4392 15.8741 10.9722 13.4251 10.409 10.2363 14.4414 18.4024 17.8222 13.2903 12.9777 12.9917 13.1649 18.2877 11.923 11.2209 12.5614
threshold=0.99450549483299266 0.55000001192092907 0.91666665673255932 0.86505654454231273 0.84327486157417308 0.69732204079628002 0.22902098298072818 0.95916664600372326 0.23611111193895343 0.82097071409225475 0.63661757111549389 0.30952382087707525 0.90521115064620983 0.67136150598526012 0.7379862666130067 0.6904762089252473 0.95861870050430309 0.48684211075305944 0.43650794029235845 0.25176055729389196 0.32690165936946874 1.0000000180025095e-35 0.8589511811733247 0.72255688905715953 0.87026646733284008 0.59675306081771862 0.47913043200969702 0.80229884386062633 0.33489097654819494 0.43534001708030706
decision_type=2 2 2 2 2 2 2 2 2 2 2 2 2 2 2 2 2 2 2 2 2 2 2 2 2 2 2 2 2 2
left_child=7 2 3 -2 -4 17 -6 9 -9 10 11 13 -13 -1 -14 -10 -17 -5 19 -12 21 -21 27 24 25 26 -20 28 -22 -30
right_child=1 -3 4 5 6 -7 -8 8 15 -11 18 12 14 -15 -16 16 -18 -19 23 20 22 -23 -24 -25 -26 -27 -28 -29 29 -31
leaf_value=-0.062455857465531353 0.00052961842273838448 0.028467291428766608 0.051353637323800348 -0.09682180561460639 7.4805820696810803e-05 -0.07266786863724603 0.020030543087840393 0.059584560312664889 -0.054972987618620621 0.022485226431049093 0.0040407342510872021 0.0063229412519460399 0.0016758140201994173 0.026041046411143458 -0.071706063311488766 -0.011070667170067697 -0.10910988292738605 0.043943548915481502 0.066429657856962698 0.035618012330042449 0.024401258157265231 -0.027714519922298061 -0.036775828365555235 -0.0098861028461509903 -0.042280379329151657 0.040722438688492332 -0.065758656344945376 0.04514606836453372 -0.027662837152291609 0.0023618845408203953
leaf_weight=84.255555784395213 135.07049638588069 84.283051548234653 20.767884024578962 2.6270454670302552 675.87468550268022 33.040824612311553 120.67423158034217 24.518504072261749 23.009802995875361 194.24996268561881 733.27401949280465 220.68968993443002 18.565160208585439 9.4239794964161501 24.773786837369698 387.37347364807647 5.0944020314345826 6.7508555202512071 5.9045022347418152 17.406983409149689 55.899114089523209 197.32931731251301 33.333971509244293 54.966298797429772 9.3257831881637667 88.729173675325001 10.410968713360488 22.480218185199192 66.92912397463806 200.24341352800548
leaf_count=1123321 16070 44305 828 28 39060 776 10191 4688 2677 21164 27456 308958 4848 30639 2415 66187 247 163 111 1134 6455 40341 1393 2964 466 3346 427 837 9798 12239
internal_value=-0.000484727 0.00337913 0.00125358 -0.0128862 0.00432419 -0.0556053 0.00309803 -0.00216042 -0.0105645 -0.000355049 -0.00274818 -0.0150032 -0.00132528 -0.0535532 -0.0402714 -0.0147042 -0.0123433 0.00451074 0.00018165 -0.00159123 -0.00854814 -0.0225806 -0.000595113 0.0140737 0.0255887 0.0316141 -0.0179202 0.00289509 -4.48474e-05 -0.00515958
internal_weight=3567.28 1079.09 994.806 177.489 817.317 42.4187 796.549 2488.19 439.996 2048.19 1853.94 357.708 264.029 93.6795 43.3389 415.478 392.468 9.3779 1496.23 1326.9 593.622 214.736 378.886 169.337 114.37 105.045 16.3155 345.552 323.072 267.173
internal_count=1783532 111421 67116 17037 50079 967 49251 1672111 73799 1598312 1577148 1470181 316221 1153960 7263 69111 66434 191 106967 99653 72197 41475 30722 7314 4350 3884 538 29329 28492 22037
is_linear=0
shrinkage=0.06


Tree=137
num_leaves=31
num_cat=0
split_feature=8 11 1 2 4 10 0 2 8 4 1 0 4 4 1 11 9 4 1 1 2 10 10 0 9 2 4 2 2 0
split_gain=6.18551 10.2443 8.19009 7.0937 6.1971 48.9989 26.6304 37.7915 23.1332 17.1106 16.4747 23.6186 18.7075 17.0283 17.4135 16.958 12.3926 12.3634 11.2912 11.2632 16.7149 11.0863 10.8035 10.2491 9.71258 130.353 9.34267 10.7122 14.7262 8.7005
threshold=0.93095237016677868 3.5000000000000004 0.44920890033245092 0.87026646733284008 0.41982863843441015 0.62612760066986095 1.0000000180025095e-35 0.61938297748565685 0.075498577207326903 0.64075469970703136 0.25866188108921057 0.23611111193895343 1.0000000180025095e-35 0.26365442574024206 0.32466214895248419 3.5000000000000004 0.55823644995689403 0.50373134016990673 0.85270008444786083 0.74239632487297069 0.74322345852851879 0.99758455157279979 0.86505654454231273 0.30952382087707525 0.34299720823764807 0.19139194488525393 0.38196556270122534 0.85053193569183361 0.87585616111755382 0.18333333730697635
decision_type=2 2 2 2 2 2 2 2 2 2 2 2 2 2 2 2 2 2 2 2 2 2 2 2 2 2 2 2 2 2
left_child=4 2 -2 -3 5 23 8 17 -6 18 -7 12 15 -14 -15 -12 22 -8 24 -16 -21 29 -13 -1 25 -10 -18 -28 -29 -9
right_child=1 3 -4 -5 6 10 7 21 9 -11 11 16 13 14 19 -17 26 -19 -20 20 -22 -23 -24 -25 -26 -27 27 28 -30 -31
leaf_value=-0.075259824065669667 -0.12360120919046219 0.0097152773607299386 0.066256199344401412 0.050258765528454076 -0.055839286923087643 0.0032937287578097812 0.0018886512319199289 -0.15310084850417729 -8.0900420779634761 0.054106091985277868 0.093186588859241207 0.21129199535093013 -0.045476055136597457 0.014250396236703329 -0.029562343667463489 -0.0079020325253858076 0.047261260610966062 -0.061205435223228327 0.13340103729918829 0.17708513267004683 -0.045228795421959365 0.038935325658313959 0.039887040493463498 -0.015546328896814184 0.013277780312758797 -0.091100394119002226 0.0068171878573810522 -0.45983007924812558 -0.024097486359577588 -5.3915715776334465e-05
leaf_weight=40.752223239109298 3.3469485717359921 105.99516147444956 1.0825293911620972 18.203954877564684 12.321001824809228 703.20238073752262 14.509194052232827 1.3380552326398163 0.0073615200817717099 62.23627617323109 9.7852947691135359 2.7142745761666474 81.357791379276023 59.136971759864537 112.30386212883604 15.338626067867152 11.680270176118936 48.734607075980989 2.7688650633062926 2.3855366353527634 2.4866191818728112 26.452343560318695 2.5841023558168672 13.86930672238668 94.110218692012538 1.9815072497948447 2.4694157049088967 0.49901431612670399 0.63395326875615865 2100.3347165142268
leaf_count=531461 29 4729 428 15241 187118 28721 145738 6693 1 5240 780 272 22991 11161 27947 569 463 236371 63 27 61 11628 60 29147 22779 1941 162 10 36 491665
internal_value=-0.000457107 0.01246 -0.0772016 0.0156578 -0.00094208 -0.00475142 0.000767361 -0.00102383 0.0234005 0.0294606 -0.00174809 -0.0134346 -0.017951 -0.0227697 -0.0122921 0.0314701 0.0486223 -0.0467306 0.0139466 -0.0256878 0.063622 0.000334488 0.127695 -0.0600976 0.0105048 -0.120707 0.0212084 -0.0632648 -0.216015 -0.000151355
internal_weight=3554.62 128.629 4.42948 124.199 3425.99 1061.2 2364.79 2191.37 173.425 161.104 1006.58 303.376 282.795 257.671 176.313 25.1239 20.581 63.2438 98.868 117.176 4.87216 2128.13 5.29838 54.6215 96.0991 1.98887 15.2827 3.60238 1.13297 2101.67
internal_count=1783532 20427 457 19970 1763105 653868 1109237 892095 217142 30024 93260 64539 63536 62187 39196 1349 1003 382109 24784 28035 88 509986 332 560608 24721 1942 671 208 46 498358
is_linear=0
shrinkage=0.06


Tree=138
num_leaves=31
num_cat=0
split_feature=9 3 11 1 3 9 6 9 9 10 10 4 4 1 11 11 1 9 10 2 2 1 1 1 1 2 10 1 4 2
split_gain=5.7104 6.50583 9.12669 7.3764 5.64994 16.3525 7.45477 8.69378 6.67346 6.12146 8.54336 5.80893 25.469 17.7861 25.0436 13.93 10.5915 8.78384 13.1758 16.642 8.65908 10.5933 16.1097 9.34692 7.30561 32.2227 21.9072 13.0058 16.2019 12.6701
threshold=0.99794238805770885 0.47559523582458502 6.5000000000000009 0.38924963772296911 0.99450549483299266 0.68100523948669445 2.5000000000000004 0.45078563690185552 0.46759706735610967 0.56615138053894054 0.85201290249824535 1.0000000180025095e-35 0.21164613962173465 0.19560018926858905 1.5000000000000002 3.5000000000000004 0.1490740776062012 0.60248687863349926 0.6062217950820924 0.19139194488525393 0.59675306081771862 1.0000000180025095e-35 0.21132376790046695 0.53093111515045177 0.43714080750942236 0.33489097654819494 0.64395171403884899 0.33508773148059851 0.41277891397476202 0.46841755509376531
decision_type=2 2 2 2 2 2 2 2 2 2 2 2 2 2 2 2 2 2 2 2 2 2 2 2 2 2 2 2 2 2
left_child=4 2 -2 -4 11 6 9 -8 -9 -6 -11 20 13 14 17 16 -16 -13 19 -19 21 -1 -23 -22 25 26 -14 -28 -29 -26
right_child=1 -3 3 -5 5 -7 7 8 -10 10 -12 12 24 -15 15 -17 -18 18 -20 -21 23 22 -24 -25 29 -27 27 28 -30 -31
leaf_value=0.0042227743236375424 -0.02100498577587567 0.057758841976393187 0.0488126955065031 -0.079146116690495261 0.0027771690715637535 0.060274623608311075 0.013179990941994065 0.23180245772462413 0.060565725097308017 -0.036533873151519444 0.048313230579168476 -0.062090395336782921 -0.075466513649948594 -0.044159702621740501 0.081742062992787801 -0.020656015536785782 0.0045233260909836393 -0.67230928020075786 -0.060585810582638393 -0.067564737890041665 0.09008896524736211 -0.11130217894657181 0.0044576875023201378 0.0059603422001575212 0.028315634272271201 -0.032395676706944126 0.014905710449708542 -0.057950816095598642 0.061390568622852797 -0.00061904743758236602
leaf_weight=528.5998443781632 19.864020926062949 12.17377224008669 17.489790301304314 1.7875990131869901 177.68955923846806 19.558780656545423 51.020523238286842 0.92552795232040619 7.1407266226306092 30.322606287023518 4.9729067823209325 0.86697988695369987 11.542099795779903 87.252581473349878 11.302402659763176 32.987823566621955 14.726585062297088 0.49023314606893087 0.45881991727219429 0.2460354535614897 8.6135994656178827 7.2998384963666494 10.630233145015152 10.610989554676051 55.949129410842943 133.67607489147667 183.38858875968435 18.836419736762767 5.2330312471021889 2076.2663831692817
leaf_count=40642 572 6894 850 81 8636 21006 2125 119 1876 1556 3136 7059 127047 76590 1588 831 2294 77 260 49 555 1430 4784 1083 129443 370859 18051 4526 492 949021
internal_value=-0.000418555 0.0194512 0.00753674 0.036947 -0.000710659 0.00728421 0.00347482 0.0223311 0.0802136 -0.00175633 -0.0245795 -0.0014395 -0.00262462 -0.0267765 -0.00194409 0.00523745 0.0380535 -0.207481 -0.312956 -0.470225 0.00407649 0.00268431 -0.0426714 0.0436543 -0.00118292 -0.00918224 0.00498707 0.00946317 -0.0320043 0.000140196
internal_weight=3541.92 51.3152 39.1414 19.2774 3490.61 291.631 272.072 59.0868 8.06625 212.985 35.2955 3198.98 2633.22 148.331 61.0789 59.0168 26.029 2.06207 1.19509 0.736269 565.755 546.53 17.9301 19.2246 2484.89 352.676 219 207.458 24.0695 2132.22
internal_count=1783532 8397 1503 931 1775135 38454 17448 4120 1995 13328 4692 1736681 1688187 88748 12158 4713 3882 7445 386 126 48494 46856 6214 1638 1599439 520975 150116 23069 5018 1078464
is_linear=0
shrinkage=0.06


Tree=139
num_leaves=31
num_cat=0
split_feature=8 3 1 4 8 10 12 3 9 1 4 8 3 3 8 10 12 3 3 8 12 10 1 1 9 1 2 1 6 10
split_gain=5.3763 16.9905 8.37318 9.59773 5.87661 10.5886 10.7159 13.2983 20.098 28.6401 14.6353 12.1785 9.59958 10.2609 8.96133 8.28265 6.53737 6.37926 20.6429 5.59305 8.79099 7.42603 7.04561 8.53721 5.43731 5.36911 5.1892 4.89105 7.96662 4.69534
threshold=0.67708334326744091 0.88273492455482494 1.0000000180025095e-35 0.30368906259536749 0.73030304908752453 0.95042484998703014 0.55000001192092907 0.80982521176338207 0.87305617332458507 0.71892556548118602 0.82446312904357921 0.79285714030265819 0.86706829071044933 0.87585616111755382 0.88562092185020458 0.99758455157279979 0.35416667163372045 0.41060766577720648 0.35025772452354437 0.92582416534423839 0.29166667163372045 0.93771553039550792 0.1490740776062012 0.19560018926858905 0.46181616187095648 0.30053764581680303 0.92031747102737438 0.84273937344551098 2.5000000000000004 0.97845596075057995
decision_type=2 2 2 2 2 2 2 2 2 2 2 2 2 2 2 2 2 2 2 2 2 2 2 2 2 2 2 2 2 2
left_child=29 2 -2 19 27 -6 7 14 -9 -10 11 -11 16 -14 24 -16 -12 18 25 20 -4 -22 -23 -24 -7 -8 -18 28 -5 -1
right_child=1 -3 3 4 5 6 17 8 9 10 12 -13 13 -15 15 -17 26 -19 -20 -21 21 22 23 -25 -26 -27 -28 -29 -30 -31
leaf_value=-0.0016698189088412195 0.018007431992586725 0.05165816065533816 0.027330838768068015 -0.017610642139951376 0.040667195706881522 -0.16296294441845993 0.05894219626883633 0.062836319065809637 -0.61882512132518519 -0.38297790988943509 0.062610720416688026 -0.076856551646583213 -0.36763944073684163 0.060881814453051186 0.006679961474111611 -0.31357503057699282 -0.34331883657573203 0.028085931705999153 -0.057823500163534054 0.00092130268630708618 0.0060477772163699374 -0.14663895329609833 0.036391658226117153 -0.047250796803187903 0.0073239357378967352 0.0051012974554128466 0.060255050510755873 0.035282777314246311 -0.17242936173077519 0.013159761895378494
leaf_weight=3003.4270989167703 99.486817741766572 27.231400996126467 9.9061879934743029 32.863706578267738 34.579198712366633 0.6941466045100303 11.766842998389622 2.1612767388578495 0.43659737403504539 1.057474263012409 2.1226941011846074 0.83908630860969413 0.55621803482063104 0.31513233354780823 0.53568390849977621 0.63575983187183738 0.2884080628864466 51.014346212847158 15.800349727971478 47.838055213913321 13.63058720808476 2.2896435037255278 4.8758330121636382 44.366162308957428 24.513862558989786 15.386770759709178 0.19043168798089027 6.0517851064214474 1.2417578307213251 78.880749965639552
leaf_count=1729808 4129 24931 134 1385 2558 8 267 178 16 17 101 31 31 37 14 56 20 12764 295 1149 107 34 52 342 666 269 62 564 78 3429
internal_value=-0.000393592 0.00571222 0.00277136 -0.00187889 0.00613123 0.0111993 0.00325806 -0.0254216 -0.093355 -0.151497 -0.113497 -0.247542 -0.040295 -0.212661 -0.0049039 -0.167127 0.0174366 0.0137409 -0.00329598 -0.0151123 -0.0253298 -0.0333355 -0.0437527 -0.0389687 0.00263479 0.0284329 -0.18282 -0.0144269 -0.0232475 -0.00129031
internal_weight=3534.98 452.676 425.445 325.958 203.052 162.894 128.315 34.3468 7.96732 5.80604 5.36944 1.89656 3.47288 0.87135 26.3795 1.17144 2.60153 93.9683 42.954 122.906 75.0684 65.1622 51.5316 49.242 25.208 27.1536 0.47884 40.1572 34.1055 3082.31
internal_count=1783532 50295 25364 21235 19417 17390 14832 1237 493 315 299 48 251 68 744 70 183 13595 831 1818 669 535 428 394 674 536 82 2027 1463 1733237
is_linear=0
shrinkage=0.06


Tree=140
num_leaves=31
num_cat=0
split_feature=9 3 10 0 4 10 10 4 0 13 9 3 3 9 8 10 8 3 4 1 1 3 4 1 1 6 8 6 10 9
split_gain=4.94897 14.3782 12.7685 9.12181 24.951 27.7538 29.3496 18.9273 13.289 11.6474 15.2087 21.7592 8.95592 12.4945 11.3512 12.4494 10.5428 8.43767 9.61674 12.9246 9.58212 60.4607 10.549 18.9421 64.051 7.99521 9.21646 7.6996 14.4412 15.8518
threshold=0.75694981217384349 0.96824595332145702 0.7117014229297639 0.43650794029235845 0.82097071409225475 0.62612760066986095 0.20463493466377261 0.64075469970703136 0.26785714924335485 1.0000000180025095e-35 0.60248687863349926 0.17712418735027316 0.3034138828516007 0.5278482735157014 0.24404761940240863 0.87737199664115917 0.16333333402872088 0.86706829071044933 0.69631093740463268 0.73286384344100963 0.45748709142208105 0.58759590983390819 0.70087718963623058 0.65030118823051464 0.61311829090118419 1.5000000000000002 0.39444445073604589 1.5000000000000002 0.99758455157279979 0.85990655422210704
decision_type=2 2 2 2 2 2 2 2 2 2 2 2 2 2 2 2 2 2 2 2 2 2 2 2 2 2 2 2 2 2
left_child=3 2 -2 4 5 6 17 -5 -6 10 -8 -12 -7 14 15 -14 -17 18 -1 20 21 -20 23 24 -22 -10 -27 -4 29 -29
right_child=1 -3 27 7 8 12 9 -9 25 -11 11 -13 13 -15 -16 16 -18 -19 19 -21 22 -23 -24 -25 -26 26 -28 28 -30 -31
leaf_value=-0.014951022938587343 0.15201058427620134 0.060138864067324591 0.0051512213349691437 0.023732433084139345 0.060934478867877499 0.00090490703785700588 -0.058536596420194563 -0.00074558722692982327 0.016580028494798584 -0.0037976110911776217 -0.38620217877956386 -0.080298101463511629 -0.0355304932198987 -0.022167000756763439 0.023772256827974778 0.16346657418898738 0.0032894138896054129 -0.043850203600021724 -0.060081031995146396 0.054538959800393721 -0.060210167042901337 4.1802581058295774 -0.060814128251410172 -0.060298851341753258 2.7608254940615198 -0.023586921864243989 -0.22488027616860179 0.0056168305789336438 0.048262455628759797 -0.029922378105692319
leaf_weight=44.125077531803413 2.0508369106100863 15.847845923039129 678.26719327064347 122.98511414920654 25.500462572782453 477.77592173210724 69.12305400387288 1509.5650154619357 55.682140824323142 13.259624926355853 1.2562645982961833 2.5088083062491933 31.209590996586485 175.25022753042867 51.426967241553939 2.1601321115158489 4.6935745234950446 17.535919408983318 0.08377781719900923 20.620649689644779 0.090862571640172862 0.014149804890621454 7.1269777222878474 0.22866849014098989 0.042538980756944511 5.09925043097246 0.97550748358480621 86.121732807601802 14.984022765245752 95.046137506462401
leaf_count=47897 126 20999 25822 30520 4463 36764 1333451 159963 6170 21097 488 8078 10342 39830 7594 69 217 103 122 820 80 17 2461 74 32 1019 28 6307 9162 9417
internal_value=-0.000364336 0.00349832 0.00247418 -0.00167073 -0.00616549 -0.00907818 -0.0304993 0.00109842 0.0244956 -0.0555233 -0.0649331 -0.182367 -0.00400023 -0.0128525 0.0053882 -0.0194503 0.0537736 -0.00651129 0.00254093 0.0299035 -0.0370531 0.552616 -0.0447637 0.271172 0.839359 0.00944936 -0.0559114 0.00212346 -0.00834613 -0.0130281
internal_weight=3530.66 892.318 876.47 2638.34 1005.79 918.533 176.016 1632.55 87.2574 86.1478 72.8881 3.76507 742.516 264.74 89.4903 38.0633 6.85371 89.8686 72.3327 28.2076 7.58698 0.0979276 7.48905 0.36207 0.133402 61.7569 6.07476 874.419 196.152 181.168
internal_count=1783532 71833 50834 1711699 1521216 1509536 1414720 190483 11680 1363114 1342017 8566 94816 58052 18222 10628 286 51606 51503 3606 2786 139 2647 186 112 7217 1047 50708 24886 15724
is_linear=0
shrinkage=0.06


Tree=141
num_leaves=31
num_cat=0
split_feature=2 12 3 0 1 3 9 6 10 4 0 4 2 3 10 0 4 0 2 1 1 4 12 2 4 4 4 9 10 4
split_gain=5.04076 12.4042 11.8321 21.5249 24.8628 17.5828 14.7529 10.162 11.3915 9.98076 27.8394 25.8809 15.2407 37.0059 19.2091 44.1753 15.5284 13.735 28.2152 13.162 13.0564 12.6496 12.4364 12.0666 18.0331 11.8118 11.6402 13.4303 11.1875 12.1057
threshold=0.99450549483299266 0.55000001192092907 0.80229884386062633 0.91666665673255932 0.80229884386062633 0.89512962102890026 0.87305617332458507 3.5000000000000004 0.74369570612907421 0.95916664600372326 0.23611111193895343 0.82097071409225475 0.86729559302330028 0.76728257536888134 0.62087112665176403 0.26785714924335485 0.67136150598526012 0.43650794029235845 0.76253134012222301 0.74239632487297069 0.74601566791534435 0.47413024306297308 0.63333335518836986 0.33489097654819494 0.3964285701513291 1.0000000180025095e-35 0.62145593762397777 0.22284295409917834 0.92762354016304027 0.68356868624687206
decision_type=2 2 2 2 2 2 2 2 2 2 2 2 2 2 2 2 2 2 2 2 2 2 2 2 2 2 2 2 2 2
left_child=9 2 -2 4 -4 6 -6 8 -5 11 -11 12 13 14 15 16 -1 18 19 23 -20 22 -21 -16 25 -25 27 -17 29 -14
right_child=1 -3 3 7 5 -7 -8 -9 -10 10 -12 -13 28 -15 17 26 -18 -19 20 21 -22 -23 -24 24 -26 -27 -28 -29 -30 -31
leaf_value=-0.06834188975316953 0.011539624690617183 0.025961282163926881 -0.17191962348186482 -0.0041922702889911432 -0.029454524531614578 0.026782217449115318 -0.1211524119421834 0.037262275280259181 0.019787992032956607 0.054870067333935124 -0.013616736851723606 0.020880482162434245 -0.0023030221205919345 0.033143061307811111 0.0021143142966055331 0.041859079672778951 0.045191687446252737 0.019974798916864017 -0.032475326222286827 0.23236682300118003 -0.11337404634697122 0.013846393892107095 0.053822748300858342 0.031329447476530305 0.0023620636584797921 -0.031712480551799482 -0.013740399736819927 -0.034018619685554273 0.025942939000045243 -0.03876477858191095
leaf_weight=61.652904764697176 286.24234130766126 78.920816902600563 4.4041736650688099 525.20466610418953 43.823609428953205 17.643883764234488 7.3799512176774433 26.15109364115051 82.518740026134765 22.528758470351931 414.45410934523352 191.82891242775804 51.404591439602882 109.36352205481808 894.30335859349725 35.551930165311205 4.6650734651068779 109.01852559056715 26.962792726306361 2.2806594603898729 9.7895187678950588 11.062454102066111 3.6556302145472728 11.611491337578626 158.75649129734666 136.20470334967831 80.703443585639718 10.994790870853647 17.007035725750029 90.478987797418085
leaf_count=1101942 30460 44305 188 23860 1672 755 100 1074 9007 4688 69111 21164 15451 13579 57676 10543 28350 4139 1234 66 302 506 40 822 12421 37813 125034 153420 2367 11443
internal_value=-0.000365502 0.00306636 0.00124741 -0.00291885 -0.0337129 -0.0248718 -0.0426709 0.000639763 -0.000936149 -0.0018649 -0.0100859 -8.40887e-05 -0.00228715 -0.000594356 -0.00296374 -0.0206512 -0.0603555 -0.000453032 -0.00222807 -0.000665007 -0.0540239 0.0517615 0.122417 -0.00140712 -0.0116795 -0.0267603 4.1225e-05 0.023936 -0.0200425 -0.0255546
internal_weight=3526.57 1072.29 993.368 707.126 73.2516 68.8474 51.2036 633.874 607.723 2454.28 436.983 2017.3 1825.47 1666.58 1557.21 193.568 66.318 1363.65 1254.63 1217.87 36.7523 16.9987 5.93629 1200.88 306.573 147.816 127.25 46.5467 158.891 141.884
internal_count=1783532 111421 67116 36656 2715 2527 1772 33941 32867 1672111 73799 1598312 1577148 1547887 1534308 1419289 1130292 115019 110880 109344 1536 612 106 108732 51056 38635 288997 163963 29261 26894
is_linear=0
shrinkage=0.06


Tree=142
num_leaves=31
num_cat=0
split_feature=14 9 9 8 9 2 3 9 8 11 9 9 1 3 10 11 10 8 8 1 10 1 2 1 3 1 10 10 1 2
split_gain=5.44517 8.35975 6.9736 35.8735 9.57526 22.7321 38.8662 8.75135 6.77601 10.2198 19.0301 15.8664 14.3484 9.55965 9.46478 8.38072 8.80607 8.87904 8.26614 14.0117 21.8508 14.5213 20.3756 7.25415 16.9576 11.726 10.1258 8.26465 7.20777 6.96985
threshold=2.5000000000000004 0.99794238805770885 0.28496241569519049 0.18898809701204303 0.2817846685647965 0.99450549483299266 0.85880398750305187 0.63502788543701183 0.38278388977050787 2.5000000000000004 0.28633540868759161 0.77618756890296947 0.84797126054763805 0.94312667846679699 0.82397845387458812 5.5000000000000009 0.99758455157279979 0.79285714030265819 0.93541666865348827 0.59110671281814586 0.97845596075057995 0.91331186890602123 0.91331186890602123 1.0000000180025095e-35 0.66312056779861461 0.85880398750305187 0.74369570612907421 0.75490951538085949 0.89512962102890026 0.69631093740463268
decision_type=2 2 2 2 2 2 2 2 2 2 2 2 2 2 2 2 2 2 2 2 2 2 2 2 2 2 2 2 2 2
left_child=2 -2 4 7 -1 -6 -7 -4 9 10 -5 12 -11 15 23 -10 18 -18 28 -20 21 -21 -23 26 -25 -26 -12 -28 29 -17
right_child=1 -3 3 8 5 6 -8 -9 13 11 14 -13 -14 -15 -16 16 17 -19 19 20 -22 22 -24 24 25 -27 27 -29 -30 -31
leaf_value=0.0020615332710480164 0.0015134573047146465 0.044451239160584924 -0.052901380347652627 -1.1654068696674045 0.15899028537326534 4.2227553287922124 0.03813848410823302 0.042868086079368532 0.0035118894254877798 -0.019778620234305825 -0.012969178091287149 0.071217726260899825 -0.08308798012203597 0.050909862191612337 -0.031734852202058655 -0.0099827470089001984 0.058415276075376749 -0.00074012356729967271 -0.025494229922709472 0.060293659653944079 -0.52591355910207438 -2.1230092265389549 0.060064326393951747 -0.037043267028289174 0.072562562920011051 -0.0012746382191186913 0.40685535986752491 0.11265040674158346 0.06156736133188534 -0.037225371311470842
leaf_weight=617.10740389225566 1832.3987437851408 16.470345183392055 64.769444902348482 0.049925873796381803 0.27075298132513026 0.014008422731421888 0.018599042989080772 3.6273466748280034 489.99551676992269 111.82923573574396 2.5098480062224544 6.2022169700940131 14.566230918600921 12.894470222643575 17.67010650067823 137.22108454606496 10.442554894136263 72.916613870067522 2.7543307549785814 0.60726866323966511 0.60903624206548557 0.02748297166544944 0.034982801706064492 17.089740538969409 16.249970994322215 14.790050248615442 0.383750265464187 3.2966814653482288 4.3373419394483781 44.861754813115112
leaf_count=86900 894544 2359 670966 26 1200 34 12 1788 26634 31067 922 373 425 15947 915 3006 665 8022 48 189 52 11 36 33740 435 318 30 162 810 1896
internal_value=-0.000346193 0.00189596 -0.00283275 -0.00580879 0.0022272 0.339235 1.83588 -0.0478224 -0.00288056 -0.0125938 0.00559742 -0.022477 -0.0270746 -0.00032142 0.00640952 -0.0011863 -0.00959384 0.00667038 -0.0167125 -0.101696 -0.265827 -0.0293115 -0.900419 0.0188177 0.0109543 0.0373804 0.0799564 0.143326 -0.0148739 -0.0166948
internal_weight=3516.02 1848.87 1667.15 1049.74 617.411 0.30336 0.0326075 68.3968 981.34 204.638 72.0401 132.598 126.395 776.702 71.9901 763.808 273.812 83.3592 190.453 4.0331 1.27877 0.669734 0.0624658 54.32 48.1298 31.04 6.19028 3.68043 186.42 182.083
internal_count=1783532 896903 886629 798483 88146 1246 46 672754 125729 68413 36548 31865 31492 57316 36522 41369 14735 8687 6048 336 288 236 47 35607 34493 753 1114 192 5712 4902
is_linear=0
shrinkage=0.06


Tree=143
num_leaves=31
num_cat=0
split_feature=3 9 6 9 9 10 10 10 1 1 6 1 2 1 4 1 3 9 1 10 11 4 6 2 4 4 11 2 10 3
split_gain=4.55856 14.602 6.45079 8.08649 5.71333 5.5005 7.16336 5.36752 8.14287 6.30817 5.06138 7.75466 8.20031 11.6026 10.0476 7.16593 9.5885 8.15083 13.9238 7.03605 6.42708 6.41112 23.7693 13.0177 20.0053 12.6339 27.2798 72.5372 12.6969 13.1067
threshold=0.99450549483299266 0.68100523948669445 2.5000000000000004 0.45078563690185552 0.46759706735610967 0.56615138053894054 0.85201290249824535 0.83796653151512157 0.80229884386062633 0.73499399423599254 2.5000000000000004 0.94609123468399059 0.9634092152118684 0.90054944157600414 0.97366598248481762 0.88273492455482494 0.80982521176338207 0.90023696422576915 0.68870675563812267 0.95042484998703014 10.500000000000002 0.79205974936485302 1.0000000180025095e-35 0.81872946023941051 0.96362435817718517 0.97366598248481762 4.5000000000000009 0.9634092152118684 0.86505654454231273 0.80229884386062633
decision_type=2 2 2 2 2 2 2 2 2 2 2 2 2 2 2 2 2 2 2 2 2 2 2 2 2 2 2 2 2 2
left_child=10 2 5 -4 -5 -2 7 9 -9 -7 21 12 13 20 -15 16 -14 -18 -19 -20 -12 -1 -23 -24 -25 26 -26 -28 29 -27
right_child=1 -3 3 4 -6 6 -8 8 -10 -11 11 -13 15 14 -16 -17 17 18 19 -21 -22 22 23 24 25 28 27 -29 -30 -31
leaf_value=-0.0023775444551553675 0.0029388735945537919 0.060260981159609234 0.012467634144139818 0.2189804048034581 0.059491280520421269 0.050826735566741867 0.047194290575585447 -0.51181009525192278 -0.063364497625675906 -0.039022709277542048 -0.012812159011344817 0.033100947993078979 0.005839106207043092 0.065600269282751811 -0.077278013881251134 0.0093826726755594624 -0.024949820071378161 -0.64342177627113628 -0.18565189571404245 -0.025814649918283084 -0.2688374331447998 0.050837575925067109 -0.017572451586247588 0.018700434213195376 -0.073337169088871723 0.0081342035600062319 -2.2253792107016066 0.060427821462391174 0.019961414270323937 -0.010500292063742716
leaf_weight=1840.2798731692742 177.66377877211198 17.347127293556696 50.424797395971837 0.91856787816504848 6.7537929980026092 3.1420206670882243 4.5566716013709074 0.20873117179144074 0.48323276947485283 26.866183232254116 79.471241644389011 15.359513583971419 44.682894420468074 1.9530623598257104 19.098964460732532 86.928226749427267 46.448915401888371 0.16998513444559549 1.6456327112391589 2.4941155598498881 0.35455535689834405 36.793303989687047 111.85857011287408 247.88750124675425 2.8876215891141324 211.00177229992732 0.07864465785678465 0.13711522636003792 93.164449661737308 381.66944990842603
leaf_count=1579846 8636 22827 2125 119 1876 118 3136 20 130 1288 6351 1526 2865 223 1361 6400 2330 15 128 408 15 7664 52677 22040 185 24789 4 98 14645 19687
internal_value=-0.000333513 0.00689408 0.0034782 0.0211993 0.078586 -0.00135714 -0.0230053 -0.0334247 -0.198638 -0.029615 -0.000979898 -0.00842092 -0.0106725 -0.0243991 -0.0640227 -0.00307966 -0.0144304 -0.0322736 -0.111207 -0.0893532 -0.0139493 -0.000220457 0.00343659 0.00177352 0.00408346 -0.00117589 -0.121963 -0.772751 -0.000629327 -0.00386607
internal_weight=3512.73 288.365 271.018 58.0972 7.67236 212.921 35.2568 30.7002 0.691964 30.0082 3224.37 298.607 283.248 100.878 21.052 182.37 95.4415 50.7586 4.30973 4.13975 79.8258 2925.76 1085.48 1048.69 936.827 688.939 3.10338 0.21576 685.836 592.671
internal_count=1783532 40275 17448 4120 1995 13328 4692 1556 150 1406 1743257 21622 20096 7950 1584 12146 5746 2881 551 536 6366 1721635 141789 134125 81448 59408 287 102 59121 44476
is_linear=0
shrinkage=0.06


Tree=144
num_leaves=31
num_cat=0
split_feature=14 8 4 10 9 0 3 9 10 6 4 8 2 3 0 10 10 6 2 3 2 9 4 4 3 2 3 9 8 8
split_gain=4.82736 7.74414 19.6216 16.3538 18.3864 10.3459 9.26945 10.2211 8.53073 9.6011 14.5464 12.9606 11.5599 9.60664 10.2634 8.44126 13.1312 8.19489 7.9642 7.83706 7.36652 7.25898 6.95815 14.5272 6.92895 10.0103 8.58786 11.8382 10.5628 9.39242
threshold=2.5000000000000004 0.21980676054954532 0.4248871803283692 0.62087112665176403 0.60248687863349926 0.30952382087707525 0.90054944157600414 0.25466126203536993 0.70241516828536998 1.5000000000000002 0.79008570313453685 0.73030304908752453 0.77459675073623668 0.72812235355377208 0.73214286565780651 0.87737199664115917 0.80874970555305492 2.5000000000000004 0.19139194488525393 0.81605800986289989 0.68801230192184459 0.64375689625740062 0.91779279708862316 0.88630491495132457 0.84273937344551098 0.99450549483299266 0.82712644338607799 0.90023696422576915 0.48684211075305944 0.56696429848670971
decision_type=2 2 2 2 2 2 2 2 2 2 2 2 2 2 2 2 2 2 2 2 2 2 2 2 2 2 2 2 2 2
left_child=-1 2 3 4 -2 -5 8 -8 -3 19 11 13 -12 20 24 16 21 -14 -6 -10 -11 -4 23 -19 26 -26 27 -15 -29 -30
right_child=1 6 15 5 18 -7 7 -9 9 10 12 -13 17 14 -16 -17 -18 22 -20 -21 -22 -23 -24 -25 25 -27 -28 28 29 -31
leaf_value=-0.0026506748804004895 -0.056993957667498082 0.027039845966559867 -2.2275578168663312e-05 -0.017777161017853201 -0.31134327987728588 0.11349940786834062 -0.61311216335883523 0.030090279801911844 0.0042619122488778693 -0.15767346358327836 -0.13851967256802281 0.060429703878243167 0.013807049426459267 -0.093125889593682815 0.0085891248249567349 0.047063337046821363 -0.04361209664378287 -0.027360300647966202 -0.062925706708018031 0.037180233774974161 -0.011475422052670789 0.041934591241039501 -0.019748117040166008 -0.53255361233876441 0.064537265823913614 -0.14680662843844935 -0.2914273873250568 -0.56197919159675747 0.07336637002134469 -0.4272695832720686
leaf_weight=1661.9475216383462 21.884391385591702 55.099064263349646 849.15084588759828 29.034561696156747 1.5702302569043234 2.3350267100613555 0.089079128054435297 57.619620019075228 613.62589983943326 1.3542323494330073 2.1191148865036658 3.8049928201944558 69.778269754955545 8.0035165610024706 3.1469003189122295 13.625543560832737 24.751825679093599 0.65750409063184889 0.6598321283563563 27.190034830011427 14.805316501529886 15.108850973207153 24.568163711344823 0.29768939455971122 1.70408032729756 1.5322675763163716 1.1412324999691907 0.38117741979658681 0.30188494944013655 0.24390425346791744
leaf_count=886629 290394 13991 512936 15730 195 73 27 23142 22237 42 37 2161 6947 278 209 559 592 57 2387 2005 605 567 1533 9 95 16 29 6 5 39
internal_value=-0.000305023 0.00180723 -0.00193332 -0.0365656 -0.0737184 -0.00800546 0.0058456 0.0290974 0.00422846 0.00260595 -0.0120101 -0.0443617 8.40978e-05 -0.0565872 -0.0888571 0.000195486 -0.00052284 0.00316607 -0.237841 0.00565865 -0.0237274 0.000711208 -0.0259253 -0.184806 -0.1119 -0.0355247 -0.136441 -0.116636 -0.319621 -0.15036
internal_weight=3507.53 1845.59 958.121 55.484 24.1145 31.3696 887.464 57.7087 829.755 774.656 133.84 36.4195 97.4207 32.6145 16.455 902.637 889.012 95.3016 2.23006 640.816 16.1595 864.26 25.5234 0.955193 13.3081 3.23635 10.0717 8.93048 0.926967 0.545789
internal_count=1783532 896903 823433 308779 292976 15803 73470 23169 50301 36310 12068 3485 8583 1324 677 514654 514095 8546 2582 24242 647 513503 1599 66 468 111 357 328 50 44
is_linear=0
shrinkage=0.06


Tree=145
num_leaves=31
num_cat=0
split_feature=14 9 9 10 8 9 3 11 1 10 4 3 1 10 11 10 8 3 6 0 3 9 4 3 1 1 11 1 10 6
split_gain=4.28353 7.62443 6.26336 32.5084 9.40913 9.43578 8.5239 7.97413 12.8084 7.23413 10.8677 16.4302 8.84678 7.71307 7.13096 7.78983 8.08784 7.13077 11.4035 8.4523 11.0719 8.28351 8.24514 8.23651 7.80756 11.8607 8.50593 7.39941 7.06464 6.92923
threshold=2.5000000000000004 0.99794238805770885 0.25074850022792822 0.50609847903251659 0.38278388977050787 0.73860013484954845 0.99450549483299266 2.5000000000000004 0.84797126054763805 0.83796653151512157 1.0000000180025095e-35 0.5912291705608369 0.85880398750305187 0.6681957244873048 5.5000000000000009 0.99758455157279979 0.79285714030265819 0.89512962102890026 1.5000000000000002 0.77500000596046459 0.86706829071044933 0.96677702665328991 0.71307507157325756 0.84273937344551098 0.81872946023941051 0.65868008136749279 8.5000000000000018 0.86616915464401256 0.64395171403884899 3.5000000000000004
decision_type=2 2 2 2 2 2 2 2 2 2 2 2 2 2 2 2 2 2 2 2 2 2 2 2 2 2 2 2 2 2
left_child=2 -2 29 -4 5 7 14 9 -9 10 13 -12 -13 -5 -6 17 -17 18 22 20 24 -21 27 -23 25 -20 -27 -16 -7 -1
right_child=1 -3 3 4 6 28 -8 8 -10 -11 11 12 -14 -15 15 16 -18 -19 19 21 -22 23 -24 -25 -26 26 -28 -29 -30 -31
leaf_value=0.0014280875294694383 0.0013509921704899118 0.043267320002060509 -0.061630357860528534 -0.060133188668003476 0.003560478422651921 0.31365662619349793 0.060107354625156192 -0.020227773871180538 -0.079288386482799234 -0.042895706706115394 -0.055075976247300679 0.034687638679349243 -0.015885214004935991 0.088300009059083501 -0.013863242082615114 0.056897661493338067 -0.00015457127707978362 0.061199586040696627 0.020685516475146871 -0.00055869830283313123 -0.30665263722370767 -0.25862165971505802 0.039349874170501953 0.061611949242501456 -0.011023915408066208 -0.12084677884774739 -0.30904715574984132 -0.18030466813612731 0.020126353862420312 0.047161982726220034
leaf_weight=598.95201967213507 1826.779589535782 15.756992418784646 35.631468259336316 1.5043207374237662 491.6733513919462 0.29935132876562676 8.3697936626267602 111.11069610227423 15.004147738014579 14.501414461352395 17.524791489998279 28.194505812620264 22.302553377783624 7.7687125620432198 153.08144971699221 10.18517651647562 73.475156240980141 4.3060318175703278 1.7214693119749407 9.9919610506622103 0.80573255871422667 0.92910674982704289 10.788484888616948 0.41977988183498383 4.1255994690582156 4.0133283662144095 1.1019044916611163 0.96763836708851059 21.183190494630253 12.168748467731346
leaf_count=47505 894544 2359 631097 5843 28061 10 13454 38016 426 646 93930 8028 711 863 3141 730 8673 1218 57 786 57 42 738 52 106 133 37 26 2132 111
internal_value=-0.000282833 0.00170945 -0.0024914 -0.00530001 -0.00332322 -0.013722 -0.000115062 -0.0174621 -0.0272543 -0.00400894 0.00328667 -0.00502008 0.0123516 0.0642204 -0.00077173 -0.00849167 0.00679122 -0.0151422 -0.0168912 -0.0563634 -0.0919855 -0.0193994 -0.0113575 -0.158963 -0.0762074 -0.115542 -0.161388 -0.0149087 0.0242166 0.00233875
internal_weight=3504.64 1842.54 1662.1 1050.98 1015.35 239.394 775.956 217.911 126.115 91.7963 77.2949 68.0219 50.4971 9.27303 767.586 275.913 83.6603 192.252 187.946 23.1089 11.768 11.3408 164.838 1.34889 10.9623 6.8367 5.11523 154.049 21.4825 611.121
internal_count=1783532 896903 886629 839013 207916 150605 57311 148463 38442 110021 109375 102669 8739 6706 43857 15796 9403 6393 5175 1270 390 880 3905 94 333 227 170 3167 2142 47616
is_linear=0
shrinkage=0.06


Tree=146
num_leaves=31
num_cat=0
split_feature=8 11 4 11 10 11 2 4 8 10 2 11 13 1 0 10 1 8 4 2 9 11 9 9 11 11 10 9 9 10
split_gain=4.14081 14.7057 9.47196 9.44652 8.7684 7.76241 6.93204 10.7441 8.72139 8.6466 6.30312 5.61107 5.60487 5.29955 5.0464 15.0834 6.42845 5.01357 5.76275 8.19473 8.18628 10.4904 22.5786 4.96803 4.64096 4.34877 18.8872 21.5938 14.4234 16.6248
threshold=0.76696833968162548 9.5000000000000018 0.67136150598526012 3.5000000000000004 0.8916430175304414 6.5000000000000009 0.22401433438062671 0.26201373338699346 0.88562092185020458 0.95561030507087719 0.65485891699790966 15.500000000000002 1.0000000180025095e-35 0.30662393569946295 0.73214286565780651 0.91772764921188366 0.60640108585357677 0.94281044602394115 0.16843971610069278 0.32466214895248419 0.90023696422576915 5.5000000000000009 0.96677702665328991 0.43085423111915594 5.5000000000000009 4.5000000000000009 0.86505654454231273 0.65232810378074657 0.72240144014358532 0.73192510008811962
decision_type=2 2 2 2 2 2 2 2 2 2 2 2 2 2 2 2 2 2 2 2 2 2 2 2 2 2 2 2 2 2
left_child=1 25 3 -2 -5 10 11 8 -8 -9 12 -7 -6 -11 -12 -16 -17 -14 20 -20 -19 -22 -23 -4 -25 28 -27 -28 -1 -30
right_child=2 -3 23 4 5 6 7 9 -10 13 14 -13 17 -15 15 16 -18 18 19 -21 21 22 -24 24 -26 26 27 -29 29 -31
leaf_value=-0.0015416876030575663 -0.091924631086564609 -0.05233281663642448 -0.29607003360154238 0.10328229272390223 0.02259764867084553 0.029031299741817968 -0.077886981813217349 0.086084964554083085 -0.0052448021020722654 0.046725998683735503 0.043569350501783503 -0.11655124109834503 -0.041336942906139942 -0.0031578764969872751 -1.1281458237930013 -0.43304596073740897 0.061007586732576578 0.029652893885336592 0.025403883689561164 -0.029823275934128247 -0.035844019285332061 -0.57469601086230071 -0.093325746078203334 0.054382034911793241 0.017071080776720524 -0.03152792354913702 0.03001374726883042 -0.0068464442891427854 0.081063351037414633 0.0084695683142756214
leaf_weight=2279.2754492157655 3.8273388335946938 19.881905723683303 0.16775400197366153 3.103634432074613 11.559266864787785 57.544371800497174 9.6218951471382752 5.4492498806794165 15.590890285093337 9.493682826869188 9.7712626592256093 0.96913169138133426 30.017138962866738 39.844932332227472 0.050409122544807228 0.12065659143263474 0.44262026407523081 2.5453301090747109 20.583955364301801 18.246180647052824 3.1391275436617434 0.47085168492048945 1.3756277840584517 19.13544989307411 32.192192661052104 84.808900384923618 69.578583230235381 322.0128154704289 11.673973063188894 418.11730572064698
leaf_count=1686802 73 595 33 62 305 2923 80 89 242 155 2068 33 454 1833 7 35 273 93 244 158 86 28 73 13733 16709 8836 2599 14298 1300 29313
internal_value=-0.000265007 -0.000891316 0.00653415 0.00159488 0.00308663 0.00177361 0.0109254 -0.000553953 -0.0329671 0.0143622 -0.0111191 0.0266201 -0.0163397 0.00644072 0.0330875 -0.133807 -0.044821 -0.0222326 -0.00986321 -0.000547216 -0.0578973 -0.102595 -0.216075 0.0299156 0.030981 -0.000570247 -0.00585679 -0.000297067 0.000359413 0.0104414
internal_weight=3500.61 3205.35 295.263 243.768 239.94 236.837 138.514 80.0007 25.2128 54.7879 98.3224 58.5135 87.9375 49.3386 10.3849 0.613686 0.563277 76.3782 46.3611 38.8301 7.53094 4.98561 1.84648 51.4954 51.3276 3185.47 476.4 391.591 2709.07 429.791
internal_count=1783532 1743743 39789 9314 9241 9179 5355 2399 322 2077 3824 2956 1441 1988 2383 315 308 1136 682 402 280 187 101 30475 30442 1743148 25733 16897 1717415 30613
is_linear=0
shrinkage=0.06


Tree=147
num_leaves=31
num_cat=0
split_feature=8 3 1 4 9 3 3 14 2 9 4 4 4 3 2 8 4 9 10 1 1 3 4 2 9 4 1 9 13 2
split_gain=3.95772 13.7257 7.44572 8.60402 6.74069 6.11208 13.6984 7.51009 7.26442 11.9288 9.38304 6.85083 6.71546 14.0346 6.67045 7.09894 7.69117 6.81416 6.81426 6.0702 5.78741 5.2886 9.97401 5.2202 5.5773 5.2191 5.04448 5.80889 6.44088 5.00543
threshold=0.67708334326744091 0.88273492455482494 1.0000000180025095e-35 0.21164613962173465 0.56615138053894054 0.41060766577720648 0.35025772452354437 2.5000000000000004 0.83225107192993175 0.85990655422210704 0.34549072384834295 0.52506268024444591 0.7228132188320161 0.6820855736732484 0.92031747102737438 0.82843136787414562 0.37354651093482977 0.96677702665328991 0.92762354016304027 0.71503761410713207 0.33508773148059851 0.72812235355377208 0.65261757373809826 0.40192307531833654 0.84521561861038219 0.47413024306297308 0.26365442574024206 0.45550055801868444 1.0000000180025095e-35 0.91331186890602123
decision_type=2 2 2 2 2 2 2 2 2 2 2 2 2 2 2 2 2 2 2 2 2 2 2 2 2 2 2 2 2 2
left_child=-1 2 -2 -4 26 6 20 8 10 12 -7 23 13 -10 15 17 -17 18 -11 -20 -6 -16 -23 24 -8 -22 -5 28 -28 -18
right_child=1 -3 3 4 5 7 11 -9 9 14 -12 -13 -14 -15 21 16 29 -19 19 -21 25 22 -24 -25 -26 -27 27 -29 -30 -31
leaf_value=-0.0010125041638267029 0.017093717550336989 0.05008129654101539 -0.023280008197002738 0.1364759956836594 0.010341847321896015 -0.031359886052065078 -0.07750148437894086 0.032285857493784924 -0.37700464069150708 -0.2930823237570136 0.02765720363533062 0.040017724883667366 0.055347882453255323 0.0075748647118484046 0.061230188355115726 -0.53348375499831491 0.008196376407471449 -0.22750658854635131 0.066440472346123353 -0.091834747710112491 -0.044706366276621799 -0.24104869243231519 -0.017356669059932456 -0.10090920393773918 -0.015721828919578146 0.051656095953408462 0.07733129691543919 0.043297895693196566 -0.19519755104576395 -0.34838952905333875
leaf_weight=3054.7134262680202 97.551363828592002 23.107868941355264 55.668914000503719 1.807124669663607 69.630995256651659 12.487541926326228 8.4276312827132731 36.673942869296297 0.40866463503334616 0.50430104287807065 43.417457908159122 3.2061609406955531 9.3458911561756377 2.081897932686843 2.7678891198011142 0.10056739160791028 4.4750768778612837 1.3999731407966463 1.0641898711910469 4.8384639330906793 13.277885355753822 0.7591825642157336 13.095282267138826 6.2591373794712117 13.998738787602631 2.3871809794218271 0.50859610619954654 11.132840371574273 0.80843793624080718 0.14634955849032838
leaf_count=1733237 4129 24931 728 26 964 121 63 6917 41 29 3053 245 1936 188 785 7 1297 32 54 224 119 58 3060 95 87 132 16 851 52 55
internal_value=-0.000245168 0.00506592 0.00257876 -0.00183671 0.00266772 0.00038601 -0.00961467 0.00916033 0.000407311 -0.0187796 0.0144745 -0.043163 0.0320178 -0.055529 -0.0394051 -0.0724641 -0.0143919 -0.107589 -0.0813859 -0.0632993 0.00292885 -0.0144872 -0.0296143 -0.0524601 -0.0389381 -0.0300218 0.0427988 0.0292014 -0.0899557 -0.00309585
internal_weight=3496.05 441.34 418.232 320.68 265.011 250.754 117.188 133.567 96.8927 40.9877 55.905 31.8917 11.8365 2.49056 29.1513 12.5289 4.72199 7.80693 6.40695 5.90265 85.2961 16.6224 13.8545 28.6855 22.4264 15.6651 14.257 12.4499 1.31703 4.62143
internal_count=1783532 50295 25364 21235 20507 19562 1705 17857 10940 7766 3174 490 2165 229 5601 1698 1359 339 307 278 1215 3903 3118 245 150 251 945 919 68 1352
is_linear=0
shrinkage=0.06


Tree=148
num_leaves=31
num_cat=0
split_feature=14 9 1 8 6 4 11 8 1 1 9 10 11 9 9 8 10 8 11 10 10 9 9 4 8 8 11 9 10 1
split_gain=3.8736 6.82548 6.19008 11.4722 8.61474 8.54857 7.34666 6.47208 22.1355 11.2764 11.7054 9.14065 9.11146 20.5034 13.6316 9.54487 8.59817 8.11221 8.00099 13.3225 11.5651 12.655 10.995 11.3402 15.5511 10.7943 12.1868 9.1795 8.92227 8.3525
threshold=2.5000000000000004 0.99794238805770885 0.94609123468399059 0.26491229236125952 2.5000000000000004 0.95119047164917003 1.5000000000000002 0.21980676054954532 0.43792808055877691 1.0000000180025095e-35 0.75694981217384349 0.87737199664115917 1.5000000000000002 0.49130369722843176 0.48579499125480657 0.14550264924764636 0.75490951538085949 0.08893280848860742 3.5000000000000004 0.76755931973457348 0.74369570612907421 0.51628047227859508 0.93771553039550792 0.60660174489021312 0.48684211075305944 0.5419580638408662 6.5000000000000009 0.42889758944511419 0.94461485743522655 0.73879599571228038
decision_type=2 2 2 2 2 2 2 2 2 2 2 2 2 2 2 2 2 2 2 2 2 2 2 2 2 2 2 2 2 2
left_child=-1 2 7 4 5 -4 -7 8 9 10 -2 12 13 -10 -14 -16 17 -15 19 -9 -20 -22 23 -21 27 26 28 -25 -23 -24
right_child=1 -3 3 -5 -6 6 -8 18 11 -11 -12 -13 14 16 15 -17 -18 -19 20 22 21 25 29 24 -26 -27 -28 -29 -30 -31
leaf_value=-0.0023344207988592134 0.0039467868516257975 0.042007982144788895 0.0702368058140901 0.062720484807707533 0.034570642336466832 0.0014625986583803768 -0.048175757642420873 0.02728587147568903 -0.0023799358288613876 -0.058216716295334162 0.77342676000145938 0.048680786404592696 -0.0017204770616709951 -0.0098755673949449327 -0.11152718990791875 -0.033497528922670584 -0.019174405141507384 0.064364289289784646 -0.04634466477120712 0.015117187175481734 0.038297022190279806 -0.015976925610693461 -0.11979995498293121 -0.068474358648985045 0.039152723928297412 0.0049363340597104819 -0.076589141816854028 -0.012085968570491237 0.036483777797489951 0.063165580351363104
leaf_weight=1653.0977811635794 11.89733958957731 14.976602511014788 5.8943017542769658 14.855583590193417 32.901275099109625 99.154210577544291 12.03695701039396 114.88835815172524 617.60838596295753 38.079076955074015 0.071597648086027088 13.074000722263007 53.284475684013046 6.4032159607801296 7.2930660651729786 24.952182566744796 7.4242611138615748 30.717382346078693 19.927395379272639 162.94159495033091 29.549919477896765 115.16418563417392 4.2880187889386425 11.746891760049037 20.106601370091084 254.22802250832319 10.956451924866995 90.175751053902786 12.98719252165756 1.1362203518510794
leaf_count=886629 10353 2359 252 13979 1378 4543 742 16127 495023 286780 2 422 8869 5103 2213 3986 155 4227 3810 4664 1331 4689 101 539 4172 15935 430 3962 501 256
internal_value=-0.000226805 0.00166804 0.00133677 0.0124258 0.00744431 -0.000178244 -0.00391098 0.000234871 -0.00359803 -0.0422496 0.00854978 -0.00105525 -0.00192494 0.000455549 -0.0203542 -0.0511459 0.0397692 0.0515581 0.00389923 0.00999083 -0.00167609 0.000428805 0.00314844 0.00475917 -0.00907155 -0.0024161 -0.0158531 -0.0185849 -0.0106604 -0.081474
internal_weight=3491.82 1838.72 1823.74 164.842 149.987 117.085 111.191 1658.9 810.805 50.048 11.9689 760.757 747.683 662.153 85.5297 32.2452 44.5449 37.1206 848.097 405.283 442.813 422.886 290.395 284.971 122.029 393.336 139.108 101.923 128.151 5.42424
internal_count=1783532 896903 894544 20894 6915 5537 5285 873650 817133 297135 10355 519998 519576 504508 15068 6199 9485 9330 56517 29821 26696 22886 13694 13337 8673 21555 5620 4501 5190 357
is_linear=0
shrinkage=0.06


Tree=149
num_leaves=31
num_cat=0
split_feature=3 8 6 10 4 4 8 2 11 8 2 3 3 3 13 12 11 3 10 8 10 2 10 8 11 8 10 8 4 11
split_gain=3.65873 12.188 5.36791 6.81024 4.67536 18.4567 11.9829 12.3198 14.7321 9.03187 8.14904 9.0589 12.4851 6.51766 6.30589 12.588 11.1258 15.9872 16.2041 10.6353 8.75739 9.94293 21.777 9.10594 11.8328 13.9789 10.0542 24.4855 20.2699 13.4388
threshold=0.99450549483299266 0.38278388977050787 2.5000000000000004 0.48397369682788854 1.0000000180025095e-35 0.21164613962173465 0.21980676054954532 0.22401433438062671 3.5000000000000004 0.74166667461395275 0.59675306081771862 1.0000000180025095e-35 0.20761494338512423 0.50242719054222118 1.0000000180025095e-35 0.45000000298023229 3.5000000000000004 0.85880398750305187 0.66192114353179943 0.44097222387790685 0.97845596075057995 0.61938297748565685 0.87737199664115917 0.73030304908752453 2.5000000000000004 0.39444445073604589 0.75490951538085949 0.21980676054954532 0.67136150598526012 1.5000000000000002
decision_type=2 2 2 2 2 2 2 2 2 2 2 2 2 2 2 2 2 2 2 2 2 2 2 2 2 2 2 2 2 2
left_child=4 2 -2 -4 10 6 -6 8 9 -8 11 -1 -13 -12 20 -16 -17 19 -19 -18 21 22 -7 24 25 26 27 29 -28 -23
right_child=1 -3 3 -5 5 14 7 -9 -10 -11 13 12 -14 -15 15 16 17 18 -20 -21 -22 23 -24 -25 -26 -27 28 -29 -30 -31
leaf_value=0.0042249047901822987 -0.00093973267537764734 0.060086494232866411 0.010720264568652648 0.067186596934948106 -0.081892856716061918 -0.027855258032525494 0.038583533529083731 -0.034845543834927252 -0.023245145284683067 -0.13359166249187854 0.086258360034072556 -0.098550575906210844 0.0019696544669433637 0.015068538374203367 -0.017641478318480501 0.022285507933675501 -0.05052062346104115 -0.92602714368418193 0.054801135206372233 0.0011945804593994232 0.020909324563532068 0.00094867053166829292 0.012748615766064345 0.038786305297861458 -0.011981523381816265 0.044682542182491805 0.037701206788256836 0.046041948621623176 -0.032573350924082055 -0.033630971796118334
leaf_weight=529.76795689562914 213.0612757015333 14.402240839015574 47.961721281986684 9.1574006330338289 11.16405947615692 148.92912126129931 29.120665141074827 71.835889349608465 40.47618379463529 1.1397587284445752 7.464411846021906 7.4450804126845496 11.050825506565159 12.19141215845775 73.90804837518283 151.68955502073402 15.166252299008191 0.060809245449493399 21.457700060855132 255.28199273534119 57.501541276578791 1133.4250471624864 69.856152170978021 20.160659347195178 328.64826132969347 25.546529811428627 18.323448076000204 42.557637250283733 76.322866237605922 41.957456378548159
leaf_count=41269 11499 25482 1855 1439 71392 1012028 3092 13341 1123 10 477 1311 4916 1194 10724 20683 1284 11 14852 18608 4502 492077 2865 1166 12455 742 515 1450 1283 9887
internal_value=-0.000213672 0.00630599 0.00343917 0.019773 -0.000793036 -0.00185745 -0.022031 -0.0173436 0.000430345 0.0320986 0.00414468 0.00278382 -0.0384923 0.0421033 -0.000607276 0.00528432 0.00910349 0.00225485 0.0520294 -0.00170552 -0.00216047 -0.00285656 -0.0148908 -0.00129579 -0.00178061 0.000724758 -0.000130781 0.00133308 -0.0189683 -0.000285714
internal_weight=3487.03 284.583 270.18 57.1191 3202.45 2634.53 153.737 142.572 70.7366 30.2604 567.92 548.264 18.4959 19.6558 2480.79 517.564 443.656 291.967 21.5185 270.448 1963.23 1905.73 218.785 1686.94 1666.78 1338.13 1312.59 1217.94 94.6463 1175.38
internal_count=1783532 40275 14793 3294 1743257 1694090 88958 17566 4225 3102 49167 47496 6227 1671 1605132 66162 55438 34755 14863 19892 1538970 1534468 1014893 519575 518409 505954 505212 503414 1798 501964
is_linear=0
shrinkage=0.06


Tree=150
num_leaves=31
num_cat=0
split_feature=14 9 9 8 9 6 6 3 1 8 3 12 9 13 8 3 3 9 3 1 3 6 3 1 0 8 6 3 1 0
split_gain=3.60041 6.3257 5.91783 29.2915 7.46721 6.25692 7.54682 5.68038 5.66433 19.4632 14.5642 13.3774 8.29969 8.06616 13.1282 8.81887 15.9024 83.6515 7.13378 5.837 15.5786 14.2458 11.5447 22.0312 8.69891 7.92261 7.60832 12.7794 8.73727 7.73412
threshold=2.5000000000000004 0.99794238805770885 0.27130751311779028 0.18898809701204303 0.63502788543701183 3.5000000000000004 2.5000000000000004 0.70801281929016124 0.43714080750942236 0.17519181966781619 0.31643131375312811 0.55000001192092907 0.5965881645679475 1.0000000180025095e-35 0.070197045803070082 0.84889996051788341 0.87585616111755382 0.31180745363235479 0.74239632487297069 0.77836257219314586 0.57275134325027477 3.5000000000000004 0.74601566791534435 0.88273492455482494 0.38750000298023229 0.075498577207326903 1.5000000000000002 0.84273937344551098 0.75134408473968517 0.58571431040763866
decision_type=2 2 2 2 2 2 2 2 2 2 2 2 2 2 2 2 2 2 2 2 2 2 2 2 2 2 2 2 2 2
left_child=2 8 5 4 -4 6 -1 -6 9 12 -11 19 -2 14 15 -13 17 -17 -12 21 -21 24 23 -22 25 -10 27 -26 -29 -28
right_child=1 -3 3 -5 7 -7 -8 -9 11 10 18 13 -14 -15 -16 16 -18 -19 -20 20 22 -23 -24 -25 26 -27 29 28 -30 -31
leaf_value=0.0047651409418865386 -0.033683496084940527 0.041090069200649365 -0.049027765735628163 -0.0023917179149096383 -0.078779760545324137 0.045593644189664849 -0.012617810533157435 0.086395197508571511 -0.030707953725808382 0.0036036625120366211 -0.028574436299698282 0.013591699748674153 -0.1086843166798567 0.028195872118022377 -0.0079668633084878943 2.2898324772451266 0.12365116236388771 -0.060563883533726312 0.15373114114179137 0.11837899875800857 -0.071190033634479177 -0.13915894922534272 -0.0018611172775076248 0.088453506088299036 0.026897431902627604 0.0022676755321125925 -0.024460600456423887 -0.066906882500834472 0.063136346716543668 0.0087516661844378868
leaf_weight=491.66275573920007 25.797205519031877 14.510712899616918 61.17666741608241 971.26010698113919 1.0502006085298483 11.860109601188013 110.03484538839257 2.6180617379723117 35.46703512275964 376.80502074159995 67.617296787955638 2.2585233871216124 6.6889542198650807 114.09067899681577 52.379535814073506 0.076589228207012972 2.0538526641903445 0.18911353559815325 0.78165232148603436 3.8058316759670552 19.152103694541442 2.4252350064853081 638.0577006967178 3.7157626733533098 137.6893074155596 100.70192679138516 29.229029808786436 8.8783455495504295 2.3528668366197953 185.02622225073173
leaf_count=67467 279360 2359 690273 125782 1758 126 1193 30 389531 19145 13382 8474 6119 30054 6727 35 170 88 22 471 5190 110 36705 253 43004 36571 8150 652 124 10207
internal_value=-0.000200302 0.00163233 -0.002233 -0.00499841 -0.044042 0.00243692 0.00158625 0.0391066 0.00131691 -0.0042915 -0.00101995 0.00331989 -0.0491263 0.0189898 0.000549196 0.0979847 0.180157 0.616941 -0.0264911 0.00102216 -0.00266534 0.00590727 -0.00336236 -0.0452498 0.00661184 -0.00632127 0.011461 0.0218776 -0.0396637 0.0042208
internal_weight=3479.41 1829.75 1649.66 1036.11 64.8449 613.558 601.698 3.66826 1815.24 477.69 445.204 1337.55 32.4862 171.048 56.9576 4.57808 2.31956 0.265703 68.3989 1166.5 664.731 501.77 660.926 22.8679 499.345 136.169 363.176 148.921 11.2312 214.255
internal_count=1783532 896903 886629 817843 692061 68786 68660 1788 894544 318028 32549 576516 285479 45548 15494 8767 293 123 13404 530968 42619 488349 42148 5443 488239 426102 62137 43780 776 18357
is_linear=0
shrinkage=0.06


Tree=151
num_leaves=31
num_cat=0
split_feature=3 9 1 1 1 4 4 1 8 10 4 12 4 3 10 1 9 10 2 9 9 12 2 8 10 10 9 8 2 1
split_gain=3.31149 12.1957 5.38104 19.266 5.49625 4.20426 16.2272 14.6731 11.673 8.54111 10.054 9.71781 17.6761 14.8864 23.9934 15.6715 10.5364 8.84033 7.33343 7.32171 8.0367 9.3816 7.25996 7.10312 6.80947 14.9563 7.72351 6.73227 10.2571 6.57642
threshold=0.99450549483299266 0.68100523948669445 0.88273492455482494 0.88989898562431347 0.79277813434600841 1.0000000180025095e-35 0.21164613962173465 0.21132376790046695 0.21980676054954532 0.87737199664115917 0.13484849035739901 0.55000001192092907 0.16108107566833499 0.17712418735027316 0.75490951538085949 0.1490740776062012 0.33775009214878088 0.78024387359619152 0.17467582225799563 0.81364238262176525 0.65232810378074657 1.0000000180025095e-35 0.57932874560356151 0.56696429848670971 0.78024387359619152 0.8916430175304414 0.51915737986564647 0.3514705896377564 0.76533168554306041 0.1490740776062012
decision_type=2 2 2 2 2 2 2 2 2 2 2 2 2 2 2 2 2 2 2 2 2 2 2 2 2 2 2 2 2 2
left_child=5 2 4 -4 -2 19 7 8 -7 10 -10 12 13 -12 -15 -16 -14 -18 29 20 21 24 -21 -20 26 27 -1 28 -26 -19
right_child=1 -3 3 -5 -6 6 -8 -9 9 -11 11 -13 16 14 15 -17 17 18 23 22 -22 -23 -24 -25 25 -27 -28 -29 -30 -31
leaf_value=0.039789316212136029 0.011872497319379699 0.060243788979153348 -0.43731367696514117 0.00049101042938811963 0.067356882175457364 -0.094454617119182654 -0.00059086573053763873 -0.039109422138934431 -0.02063975015200625 -0.014791067258230848 0.1112597615610391 0.010208625199360975 0.74489368236584286 -0.060414639224373942 0.86193766103167158 0.34192837375006646 -0.046739649948275293 0.018614220148759578 -0.06236219738877577 0.01253767477125188 -0.0096258332484822698 -0.0011588875744028178 0.07738538639602327 0.22820540204099055 0.034098714099767051 0.012956909502635708 -0.032168543647217461 0.11854745543011146 0.32935726837696799 0.25181188340499006
leaf_weight=8.9153890912384686 27.855481654172763 14.185860339406643 0.36241832378436711 231.97585740663635 8.3551061335601826 4.6012065759799148 2472.6049999750758 77.320357584514284 10.568215882540246 38.597170304739848 2.4955699560596263 10.581939963922196 0.074355540880787774 0.3470725303632205 0.32261051889508963 0.59055891190655529 3.1662958158849506 0.66619538911618326 1.3757425626390611 142.16878505144268 181.57198678318673 159.55097260076946 6.4992076243506736 0.38837087620049704 10.002429715328617 35.933900223579258 13.502594765412139 8.4867912390618567 0.44229496526531953 1.2564149181125683
leaf_count=25538 1896 22827 23 14825 704 11700 1605132 73308 1143 512 287 131 16 296 13 42 1306 33 124 3976 4014 7187 139 5 874 414 6561 456 8 42
internal_value=-0.000198515 0.00602512 0.00316106 -0.00019191 0.0246748 -0.000749774 -0.00176187 -0.0207667 -0.00186453 0.00418435 0.0271916 0.0509625 0.0913302 0.196146 0.36424 0.525641 0.0345023 0.0267945 0.0899484 0.00393516 -0.000128779 0.00715225 0.0153726 0.00160647 0.0243105 0.035695 -0.00355168 0.0788543 0.0466018 0.171008
internal_weight=3474.77 282.735 268.549 232.338 36.2106 3192.03 2624.96 152.352 75.0317 70.4305 31.8333 21.2651 10.6832 3.75581 1.26024 0.913169 6.92738 6.85302 3.68672 567.074 418.406 236.834 148.668 1.76411 77.2834 54.8654 22.418 18.9315 10.4447 1.92261
internal_count=1783532 40275 17448 14848 2600 1743257 1694090 88958 15650 3950 3438 2295 2164 638 351 55 1526 1510 204 49167 45052 41038 4115 129 33851 1752 32099 1338 882 75
is_linear=0
shrinkage=0.06


Tree=152
num_leaves=31
num_cat=0
split_feature=8 2 8 3 1 10 2 2 2 1 0 1 10 10 13 8 8 14 10 3 2 2 1 12 14 3 2 12 2 8
split_gain=3.35547 6.12563 4.43498 7.4669 3.57613 27.7094 16.8272 14.3246 12.2352 11.4089 10.944 8.27372 7.93417 7.72621 7.29838 6.56435 16.4546 34.473 63.564 15.8861 29.7734 6.27786 7.06985 7.82143 6.25495 6.00022 5.84128 5.39352 16.8652 54.0114
threshold=0.93095237016677868 0.87026646733284008 0.93933823704719555 0.77836257219314586 0.43714080750942236 0.62612760066986095 0.33489097654819494 0.59675306081771862 0.46841755509376531 0.54446640610694896 0.095454547554254546 0.33508773148059851 0.82397845387458812 0.94461485743522655 1.0000000180025095e-35 0.22902098298072818 0.23303167521953586 2.5000000000000004 0.59776359796524059 0.45035210251808172 0.4654348641633988 0.46085773408412939 0.45499551296234136 0.90000000596046459 2.5000000000000004 0.60397014021873485 0.19139194488525393 0.35416667163372045 0.19139194488525393 0.28174604475498205
decision_type=2 2 2 2 2 2 2 2 2 2 2 2 2 2 2 2 2 2 2 2 2 2 2 2 2 2 2 2 2 2
left_child=4 -2 3 -3 5 14 11 -8 9 21 12 13 -9 -7 26 -16 17 18 -17 27 -21 -6 23 -23 -12 -26 -1 28 29 -18
right_child=1 2 -4 -5 8 6 7 10 -10 -11 24 -13 -14 -15 15 16 19 -19 -20 20 -22 22 -24 -25 25 -27 -28 -29 -30 -31
leaf_value=-0.12681660780655304 0.0047633056146814878 -0.67906623230379859 0.051350607598145456 0.060891993263506534 0.0012042291825804473 0.0062736982925595385 -0.033561440805689062 0.19787280553236328 4.5319803862086357e-05 0.069881673106564138 0.054188109539533263 -0.033766303591819424 0.047154474836435513 -0.0067592010817281245 -0.043201516637446105 7.0918455855217095 -0.060042376104845432 -0.060058378669592086 -0.060036007728148037 2.909627130538937 -0.060343969935505094 0.17326944244037662 0.037771782653011031 0.83617058961840673 -0.021480651823883069 -0.18789602181189119 -0.052957557652183136 0.017898064330492264 -0.060045302896762069 4.6833964249926909
leaf_weight=4.4172523410716158 104.63907309534261 0.0807407458778443 13.671747812943067 0.12525397868012078 32.766613843145478 557.61673957974926 89.463231081645063 1.7678903980195197 2341.6247480180955 16.841570670263536 3.6748683322512061 23.386200295310118 4.3544647697126493 231.83329508663155 2.5710756670596302 0.0083894156414315857 0.027277768203930131 0.029280795752129052 0.0095852048980304971 0.020201436040224396 0.030493679245410021 0.89182901075673626 3.6117819695136859 0.069035407605042565 6.3450832699163584 0.88929712155368168 30.274605631704617 1.6679069462988991 0.082313229529972887 0.012649035837966949
leaf_count=34452 4802 9 15506 110 106679 42124 26880 170 993940 10287 295 6851 81 3991 13410 41 57 64 26 17 34 954 14578 12 211 41 506687 911 293 19
internal_value=-0.000191037 0.00973093 0.0471872 -0.229139 -0.00054161 -0.00363897 -0.0015337 -0.0239601 0.000697541 0.0288857 0.0264739 0.00140452 0.0906759 0.0024464 -0.0530742 0.0191827 0.104133 1.20965 3.27801 0.0757539 1.12316 0.0103948 0.0762525 0.220897 -0.00955682 -0.0419375 -0.0623619 0.0460925 0.430793 1.44271
internal_weight=3472.8 118.517 13.8777 0.205995 3354.29 958.482 919.331 106.495 2395.81 54.1808 17.0316 812.836 6.12236 789.45 39.151 4.45917 1.8881 0.0472554 0.0179746 1.84084 0.0506951 37.3393 4.57265 0.960864 10.9092 7.23438 34.6919 1.79015 0.12224 0.0399268
internal_count=1783532 20427 15625 119 1763105 636655 80644 27678 1126450 132510 798 52966 251 46115 556011 14872 1462 131 67 1331 51 122223 15544 966 547 252 541139 1280 369 76
is_linear=0
shrinkage=0.06


Tree=153
num_leaves=31
num_cat=0
split_feature=14 9 8 10 10 8 1 8 8 9 3 6 6 9 9 10 1 8 10 9 10 3 2 1 3 1 2 8 8 1
split_gain=3.71961 6.04471 28.2588 14.334 9.11321 7.59593 8.78561 6.29555 6.07737 5.76249 5.74072 5.67681 6.67392 5.65469 5.91824 8.23398 11.8092 35.5994 104.491 5.71055 6.10972 5.50106 5.16277 5.12737 5.34965 5.09604 11.937 8.22076 5.06407 13.501
threshold=2.5000000000000004 0.27130751311779028 0.24404761940240863 0.55190372467041027 0.56615138053894054 0.35857143998146063 0.93978244066238414 0.22474747896194461 0.32666666805744177 0.99794238805770885 0.99450549483299266 3.5000000000000004 2.5000000000000004 0.28496241569519049 0.66028577089309703 0.6681957244873048 0.25176055729389196 0.21240601688623431 0.66192114353179943 0.28633540868759161 0.92762354016304027 0.92422503232955944 0.97700846195220958 0.72255688905715953 0.89009663462638866 0.94609123468399059 0.97700846195220958 0.26491229236125952 0.16333333402872088 0.54446640610694896
decision_type=2 2 2 2 2 2 2 2 2 2 2 2 2 2 2 2 2 2 2 2 2 2 2 2 2 2 2 2 2 2
left_child=1 11 3 -3 23 6 -6 13 -8 25 -7 12 -1 -5 19 16 17 18 -16 -15 -21 -9 -10 -4 -25 28 -27 -28 29 -2
right_child=9 2 4 7 5 10 8 21 22 -11 -12 -13 -14 14 15 -17 -18 -19 -20 20 -22 -23 -24 24 -26 26 27 -29 -30 -31
leaf_value=0.0045252162334877433 -0.031677874571390978 -0.063034455874595982 -0.022651669506133714 0.13510708703993585 -0.012942257081097195 -0.0009001701038114829 -0.03514891638426533 -0.053367280359898142 -0.019267636954892559 0.03996987914198135 0.052353737611784606 0.043986151575803469 -0.011806803028405113 -0.41972000106821605 -0.060041354743844311 0.0036238361543898204 0.15003637077227347 -0.060584824889864775 9.468272333626393 -0.021134144396325646 0.099625813516717454 -0.24966497933409759 -0.22064477598194385 0.15442192282215381 0.03766407225081865 0.055969034411708911 0.001742882048218147 0.06123476027250549 0.0031370146048951162 -0.0011439369387378857
leaf_weight=491.3060608760818 56.647115588007409 41.023650790523448 1.8650288214854516 0.9696477515535652 121.13969347082275 801.41942054484389 2.9415713311173013 6.5953253646657677 0.63186801772098999 13.937251143142928 7.354152860629255 11.556019766954703 110.29631579159104 0.12694332384125928 0.012114254164770411 2.9302694725411129 1.125524519882674 0.034987392165930942 0.0062970293947728342 41.034176587282673 1.5658204443752755 0.55738135892897833 1.6686341717140749 2.6430129201617092 3.0349108926020563 19.078127627988579 134.31190567117301 8.9169207639497454 937.98308401099212 653.99568068749318
leaf_count=67467 521030 655437 5825 53 40579 48174 141 3106 25 2359 13573 126 1193 15 41 835 355 12 17 49392 33 8 143 54 25 2587 6216 12091 81849 270771
internal_value=-0.000330158 -0.00239292 -0.00518161 -0.0361971 -0.00202372 -0.00255354 -0.0162331 -0.0161644 -0.0922809 0.00153701 -0.000415934 0.00233108 0.00153094 -0.00830939 -0.0112785 0.0574963 0.191399 1.06323 3.19883 -0.0178928 -0.0166954 -0.068664 -0.165333 0.0636621 0.0920136 0.00124123 0.0113852 0.00544664 0.000242551 -0.00357787
internal_weight=3476.71 1651.84 1038.68 95.9821 942.698 935.155 126.382 54.9585 5.24207 1824.87 808.774 613.158 601.602 47.8058 46.8361 4.10919 1.17892 0.0533987 0.0184113 42.7269 42.6 7.15271 2.3005 7.54295 5.67792 1810.93 162.307 143.229 1648.63 710.643
internal_count=1783532 886629 817843 709304 108539 102635 40888 53867 309 896903 61747 68786 68660 50753 50700 1260 425 70 58 49440 49425 3114 168 5904 79 894544 20894 18307 873650 791801
is_linear=0
shrinkage=0.06


Tree=154
num_leaves=31
num_cat=0
split_feature=1 10 9 8 3 2 2 1 10 1 0 11 3 8 8 6 0 2 2 1 9 0 11 9 1 3 10 10 8 9
split_gain=4.72106 43.2254 16.9656 22.1693 15.5342 16.6056 10.2363 11.6364 9.57635 8.61506 8.10967 7.88388 18.0172 12.3701 10.023 8.42681 12.2823 14.8067 9.47707 13.908 8.81231 8.29757 8.09874 7.65205 7.58752 12.7436 7.21701 7.67098 7.20788 13.6143
threshold=0.43714080750942236 0.6681957244873048 0.66028577089309703 0.20344828069210055 0.33508773148059851 0.61311829090118419 0.46841755509376531 0.58885449171066295 0.99758455157279979 0.34525330364704138 0.41428571939468389 4.5000000000000009 0.89512962102890026 0.74166667461395275 0.5419580638408662 1.5000000000000002 0.91666665673255932 0.77032968401908886 0.99450549483299266 0.86616915464401256 0.96677702665328991 0.91666665673255932 7.5000000000000009 0.91364291310310375 0.33508773148059851 0.33150184154510504 0.6062217950820924 0.60221165418624889 0.078461539000272765 0.39747571945190435
decision_type=2 2 2 2 2 2 2 2 2 2 2 2 2 2 2 2 2 2 2 2 2 2 2 2 2 2 2 2 2 2
left_child=1 2 26 -4 24 -6 7 -2 11 -7 -10 13 14 -8 21 -16 18 -18 -17 22 -19 -13 -20 -24 25 -3 27 -1 29 -28
right_child=6 4 3 -5 5 9 8 -9 10 -11 -12 12 -14 -15 15 16 17 20 19 -21 -22 -23 23 -25 -26 -27 28 -29 -30 -31
leaf_value=-0.050238385888012618 0.011180879700779116 0.0021255096772360427 -0.2605539943229212 -0.0014601528218243956 -0.030156475159629739 -0.10361039807783426 0.0003680950547014127 0.075247337929516031 0.0033561687293490851 0.061662273669501236 0.047847047392753611 -0.055277583333046908 0.043734368707529753 0.050331454633976168 0.0010585218036917917 -0.027983729992098499 -0.36016698879972264 0.016532809807722731 -0.039607783527574353 -0.26205974951431021 -0.091356205991721076 0.023969896389178572 -0.27368766277026879 -0.062352157645827251 -0.028957490827891282 0.070373653779937206 0.10736002087601888 -0.1503623906953292 -0.019484894666706651 1.1880995146129798
leaf_weight=35.585025730744746 44.543299508340169 835.36300957533967 2.9945477060755357 1.9716778863039506 98.174830781696073 1.2683821003593028 2079.5319173949456 13.23961255188078 31.609452281234553 10.831735253319492 27.651113588406588 33.633079101375188 19.356937835356803 17.993494259411818 93.773095230921172 17.229494080180302 0.40589470043778675 25.109103473951112 7.2451806231401878 1.6086105101276178 3.0573002256569444 5.5399057725880985 1.2042103871935981 1.264406847534701 27.744794414371427 9.9669931761382013 0.33017435831789299 2.9858599142662561 21.664983511014725 0.048071265926409978
leaf_count=537783 129392 33786 868 1701 16343 44 957546 3328 3785 518 21565 2143 11458 6051 3979 984 3 2928 411 94 221 241 55 40 4645 1172 71 3652 38512 213
internal_value=-0.000545775 -0.00390869 -0.0510731 -0.157689 -0.000763257 -0.0219825 0.000909451 0.0258602 0.000300153 0.0443377 0.0241157 -0.000311616 -0.011412 0.000796703 -0.0170282 -0.010008 -0.0281745 -0.000362911 -0.056006 -0.0986481 0.00482208 -0.0440703 -0.071587 -0.165443 0.00191686 0.0029302 -0.0423379 -0.0579892 -0.0149515 0.244711
internal_weight=3472.93 1048.93 65.5803 4.96623 983.35 110.275 2424 57.7829 2366.21 12.1001 59.2606 2306.95 209.427 2097.53 190.07 150.897 57.1242 28.5723 28.5519 11.3224 28.1664 39.173 9.7138 2.46862 873.075 845.33 60.6141 38.5709 22.0432 0.378246
internal_count=1783532 639308 582800 2569 56508 16905 1144224 132720 1011504 562 25350 986154 22557 963597 11099 8715 4736 3152 1584 600 3149 2384 506 95 39603 34958 580231 541435 38796 284
is_linear=0
shrinkage=0.06


Tree=155
num_leaves=31
num_cat=0
split_feature=4 10 0 0 4 8 0 10 10 9 8 4 4 8 10 11 8 9 8 0 9 10 10 11 10 8 4 11 11 4
split_gain=4.7924 42.5032 17.6603 14.2493 21.7788 16.4066 15.0763 13.9577 13.6622 11.4805 16.9903 10.8314 9.83812 9.74787 8.87947 6.9258 11.4356 11.0234 10.7616 10.4126 10.8697 16.829 9.63714 9.51196 9.4047 15.3609 13.9033 12.4464 12.1149 10.7807
threshold=0.35948719084262853 0.67936623096466076 0.23611111193895343 1.0000000180025095e-35 0.59824562072753917 0.17752101272344592 0.23611111193895343 0.99758455157279979 0.52957075834274303 0.66028577089309703 0.20344828069210055 1.0000000180025095e-35 0.47913043200969702 0.075498577207326903 0.52685546875000011 2.5000000000000004 0.45804196596145635 0.84521561861038219 0.39444445073604589 0.73214286565780651 0.48157843947410589 0.70241516828536998 0.91772764921188366 8.5000000000000018 0.73192510008811962 0.16333333402872088 0.67136150598526012 1.5000000000000002 1.5000000000000002 0.92940199375152599
decision_type=2 2 2 2 2 2 2 2 2 2 2 2 2 2 2 2 2 2 2 2 2 2 2 2 2 2 2 2 2 2
left_child=1 9 11 4 5 -2 -5 15 12 -1 -11 -3 -7 -6 -14 18 19 -18 24 -17 -21 -22 23 -19 25 28 -26 -27 -8 -29
right_child=3 2 -4 6 13 8 7 -9 -10 10 -12 -13 14 -15 -16 16 17 22 -20 20 21 -23 -24 -25 26 27 -28 29 -30 -31
leaf_value=-0.04373295902695265 -0.060794607346705519 0.0036858807890534692 0.072742138779433058 -0.059510606895443345 -0.042998936201825981 -0.060026224085833614 0.00097492450113518105 0.03883701763852393 0.0076220154823973601 -0.22112199338285013 -0.013451526907778125 -0.0092207046826910111 0.49922987234795918 0.047303974870069244 1.5849006013552851 -0.02829069647730189 0.012489396504874484 -0.034497678460934759 0.039351999785601187 0.037662681857493698 -0.075555285066511296 0.0019865633039432003 -0.0019668616010882043 -0.29901713755214759 0.0254450058045123 0.080054512188573526 -0.024377768830814012 0.043465881800057393 -0.042681064263745405 -0.00071394264548432708
leaf_weight=56.482391622869272 13.428157826124957 556.45380656869384 11.597575991050688 15.527328972684698 4.5859746790900422 0.078438428853131792 1365.2099988249402 32.517261816596147 158.16848340310753 3.3198563360274411 2.4760290447520674 404.04995507794956 0.10615680323371635 69.833187770686891 0.036426142858545063 128.08484295868402 144.74456478122738 34.855433871925925 26.066878482903121 19.87105435095873 12.512689412145845 51.741307745425729 104.40344534936594 0.49636145905242202 24.890128122846363 12.824667272962868 106.17636402303469 32.659651641833079 23.274280304734475 50.830291392763684
leaf_count=426921 248517 14629 1183 232197 26020 1005 664969 23399 18381 972 2011 40363 113 7208 8 8286 18787 4624 1764 1244 785 4048 17574 76 708 646 4505 2961 7949 1679
internal_value=-0.000512264 -0.00393329 -0.000854819 0.000942216 0.0146258 0.00288226 -0.000598659 -0.000177343 0.00828074 -0.0519851 -0.132404 -0.00174346 0.479683 0.0417392 0.77659 -0.000770542 -0.00697843 0.000884264 0.00110744 -0.0175196 -0.00111994 -0.0131138 -0.0111352 -0.0382117 0.000490484 0.00185047 -0.0149162 0.0250218 0.000243147 0.0165684
internal_weight=3467.3 1034.38 972.101 2432.92 246.237 171.818 2186.69 2171.16 158.39 62.2783 5.79589 960.504 0.221021 74.4192 0.142583 2138.64 496.71 284.5 1641.93 212.21 84.1251 64.254 139.755 35.3518 1615.87 1484.8 131.066 96.3146 1388.48 83.4899
internal_count=1783532 486079 56175 1297453 301252 268024 996201 764004 19507 429904 2983 54992 1126 33228 121 740605 55424 41061 685181 14363 6077 4833 22274 4700 683417 678204 5213 5286 672918 4640
is_linear=0
shrinkage=0.06


Tree=156
num_leaves=31
num_cat=0
split_feature=4 10 0 1 4 0 2 4 4 8 10 9 2 1 11 1 2 1 1 2 9 0 2 4 6 2 11 9 1 12
split_gain=4.2477 38.6831 15.9797 20.4787 18.5195 12.65 27.8619 19.8503 17.0847 15.1562 12.7224 12.3065 11.0323 27.1394 10.5208 10.0749 9.75771 9.78278 9.17867 16.0795 12.8864 12.8852 17.8873 12.5823 10.1235 16.4764 8.95811 11.2826 16.9581 28.8228
threshold=0.35948719084262853 0.67936623096466076 0.23611111193895343 0.29679679870605474 1.0000000180025095e-35 1.0000000180025095e-35 0.61938297748565685 0.59824562072753917 0.50373134016990673 0.17752101272344592 0.99758455157279979 0.99794238805770885 0.65030118823051464 0.62102442979812633 3.5000000000000004 0.26365442574024206 0.82446312904357921 0.82574188709259044 0.67028987407684337 0.83225107192993175 0.85990655422210704 0.38750000298023229 0.78830561041831981 0.68356868624687206 1.5000000000000002 0.77032968401908886 8.5000000000000018 0.91364291310310375 0.83609226346015941 0.90000000596046459
decision_type=2 2 2 2 2 2 2 2 2 2 2 2 2 2 2 2 2 2 2 2 2 2 2 2 2 2 2 2 2 2
left_child=1 -1 3 -3 14 7 8 9 -7 -2 18 -10 13 -6 -5 -9 -17 -18 19 21 -20 22 -8 -22 -25 -26 -27 28 29 -28
right_child=5 2 -4 4 12 6 10 15 11 -11 -12 -13 -14 -15 -16 16 17 -19 20 -21 23 -23 -24 24 25 26 27 -29 -30 -31
leaf_value=-0.050201784912041664 -0.060228124491475646 0.0025304739157804854 0.070024265360879925 0.081089951585539125 -0.027855462863303954 0.0066996257276405371 -0.019070661931516412 -0.56549930893488642 -0.05937315603851627 0.0077370853408879796 0.039121134437844991 -0.9038702372038272 -0.067878327488818099 0.093643911311373729 -0.00075836190352628172 0.049525645805752666 -0.1581862752470404 0.010237297364949589 -0.00034805628533951863 -0.0041669985181385701 -0.07937463729283592 0.031289705771428616 0.069457744374983296 0.02325541570567001 -0.23176267085408353 -0.014413419614671213 -0.13853574207132391 -0.022810644781675719 -0.071795823455501895 -0.83474789410775185
leaf_weight=60.636003883030298 12.761556891034557 782.23053580176929 11.333175625608417 8.7199039918486978 123.9936786666367 19.698938555120264 45.710851864853339 0.098778862487974517 43.770221160365338 158.73499101906418 30.44079648902698 0.062209744239224984 21.35509012969851 6.9916111804486709 16.078214417851996 63.051219166348389 1.4584655172602641 8.3470683137129509 1602.6209660836366 178.90062597603719 11.829451941885052 130.94098575171392 10.016915481333852 20.970207883918192 1.341450513806193 81.31992358485877 0.59438262085313853 3.9763414912304142 1.740410887141479 0.33456512066186406
leaf_count=429904 248517 28221 1183 387 23261 214934 212280 41 236385 19507 23355 9 2293 315 515 31587 134 1466 193775 40590 574 40398 14672 3353 21 14299 46 953 465 92
internal_value=-0.000482548 -0.00370863 -0.000804379 -0.00164109 -0.0200624 0.000887382 -0.000561228 0.0138312 -0.0397131 0.0026796 0.000611654 -0.0605717 -0.0278897 -0.0213702 0.0280224 0.0400454 0.0408664 -0.0148139 5.08436e-05 0.00868684 -0.00177962 0.0210058 -0.00315792 -0.0205686 -0.0142604 -0.0230696 -0.019887 -0.0868649 -0.182282 -0.38928
internal_weight=3460.06 1031.34 970.702 959.369 177.138 2428.72 2184.27 244.452 63.5314 171.497 2120.74 43.8324 152.34 130.985 24.7981 72.9555 72.8568 9.80553 2090.3 365.569 1724.73 186.669 55.7278 122.107 110.277 89.3071 87.9656 6.6457 2.66936 0.928948
internal_count=1783532 486079 56175 54992 26771 1297453 996201 301252 451328 268024 544873 236394 25869 23576 902 33228 33187 1600 521518 307940 213578 267350 226952 19803 19229 15876 15855 1556 603 138
is_linear=0
shrinkage=0.06


Tree=157
num_leaves=31
num_cat=0
split_feature=14 9 8 10 4 9 9 10 9 11 8 8 11 3 13 9 9 10 3 12 10 10 8 3 8 10 9 10 9 9
split_gain=4.20645 6.36929 35.5649 10.6291 15.8301 11.9242 10.4682 7.80632 6.47582 12.8229 9.6335 6.27271 6.14275 8.12926 6.40616 20.232 13.5655 12.2452 13.3222 11.9085 10.3847 9.34969 7.55584 7.72547 12.3286 13.5177 26.1989 12.4145 7.35632 14.6971
threshold=2.5000000000000004 0.27130751311779028 0.24404761940240863 0.69452759623527538 0.69028213620185863 0.66028577089309703 0.62755528092384349 0.56615138053894054 0.41797162592411047 3.5000000000000004 0.21980676054954532 0.35857143998146063 5.5000000000000009 0.90595519542694103 1.0000000180025095e-35 0.47491006553173071 0.50116279721260082 0.90422871708869945 0.57804551720619213 0.90000000596046459 0.7214152216911317 0.97845596075057995 0.74166667461395275 0.90054944157600414 0.58578431606292736 0.8916430175304414 0.84521561861038219 0.87737199664115917 0.60248687863349926 0.56212684512138378
decision_type=2 2 2 2 2 2 2 2 2 2 2 2 2 2 2 2 2 2 2 2 2 2 2 2 2 2 2 2 2 2
left_child=1 -1 3 4 5 -3 -6 -4 9 10 -5 -9 14 -14 16 20 -13 -17 19 -19 -16 22 23 -18 28 26 -26 -28 29 -25
right_child=-2 2 7 8 6 -7 -8 11 -10 -11 -12 12 13 -15 15 17 21 18 -20 -21 -22 -23 -24 24 25 -27 27 -29 -30 -31
leaf_value=0.0021925353805442929 0.0015408065157810032 -0.069343164495444767 0.058665526746663678 0.061348628649078626 -0.035539662319274523 -0.18314831672361187 0.073122817334877521 -0.014962879915614194 -0.031345366574577489 0.4181945671558232 -0.074773755071694523 0.044694787262656244 -0.0093932642550377584 0.060446647201275031 0.18256632154545605 0.037289568802710442 -0.0089405913955002674 -0.037403258576839772 0.045014756543953434 0.0091855533636592494 -0.057233534285936 0.023277805231469623 0.033810938645989455 0.061822285458485796 -0.011477779464793936 -0.0643565316222168 -0.74932075204291637 -0.29077496548156195 0.021126633198567134 -0.47247522523442836
leaf_weight=612.66168269520085 1812.1451293448936 29.68116055774442 7.5789661832947095 6.3023715860617813 35.338408675345363 3.7310779171457389 3.5085271080606608 125.26488380802584 13.403300435180425 0.30235770219587799 2.662307853490347 20.878289353720902 267.34003972503706 6.1376741056446908 0.67477000027429568 69.716697101612226 234.28262265054218 27.983224904281087 24.601476353316684 67.1426661661244 17.802267865175963 36.176583044609288 13.895813500421353 0.41496794787235369 0.81335330969886832 6.1238290329056326 0.36887042288435623 0.50156550598330796 6.8504554611281492 0.33493385626934469
leaf_count=68786 896903 611671 5904 637 91984 727 99 40888 4013 23 150 1820 12725 7892 82 4982 13045 383 14304 1330 577 2327 825 36 80 663 28 22 603 23
internal_value=-0.000452443 -0.0026516 -0.0055335 -0.0405248 -0.0517704 -0.0820516 -0.0257256 -0.00198042 -0.00468083 0.0338852 0.0209233 -0.00247609 -0.000525865 -0.00782584 0.00325114 0.0114539 -0.00206801 0.0172991 0.00565876 -0.0045195 -0.0484762 -0.005325 -0.00925067 -0.0116471 -0.0528009 -0.105754 -0.256315 -0.485096 0.00159642 -0.176815
internal_weight=3454.62 1642.48 1029.81 94.9295 72.2592 33.4122 38.8469 934.884 22.6703 9.26704 8.96468 927.305 802.04 273.478 528.562 207.921 320.641 189.444 119.727 95.1259 18.477 299.763 263.586 249.691 15.408 7.80762 1.68379 0.870436 7.60036 0.749902
internal_count=1783532 886629 817843 709304 704481 612398 92083 108539 4823 810 787 102635 61747 20617 41130 21658 19472 20999 16017 1713 659 17652 15325 14500 1455 793 130 50 662 59
is_linear=0
shrinkage=0.06


Tree=158
num_leaves=31
num_cat=0
split_feature=14 9 8 10 4 9 9 10 1 9 10 9 9 8 1 9 6 6 9 9 3 1 8 4 3 2 3 1 6 9
split_gain=3.71277 5.63523 32.433 9.99444 15.0364 9.72852 8.63516 6.88158 5.76604 6.86435 8.58344 10.8138 10.7234 5.58988 7.05176 5.22781 5.15621 5.9431 5.06138 5.55439 4.93216 4.84122 4.76195 4.7454 5.67496 4.65442 5.10267 4.52717 7.94957 4.43065
threshold=2.5000000000000004 0.27130751311779028 0.24404761940240863 0.69452759623527538 0.69028213620185863 0.66028577089309703 0.66028577089309703 0.56615138053894054 1.0000000180025095e-35 0.41797162592411047 0.7117014229297639 0.57207792997360241 0.47491006553173071 0.35857143998146063 0.90682172775268566 0.99794238805770885 3.5000000000000004 2.5000000000000004 0.54244148731231701 0.72240144014358532 0.99450549483299266 0.88989898562431347 0.16333333402872088 0.99122807383537304 0.7897985875606538 0.84292763471603405 0.85880398750305187 0.91331186890602123 2.5000000000000004 0.32735316455364233
decision_type=2 2 2 2 2 2 2 2 2 2 2 2 2 2 2 2 2 2 2 2 2 2 2 2 2 2 2 2 2 2
left_child=1 16 3 4 6 -6 -3 25 9 22 11 12 -11 14 -9 -2 17 -1 -16 27 29 23 -5 24 -19 -4 -27 -20 -29 -15
right_child=15 2 7 8 5 -7 -8 13 -10 10 -12 -13 -14 20 18 -17 -18 21 19 -21 -22 -23 -24 -25 -26 26 -28 28 -30 -31
leaf_value=0.0041375053093559641 0.0011710507159808994 -0.068952081540122834 -0.023399432896802162 -0.063932819138993568 -0.030258087563927387 0.14266503180353604 -0.16414859782845981 -0.0096658085646673629 -0.024503609189523372 -0.060271424189417139 -0.062591898154921721 -0.060684521828803066 0.87785737489347193 -0.11435583119806887 0.0052613034692952027 0.038893137276057303 0.042298484204777852 0.12217686502429038 -0.26085554389510779 0.0020633992018804369 0.051375640380542494 0.0020042892451911758 0.1242071673500755 -0.030149792557496915 -0.0049431501411766774 0.15666450436881804 0.038449050694142964 -0.12896990087101357 0.062597374347791654 -0.00072875595842557738
leaf_weight=490.92296772783334 1798.7476984792377 28.106467144535259 2.0047336332364685 0.57056430890225174 36.779855806302976 1.2097563140850969 3.907139191080204 113.50842117823777 15.746492681006201 0.066776028019376432 2.7375022605992854 0.21599879744462669 0.12784077494870871 1.2373222740279732 3.1125622044783077 13.324040818275533 11.254318462175432 1.5539036049813129 0.66775387967936506 1.9900327129289506 6.5495405392284729 52.207072254721425 3.203749414999038 49.934413392118586 6.7827038089308189 2.1141898123460123 3.475026085274294 4.4238834228599444 0.94672314880881447 793.58778047383385
leaf_count=67467 894544 611671 5832 48 92056 27 727 40464 4042 21 438 73 41 28 68 2359 126 31 11 177 13573 575 160 520 67 40 32 111 57 48146
internal_value=-0.000423218 -0.00249256 -0.00521086 -0.0390656 -0.0502784 -0.0247515 -0.0805705 -0.00185039 -0.00443987 0.0411992 -0.0242214 0.231588 0.555971 -0.00231687 -0.0141368 0.00144842 0.00206101 0.00130802 -0.0596888 -0.0848696 -0.000478353 -0.0112651 0.095766 -0.0231537 0.0187514 0.0550333 0.0831655 -0.11352 -0.0952007 -0.000905642
internal_weight=3451.02 1638.95 1026.29 92.6721 70.0032 37.9896 32.0136 933.618 22.6689 6.92243 3.14812 0.410616 0.194617 926.024 124.649 1812.07 612.655 601.401 11.141 8.02839 801.375 110.478 3.77431 58.271 8.33661 7.59395 5.58922 6.03836 5.37061 794.825
internal_count=1783532 886629 817843 709304 704481 92083 612398 108539 4823 781 573 135 62 102635 40888 896903 68786 68660 424 356 61747 1193 208 618 98 5904 72 179 168 48174
is_linear=0
shrinkage=0.06


Tree=159
num_leaves=31
num_cat=0
split_feature=4 10 0 1 4 0 4 8 3 0 10 1 9 1 4 4 9 4 0 3 0 1 12 3 8 4 3 3 3 1
split_gain=3.37862 31.8603 14.4809 18.6003 16.4903 11.4451 17.803 13.3551 13.5214 13.3082 11.4423 9.6368 17.759 9.62044 10.5005 16.5516 26.4668 36.0139 42.2067 92.7457 244.202 8.89231 10.1661 10.455 8.63512 8.614 8.06326 8.69405 15.8084 23.0435
threshold=0.35948719084262853 0.67936623096466076 0.23611111193895343 0.29679679870605474 1.0000000180025095e-35 1.0000000180025095e-35 0.59824562072753917 0.17752101272344592 0.4976190477609635 0.23611111193895343 0.99758455157279979 0.32466214895248419 0.30163164436817175 0.43714080750942236 0.47165775299072271 0.4654348641633988 1.0000000180025095e-35 0.46737588942050939 0.38750000298023229 0.55834907293319713 0.30952382087707525 0.51899951696395885 0.15476191043853763 0.62115561962127697 0.075498577207326903 0.2828571498394013 0.66312056779861461 0.46085773408412939 0.39369101822376257 0.51316702365875255
decision_type=2 2 2 2 2 2 2 2 2 2 2 2 2 2 2 2 2 2 2 2 2 2 2 2 2 2 2 2 2 2
left_child=1 -1 3 25 -5 6 7 -2 11 -7 13 12 -9 -11 15 -15 17 18 19 20 -17 22 23 -10 -8 -3 27 28 -19 -30
right_child=5 2 -4 4 -6 9 24 8 21 10 -12 -13 -14 14 -16 16 -18 26 -20 -21 -22 -23 -24 -25 -26 -27 -28 -29 29 -31
leaf_value=-0.046620997773628395 -0.058734556125992154 0.0007488348392448716 0.067560516658356634 0.026117459762226954 -0.026703260477559023 -0.057827384277417508 -0.042112068039837809 0.64198320564847955 0.061893316338203531 -0.03650953123750228 0.036712827176548377 -0.013568309702602725 0.025667064159193915 0.020264986858888324 -0.00080341213324309439 -0.060020255086339298 0.0015172201988854616 -0.063163957142750457 0.50840384875853151 -0.060165828723227746 8.8475463647907713 0.01951867561445484 0.047000971733304704 0.29162275968971219 0.043635792462196246 0.025642684511745319 0.4085032660505431 -0.067039380081851827 -0.060357036682502106 2.8942714694971783
leaf_weight=57.646214167038124 11.87563704186732 727.90429750856856 11.058553051057968 24.800213553724461 149.79714691371191 14.507846632167 4.5112646042480256 0.16957244724290177 1.408960348055188 26.649486252348197 29.863981339352904 86.939893816135736 22.641034704380218 35.038162513616044 2071.8233379507383 0.024529661284758975 1.4267128856336055 0.057583514877478592 0.20817168825305998 0.038262282469077036 0.020207301364280283 37.699062110818886 8.3573413364756544 1.4441447013523427 67.308489809832736 53.734751617790607 0.3815799942240119 0.43500585728907026 0.017862807391793467 0.020303993587731384
leaf_count=429904 248517 24660 1183 902 25869 232197 26020 10 581 90686 23399 14065 2606 51298 591231 92 7074 18 3 30 14 2030 178 37 7208 3561 18 100 26 15
internal_value=-0.000399986 -0.00328777 -0.000705316 -0.00149479 -0.0192005 0.000821629 0.0131911 0.00263783 0.00723152 -0.000553184 -0.000169563 -0.00446135 0.0302487 -0.000685191 -0.000232618 0.031162 0.176325 0.383554 0.96454 2.10858 3.96345 0.0334698 0.0803852 0.178175 0.0382497 0.00246019 0.198133 0.0468905 0.564488 1.51145
internal_weight=3447.81 1024.94 967.295 956.236 174.597 2422.87 242.355 170.536 158.66 2180.51 2166.01 109.751 22.8106 2136.14 2109.49 37.6684 2.63022 1.20351 0.291171 0.0829992 0.044737 48.9095 11.2104 2.85311 71.8198 781.639 0.912336 0.530756 0.0957503 0.0381668
internal_count=1783532 486079 56175 54992 26771 1297453 301252 268024 19507 996201 764004 16681 2616 740605 649919 58688 7390 316 139 136 106 2826 796 618 33228 28221 177 159 59 41
is_linear=0
shrinkage=0.06


Tree=160
num_leaves=31
num_cat=0
split_feature=2 0 9 10 3 1 3 10 4 4 0 0 6 3 0 4 10 1 4 4 3 2 4 3 2 4 1 4 2 3
split_gain=3.51953 9.82371 15.0736 14.3265 14.1344 24.4192 13.6631 10.6707 8.7681 8.49405 21.8488 17.9161 14.9441 26.2452 20.9735 20.762 41.9738 18.5055 14.5027 25.86 14.3444 12.1799 26.2255 13.0215 11.6794 12.393 16.2089 30.2877 11.6672 15.0378
threshold=0.99450549483299266 0.91666665673255932 0.62090381979942333 0.86505654454231273 0.66312056779861461 0.64747309684753429 0.83424907922744762 0.99758455157279979 0.84327486157417308 0.95916664600372326 0.58571431040763866 0.23611111193895343 1.5000000000000002 0.88273492455482494 0.43650794029235845 0.76277056336402904 0.6062217950820924 0.79277813434600841 0.46737588942050939 0.4654348641633988 0.50820556282997142 0.91042780876159679 0.84327486157417308 0.80982521176338207 0.58300524950027477 0.47413024306297308 0.25866188108921057 0.35948719084262853 0.8589511811733247 0.85880398750305187
decision_type=2 2 2 2 2 2 2 2 2 2 2 2 2 2 2 2 2 2 2 2 2 2 2 2 2 2 2 2 2 2
left_child=9 3 8 -2 -5 6 -6 -7 -3 10 12 -11 14 -14 15 16 18 24 19 -1 -19 23 -23 -17 25 26 27 -16 -18 -30
right_child=1 2 -4 4 5 7 -8 -9 -10 11 -12 -13 13 -15 17 21 28 20 -20 -21 -22 22 -24 -25 -26 -27 -28 -29 29 -31
leaf_value=-0.058973238674965733 0.00060914606723422033 0.047164704848115295 0.025160665959039055 0.029594156015530285 -0.70137243457189147 -0.051345626571824322 -0.13515381129090065 0.060270394624846291 0.00098136940121518494 0.047362984663501771 0.023874170942656255 -0.012155179081878922 -0.034728485697704405 0.037424466536033388 2.9344045213652721 0.0071182152157307499 -0.00087657109882747066 0.41162510618619697 -0.025025054371237393 -0.29282774336585499 -0.022544017851283019 -0.073945378082276733 0.029964161636039439 0.053506512033774246 0.032726223129953325 -0.053539626800202564 0.042169000188385111 -0.060623341709253202 -0.071235740766010192 0.025322052701277128
leaf_weight=34.851651903498201 141.587641555544 15.109414100363209 116.46515167572943 10.133680907660162 0.31359795515891065 43.984725893271388 0.30037068537785672 3.3159516349842297 720.73664890642249 19.053294750548048 126.99315786441184 410.10262244045498 102.3644702441843 22.059713043439842 0.020029663733910463 39.437351419707738 1239.3310567225817 0.27592589915002363 82.399695112784045 1.789730057331204 38.196800428300321 13.779459594506987 23.928734902372526 48.667460588960239 141.8389852136994 12.093711693897601 6.0990363980181428 0.03091920880433463 18.429025439603723 8.4774645783472788
leaf_count=680769 16973 675 39680 1526 24 2653 41 2840 47009 4688 7280 69111 26091 2316 23 22058 124782 10 667907 11957 2786 1372 2867 3731 31157 8638 3514 31 630 393
internal_value=-0.000594067 0.00229794 0.0051041 -0.00968247 -0.0347851 -0.048401 -0.424362 -0.0435209 0.00192967 -0.00186685 -0.00019364 -0.00951274 -0.00186012 -0.0219362 -0.000399034 -0.00280799 -0.0049275 0.0179341 -0.0389904 -0.0703957 -0.0194302 0.0205291 -0.00800682 0.0327422 0.0269139 -0.0182749 0.0510718 1.11682 -0.00172519 -0.0408131
internal_weight=3442.17 1051.95 852.311 199.636 58.0483 47.9146 0.613969 47.3007 735.846 2390.22 1961.06 429.156 1834.07 124.424 1709.65 1511.09 1385.28 198.555 119.041 36.6414 38.4727 125.813 37.7082 88.1048 160.083 18.2437 6.14999 0.0509489 1266.24 26.9065
internal_count=1783532 111421 87364 24057 7084 5558 65 5493 47684 1672111 1598312 73799 1591032 28407 1562625 1516466 1486438 46159 1360633 692726 2796 30028 4239 25789 43363 12206 3568 54 125805 1023
is_linear=0
shrinkage=0.06


Tree=161
num_leaves=31
num_cat=0
split_feature=14 9 11 9 8 10 3 9 9 10 8 11 3 2 3 12 11 10 10 9 9 13 9 9 10 3 12 10 10 12
split_gain=3.39521 4.74727 4.52183 4.24648 27.9244 8.95792 12.7495 8.71462 6.21042 6.19862 4.85371 5.45397 7.32292 6.68272 7.84357 6.3897 18.5094 7.52123 6.92222 6.1774 6.56613 5.67313 17.7502 12.1756 10.7294 11.7958 10.597 9.20865 8.09354 7.52998
threshold=2.5000000000000004 0.99794238805770885 5.5000000000000009 0.27130751311779028 0.24404761940240863 0.70241516828536998 0.65261757373809826 0.62755528092384349 0.66028577089309703 0.56615138053894054 0.35857143998146063 5.5000000000000009 0.90595519542694103 0.68457102775573742 0.61311829090118419 0.13392857462167743 11.500000000000002 0.8916430175304414 0.99758455157279979 0.57207792997360241 0.5867464840412141 1.0000000180025095e-35 0.47491006553173071 0.50116279721260082 0.90422871708869945 0.57804551720619213 0.90000000596046459 0.7214152216911317 0.97845596075057995 0.90000000596046459
decision_type=2 2 2 2 2 2 2 2 2 2 2 2 2 2 2 2 2 2 2 2 2 2 2 2 2 2 2 2 2 2
left_child=3 -2 -3 -1 5 6 8 -8 -5 -6 -11 21 13 14 15 16 18 -17 -13 -19 -21 23 27 -12 -24 26 -26 -23 29 -25
right_child=1 2 -4 4 9 -7 7 -9 -10 10 11 12 -14 -15 -16 17 -18 19 -20 20 -22 22 24 28 25 -27 -28 -29 -30 -31
leaf_value=0.0014039895082281642 0.0009718603642904735 -0.019815415568318135 0.059882884642883154 -0.065668004469216959 0.052436484734793766 -0.0026720502701738087 -0.033318192363483441 0.066273746076496776 -0.1453742515189648 -0.013339381806521198 0.042428938812475059 0.015431777065093773 0.060441538543338842 -0.026247763794308175 0.074778488771369639 -0.04803977630103954 -0.17983443318780135 0.052653215928124754 0.094244659967384029 -0.12952419602057563 -0.0074078380877585668 0.17335521770234499 0.035034429986420396 -0.0042853204675357753 -0.035257206107296483 0.043635678126399791 0.0088493184508138117 -0.053577272895492058 0.021831794447431007 -0.031990970270559027
leaf_weight=611.71260273658231 1791.4777868076981 3.5512395608675424 9.2078528362326306 26.618890321551351 7.5140819140056001 20.989625545924355 34.202849246545625 3.4853448998546801 4.0552885764532212 123.69094911902903 20.764712834730744 32.751563208948937 5.6020524648920391 61.377506571996491 4.486148494819644 17.327199830848258 1.6572633082978416 6.1456562213134012 4.5719775622710577 1.6036733818473283 137.07297274726443 0.6679134630830984 69.409049463443807 220.76361762018496 27.784175959648564 23.184613249002723 66.655528581701219 17.780460890600807 35.429767987196101 42.040060114508378
leaf_count=68786 894544 1114 1245 619523 5904 4140 84738 90 813 40888 1820 1355 7892 6676 214 527 18 124 77 25 3709 82 4982 14168 383 14304 1330 577 2327 1157
internal_value=-0.000561364 0.0012316 0.0377004 -0.00254678 -0.00492163 -0.0369574 -0.0474842 -0.0241081 -0.0762056 -0.00183802 -0.00228093 -0.000564875 -0.00744922 -0.0088737 -0.00368746 -0.00543761 0.0163739 -0.0106811 0.025086 -0.00621134 -0.00882001 0.00301323 0.0107883 -0.00199507 0.0163267 0.00528751 -0.00412683 -0.0453613 -0.00508813 -0.00871733
internal_weight=3433.58 1804.24 12.7591 1629.35 1017.63 89.352 68.3624 37.6882 30.6742 928.281 920.767 797.076 272.596 266.994 205.616 201.13 38.9808 162.15 37.3235 144.822 138.677 524.48 205.482 318.998 187.033 117.624 94.4397 18.4484 298.233 262.804
internal_count=1783532 896903 2359 886629 817843 709304 705164 84828 620336 108539 102635 61747 20617 12725 6049 5835 1450 4385 1432 3858 3734 41130 21658 19472 20999 16017 1713 659 17652 15325
is_linear=0
shrinkage=0.06


Tree=162
num_leaves=31
num_cat=0
split_feature=9 3 10 3 1 1 10 7 1 1 1 11 1 10 8 1 1 14 3 3 10 1 3 3 3 1 1 9 8 11
split_gain=3.02596 8.9104 8.77173 6.34095 12.1834 10.6741 8.68635 21.7545 11.8054 11.1276 7.80838 8.27941 7.56077 19.6709 9.73246 8.80633 29.3777 7.71855 8.54228 12.0565 11.0515 7.47743 7.28209 22.8791 8.24024 7.26866 7.91937 6.86782 10.5643 9.77586
threshold=0.75694981217384349 0.96824595332145702 0.7117014229297639 0.66312056779861461 0.78830561041831981 0.77836257219314586 0.6062217950820924 1.0000000180025095e-35 0.65030118823051464 0.52976614236831676 0.51899951696395885 7.5000000000000009 0.59299960732460033 0.5219533145427705 0.28174604475498205 0.55848154425621044 0.5604878067970277 2.5000000000000004 0.35229477286338812 0.3536857813596726 0.60221165418624889 0.63453349471092235 0.43792808055877691 0.43159537017345434 0.53694942593574535 0.54446640610694896 0.60640108585357677 0.65232810378074657 0.43303571641445165 3.5000000000000004
decision_type=2 2 2 2 2 2 2 2 2 2 2 2 2 2 2 2 2 2 2 2 2 2 2 2 2 2 2 2 2 2
left_child=3 2 -2 4 6 10 7 12 9 -9 -5 21 14 -14 -1 17 -17 -16 -19 -20 -21 -12 23 -11 -24 -25 -27 28 -8 -29
right_child=1 -3 -4 5 -6 -7 27 8 -10 22 11 -13 13 -15 15 16 -18 18 19 20 -22 -23 24 25 -26 26 -28 29 -30 -31
leaf_value=-0.06821520778993459 0.12680155929637585 0.060143171479606732 0.0016093859450517531 0.053669256584573194 0.058286376495129369 -0.0025379108145561729 -0.0046411275221531984 -0.024009343314848854 -0.038294309378626018 0.052332964716796833 -0.012930247302570872 -0.087952853004595363 -0.057396326984628647 0.070093405714923937 -0.069209066448888107 2.4171874750462079 -0.060386491006454997 0.010086568853325586 1.2614282471210145 0.1275839893182196 1.0363406551548504 0.010137671233810798 -0.043777054811574942 1.4067613624984971 0.021018448586233186 -0.060160714178522368 0.76825330689504123 0.0042340204458289716 0.014878198138781024 -0.020124359599675647
leaf_weight=40.073523859906672 2.0196091843681634 9.5648833119194006 847.23472878347093 13.122111023867772 10.676790814392005 1118.072709067229 341.23063139479927 33.829140437832393 28.846697248300188 1.5861092235572858 57.365125703703825 3.2996434693050096 13.404142288991709 6.4550384559061049 1.3690306659223093 0.02420755656203244 0.059768305203760974 0.7690944325622695 0.045315397859667428 0.40509723397371999 0.054678185304510407 428.12640759237115 7.8774168139498206 0.040883025532821082 68.566465133422753 0.058341579773696139 0.14427975151920691 94.137667061941102 141.09274648268183 160.34511310274684
leaf_count=1141492 126 20999 50708 5272 2542 85129 85887 28398 2859 1194 21840 400 177651 7800 8374 5 74 764 13 317 28 100172 4789 39 8781 96 22 15357 3868 8536
internal_value=-0.00052784 0.00255569 0.00190711 -0.00155784 -0.00544663 0.000725273 -0.00617021 -0.0171397 -0.00406328 0.00474518 0.00799441 0.00676822 -0.0465544 -0.015957 -0.0607513 0.0489238 0.653819 0.029706 0.135984 0.327686 0.235657 0.00741199 0.0171726 0.135467 0.0143414 0.676974 0.529725 -0.00313889 0.00106881 -0.0111138
internal_weight=3429.9 858.819 849.254 2571.08 951.092 1619.99 940.415 203.609 140.949 112.103 501.913 488.791 62.6599 19.8592 42.8007 2.72719 0.0839759 2.64322 1.27419 0.505091 0.459775 485.492 78.2735 1.82961 76.4439 0.243504 0.202621 736.806 482.323 254.483
internal_count=1783532 71833 50834 1711699 1498886 212813 1496344 1382696 46178 43319 127684 122412 1336518 185451 1151067 9575 79 9496 1122 358 345 122012 14921 1351 13570 157 118 113648 89755 23893
is_linear=0
shrinkage=0.06


Tree=163
num_leaves=31
num_cat=0
split_feature=2 0 9 10 3 1 9 10 9 4 4 4 0 8 3 0 8 3 2 10 9 2 8 12 11 2 4 4 3 9
split_gain=2.86071 8.70338 13.3444 12.0891 12.0274 12.5827 11.0915 9.17283 8.00162 7.86224 7.85767 19.7745 15.2723 14.146 13.3115 12.1189 12.8604 19.8621 19.8409 15.4909 15.9737 12.6139 11.2923 10.5102 10.3775 13.6602 12.7799 13.3493 10.743 10.0812
threshold=0.99450549483299266 0.91666665673255932 0.62090381979942333 0.86505654454231273 0.66312056779861461 0.64747309684753429 0.92545253038406383 0.99758455157279979 0.42393808066844946 0.84327486157417308 0.95916664600372326 0.90098038315773021 0.23611111193895343 0.24404761940240863 0.82097071409225475 0.58571431040763866 0.24404761940240863 0.84889996051788341 0.8589511811733247 0.87737199664115917 0.22284295409917834 0.88493064045906078 0.48684211075305944 0.22500000149011615 2.5000000000000004 0.60097089409828197 0.64565756916999828 0.6291005313396455 0.25176055729389196 0.70627450942993175
decision_type=2 2 2 2 2 2 2 2 2 2 2 2 2 2 2 2 2 2 2 2 2 2 2 2 2 2 2 2 2 2
left_child=10 3 9 -2 8 6 -6 -7 -5 -3 11 15 -12 14 -13 16 19 18 24 20 -1 -20 -23 29 25 28 27 -27 -18 -22
right_child=1 2 -4 4 5 7 -8 -9 -10 -11 12 13 -14 -15 -16 -17 17 -19 21 -21 23 22 -24 -25 -26 26 -28 -29 -30 -31
leaf_value=-0.0034902132435595083 0.00041809574317201731 0.045124882773224427 0.023940541159233573 -0.4769542433964688 -0.12548744083420216 -0.046570627690968605 -0.58120732115953444 0.060254362987520051 0.03430020377665445 0.00092174836008008371 0.044022982254239978 0.11995213549080069 -0.011440347536966438 0.0017143302204413247 0.035333124195834752 0.018121713889398684 0.022436850930615308 0.043316156625580318 -0.091501083224757362 0.038851717105243988 -0.039550063683693668 -0.054611455823862155 0.045143147650155875 -0.0054387493154573344 -0.0011523442066256361 0.082107735689055814 0.018382166599798567 0.33272669693340767 -0.020156163035566735 0.049426471227663131
leaf_weight=250.33609646100632 141.35214791396629 14.783066928655897 113.19799086087733 0.11146126966923375 0.6235189619474103 45.540775204106467 0.27797849086346105 3.0900931688956907 9.7877458955335879 720.37040682738734 18.688948056817935 9.8468999891920266 409.29367886723867 25.07557915878715 20.892275029145821 111.39322368087414 54.648224593861414 38.268408616218949 13.55976920896501 21.437511249358067 123.71297183900219 9.9881502223433944 6.912511687813093 57.764957256076684 1136.7127162994716 11.922329842520412 16.680267792282393 0.81759581674123261 34.953386109783878 4.7606040795599247
leaf_count=66517 16973 675 39680 7 41 2653 24 2840 1519 47009 4688 848 69111 4707 624 6345 6719 4497 461 553 1366006 224 477 49296 59211 953 385 43 29459 987
internal_value=-0.000504915 0.00210486 0.00476348 -0.00912833 -0.0318336 -0.0439001 -0.26601 -0.0397828 0.0285437 0.00181062 -0.00165647 -4.04224e-05 -0.0090184 0.035158 0.0624397 -0.00107776 -0.00227761 0.000719375 -0.000548015 -0.0109442 -0.0133894 -0.0483955 -0.013811 -0.0266955 0.000612625 0.0174689 0.0529422 0.0981914 0.00582141 -0.036253
internal_weight=3426.8 1049.14 848.351 200.784 59.4316 49.5324 0.901497 48.6309 9.89921 735.153 2377.67 1949.68 427.983 55.8148 30.7392 1893.87 1782.48 1324.46 1286.19 458.012 436.575 30.4604 16.9007 186.239 1255.73 119.022 29.4202 12.7399 89.6016 128.474
internal_count=1783532 111421 87364 24057 7084 5558 65 5493 1526 47684 1672111 1598312 73799 6179 1472 1592133 1585788 102429 97932 1483359 1482806 1162 701 1416289 96770 37559 1381 996 36178 1366993
is_linear=0
shrinkage=0.06


Tree=164
num_leaves=31
num_cat=0
split_feature=14 9 1 2 8 6 3 3 4 8 8 1 3 4 6 6 4 3 4 8 2 6 8 2 3 4 4 9 2 4
split_gain=3.08105 4.27064 4.24557 10.7208 7.40699 4.94341 9.69625 4.76762 15.487 8.29035 13.2182 7.06017 12.3134 11.5606 11.4675 11.0803 10.1724 8.78323 8.08362 8.86007 7.86666 8.63218 8.73087 7.81009 10.8632 8.9232 10.1047 9.52993 7.67051 7.58895
threshold=2.5000000000000004 0.99794238805770885 0.94609123468399059 0.97700846195220958 0.26491229236125952 2.5000000000000004 0.94804319739341747 1.0000000180025095e-35 0.25866188108921057 0.21980676054954532 0.5419580638408662 0.77836257219314586 0.57275134325027477 0.75931033492088329 1.5000000000000002 3.5000000000000004 0.75716626644134533 0.80229884386062633 0.96871945261955272 0.55902779102325451 0.96922349929809581 3.5000000000000004 0.3717105239629746 0.8589511811733247 0.89512962102890026 0.69631093740463268 0.70710784196853649 1.0000000180025095e-35 0.93908473849296581 0.97056278586387645
decision_type=2 2 2 2 2 2 2 2 2 2 2 2 2 2 2 2 2 2 2 2 2 2 2 2 2 2 2 2 2 2
left_child=-1 2 7 -4 5 -5 -7 -2 9 -9 -11 15 -13 14 23 -10 17 -16 -15 20 21 -20 -23 25 28 -14 27 -27 -25 -21
right_child=1 -3 3 4 -6 6 -8 8 11 10 -12 12 13 18 16 -17 -18 -19 19 29 -22 22 -24 24 -26 26 -28 -29 -30 -31
leaf_value=-0.0023701148835353885 0.0086596918026343242 0.036468741143389181 0.053586537473435447 -0.0044216594919148037 0.061254492062955426 -0.21352038107443971 0.029584184209158794 -0.066369221435493245 0.0054104727083063913 0.00050367019968749658 -0.036694846637358045 0.10192559152662069 -0.0081303406845988704 0.012169722051158915 -0.1108550072194166 -0.11741075990168671 -0.31933514438877048 -0.025492688738178396 -0.017467987460142134 -0.45034602059695111 -0.0013647446134288769 -0.068772368808001985 -0.31119339888589626 -0.058922962847958324 0.047038029325529473 0.43862419610619885 0.0354014080413333 0.102925611477796 0.029308708051552789 0.037331909962518624
leaf_weight=1621.8960961693292 203.73032235911364 12.301097825125906 18.263534442012315 106.53539533464937 7.8853861247771411 0.60400798197952354 26.679156207188498 12.308725965127222 713.50666114199112 82.35617646603896 59.044362232496496 3.9168674539141639 16.51102344534775 118.85909635846474 7.2476485148545242 2.6541202979205982 0.56030193099286307 10.813883086986605 113.98870022990741 0.11558866850100713 216.57617900923651 3.6452691140220841 0.62679854792077083 24.386140291539053 5.3555659826743058 0.4771021669730533 4.4726490218818071 0.84118674382261815 4.1509121289163877 18.551609096932225
leaf_count=886629 14357 2359 2587 4996 12091 29 1191 82079 719209 9720 762 739 3494 9892 383 204 34 596 7985 3 11681 218 17 4379 309 12 1105 150 457 5865
internal_value=-0.000474204 0.001237 0.000994157 0.0103205 0.00474415 0.00141423 0.0242022 7.5886e-05 -0.00115481 -0.0191404 -0.0150292 0.00102672 -0.00407855 -0.00483735 -0.0267511 0.00495529 -0.0675571 -0.0597465 -0.00136649 -0.00591779 -0.00816061 -0.0206062 -0.10434 -0.0132288 -0.0313735 0.0143461 0.0784305 0.224418 -0.0460891 0.0343122
internal_weight=3418.86 1796.97 1784.66 159.967 141.704 133.819 27.2832 1624.7 1420.97 153.709 141.401 1267.26 551.097 547.18 74.8164 716.161 18.6218 18.0615 472.363 353.504 334.837 118.261 4.27207 56.1946 33.8926 22.302 5.79094 1.31829 28.5371 18.6672
internal_count=1783532 896903 894544 20894 18307 6216 1220 873650 859293 92561 10482 766732 47319 46580 10919 719413 1013 979 35661 25769 19901 8220 235 9906 5145 4761 1267 162 4836 5868
is_linear=0
shrinkage=0.06


Tree=165
num_leaves=31
num_cat=0
split_feature=14 8 10 9 10 4 3 4 12 9 8 8 10 3 9 9 3 2 10 10 3 4 4 12 8 9 10 9 10 8
split_gain=2.72464 3.98418 4.46285 4.24225 9.13714 10.0356 3.84219 13.8899 9.87429 8.19514 8.13338 8.12444 12.4576 7.56675 7.27906 12.8142 99.8872 408.135 7.13064 6.53112 6.22576 7.3242 7.2576 7.29258 10.694 6.16271 7.70991 7.65061 7.09628 6.6071
threshold=2.5000000000000004 0.92582416534423839 0.87737199664115917 0.96677702665328991 0.97067421674728405 0.3964285701513291 1.0000000180025095e-35 0.25866188108921057 0.35416667163372045 0.85990655422210704 0.07275132462382318 0.21980676054954532 0.86505654454231273 0.71937501430511486 0.35140788555145269 0.35014124214649206 0.60107529163360607 0.72377106547355663 0.30521412193775183 0.8916430175304414 0.25176055729389196 0.15192308276891711 0.16108107566833499 0.90000000596046459 0.39444445073604589 0.36565284430980688 0.7117014229297639 0.35014124214649206 0.31437556445598608 0.097619049251079573
decision_type=2 2 2 2 2 2 2 2 2 2 2 2 2 2 2 2 2 2 2 2 2 2 2 2 2 2 2 2 2 2
left_child=-1 3 -3 6 -5 -6 9 11 -9 -2 14 -8 20 -14 15 18 17 -17 -10 -11 21 -13 23 24 -23 26 27 28 -12 -28
right_child=1 2 -4 4 5 -7 7 8 10 19 25 12 13 -15 -16 16 -18 -19 -20 -21 -22 22 -24 -25 -26 -27 29 -29 -30 -31
leaf_value=-0.0022277001515146298 0.0038783788221524442 -0.17746851461592944 0.028693330273479822 0.099425368879166032 -0.12071855005755884 0.064931645964013018 -0.065476631050731718 -0.00059416932903850399 -0.062153876569859962 -0.078974683579596694 -0.10436373859557985 -0.014626342610065096 -0.033567551413144457 0.10091986862082877 0.0042542127348703775 -0.060045003172067395 -0.060883307451781117 31.478414939225786 0.11569488289077712 0.045396153026370033 -0.020903538798236566 0.020757631814333273 0.028164464231364355 -0.035721864411575516 0.32394606846545843 0.013403285105013305 -0.27727220993659824 -0.08682508193816213 0.056768989473966455 -0.034240383111858078
leaf_weight=1622.0428389903655 172.81011729992701 0.38413276868232316 23.699346847919514 1.2861550795932988 4.4741204880410805 1.368949285475537 11.745215178464603 1147.4512423915157 0.9359643960759606 1.6100172139704252 1.0937961363015372 14.861346472760486 69.474086831731256 1.5394542934955087 4.9065308024987759 0.0066077117189705659 0.048168057430302724 0.0019024408902623691 6.106717765214853 27.197132872417569 20.724115655058995 0.70249802104808923 24.900726096620929 0.6374059393419883 1.0371068511158226 225.22581900438388 0.41180974920280533 2.0097857232085508 9.7960501409506815 18.214058682060568
leaf_count=886629 13372 4 3815 152 107 650 82079 730839 1902 16 38 866 1204 48 6603 76 33 11 3531 828 6440 107 1608 14 15 40456 19 276 782 1012
internal_value=-0.000445477 0.00116532 0.025405 0.000835615 -0.0453548 -0.0772233 0.00102235 1.61012e-05 0.00183051 0.00881729 0.0121826 -0.0176294 -0.0134317 -0.0306521 0.0604513 0.0992904 0.997851 6.99036 0.092059 0.0384451 0.00602134 0.0192631 0.0377266 0.137896 0.201511 0.0099255 -0.0149206 0.0207339 0.0405845 -0.0396137
internal_weight=3416.7 1794.66 24.0835 1770.58 7.12922 5.84307 1763.45 1561.83 1416.21 201.617 268.757 145.622 133.877 71.0135 12.0059 7.09936 0.0566782 0.00851015 7.04268 28.8072 62.8632 42.1391 27.2777 2.37701 1.7396 256.751 31.5255 12.8996 10.8898 18.6259
internal_count=1783532 896903 3819 893084 909 757 892175 877959 785578 14216 54739 92381 10302 1252 12156 5553 120 87 5433 844 9050 2610 1744 136 122 42583 2127 1096 820 1031
is_linear=0
shrinkage=0.06


Tree=166
num_leaves=31
num_cat=0
split_feature=3 1 10 0 2 4 2 2 1 1 7 1 1 10 1 9 1 3 1 2 0 4 0 4 4 1 2 3 1 10
split_gain=2.90027 16.5502 16.4809 38.9457 15.417 8.73918 7.7042 12.5129 7.57897 9.25491 7.94229 7.29786 13.4055 19.9509 31.0319 12.4035 11.5328 11.7056 12.3593 8.19991 17.1097 8.0955 13.2822 17.9319 8.72393 7.0998 11.3143 6.70508 12.7573 13.2198
threshold=0.66312056779861461 0.78830561041831981 0.6062217950820924 0.43650794029235845 0.70659971237182628 0.8473193645477296 0.91734972596168529 0.82807883620262157 0.65030118823051464 0.52976614236831676 1.0000000180025095e-35 0.68133461475372326 0.50225225090980541 0.26289208233356481 0.48313754796981817 1.0000000180025095e-35 0.70659971237182628 0.70396453142166149 0.69732204079628002 0.68801230192184459 0.43650794029235845 0.66169154644012462 0.91666665673255932 0.73401361703872692 0.68801230192184459 0.56543695926666271 0.99450549483299266 0.33508773148059851 0.43425877392292028 0.66192114353179943
decision_type=2 2 2 2 2 2 2 2 2 2 2 2 2 2 2 2 2 2 2 2 2 2 2 2 2 2 2 2 2 2
left_child=1 2 3 5 11 -1 7 27 9 10 -5 12 13 14 -2 16 17 18 19 20 -13 -21 23 24 -23 26 -6 -4 -29 -30
right_child=4 -3 6 8 25 -7 -8 -9 -10 -11 -12 15 -14 -15 -16 -17 -18 -19 -20 21 -22 22 -24 -25 -26 -27 -28 28 29 -31
leaf_value=-0.060451066698367292 -0.0613886605666569 0.054378407294142506 0.0017670484385529429 -0.091918212128324947 0.044272940709775326 0.053921429335538222 0.026860443677036952 -0.068252364276699617 -0.028570140117386827 0.017957832195016055 -0.0077375191235887044 -0.060197949919968817 -0.0094797801232923053 0.069543449615698791 0.97814571261035566 0.050695191022717669 -0.061319784477409676 0.65442051984907779 -0.060974295498793206 -0.063230460595381593 0.79205450673667988 0.79975010555969961 -0.061314470695004571 1.331858683755444 -0.061225350736281797 -0.00021029090043952635 -0.057989310521280632 -0.026173430731522167 0.062849040444335688 -0.0038113415635533617
leaf_weight=65.350861665399592 0.1875159879641396 18.152703643632776 891.26604226834934 4.872029749419343 25.986230804037181 2.4969783028391097 35.28539763612207 10.048406035806691 27.063848458292341 76.108666675655428 23.479886882472783 0.12148351594805651 13.440947950669168 3.036117797288199 0.23040149100052076 10.817439117081674 0.46248603664571408 0.25135036435676728 0.42816407524514932 0.26933579542674124 0.28085675183683634 0.069774942705407739 0.16782527789473534 0.086143050342798233 0.10786088986787945 1837.4732815629518 4.5816306501728823 99.796837501897244 11.187485192402162 250.98267433228102
leaf_count=1299172 80 3723 66477 35165 7097 1901 2606 480 10640 34375 1443 58 16775 1417 37 8524 89 20 89 34 9 29 8 10 22 232128 574 31155 9615 19780
internal_value=-0.000611357 -0.00256803 -0.00325813 -0.01932 0.000951603 -0.0562419 -0.000792119 -0.0015645 -0.000273528 0.00705761 -0.0222032 0.043653 0.0176135 0.123044 0.511716 0.0773318 0.205663 0.274923 0.212638 0.318822 0.534724 0.194894 0.355972 0.621464 0.276964 0.000266802 0.0289455 -0.0010298 -0.00791642 -0.000966769
internal_weight=3414.09 1516.09 1497.94 199.372 1898 67.8478 1298.57 1263.28 131.524 104.461 28.3519 29.9577 16.895 3.45404 0.417917 13.0627 2.24528 1.78279 1.53144 1.10328 0.40234 0.70094 0.431604 0.263779 0.177636 1868.04 30.5679 1253.23 361.967 262.17
internal_count=1783532 1516532 1512809 1382696 267000 1301073 130113 127507 81623 70983 36608 27201 18309 1534 117 8892 368 279 259 170 67 103 69 61 51 239799 7671 127027 60550 29395
is_linear=0
shrinkage=0.06


Tree=167
num_leaves=31
num_cat=0
split_feature=9 10 1 0 4 4 8 1 10 10 7 9 10 1 6 1 4 12 4 9 1 0 4 4 10 8 4 8 4 0
split_gain=2.7779 7.51664 7.33904 7.06826 12.305 12.0507 21.8744 19.1407 13.9518 10.7253 10.8974 8.36356 8.94602 8.21509 8.09982 7.96841 7.70762 145.264 525.934 1214.94 7.4516 7.35273 15.5802 11.2179 11.3894 12.6953 12.0229 11.6578 10.9757 9.54112
threshold=0.75694981217384349 0.7117014229297639 0.96609193086624157 0.43650794029235845 0.68133461475372326 0.82097071409225475 0.17519181966781619 0.56280338764190685 0.69452759623527538 0.8916430175304414 1.0000000180025095e-35 0.64375689625740062 0.66192114353179943 0.83609226346015941 1.5000000000000002 0.44346116483211523 0.76533168554306041 0.90000000596046459 0.78679654002189647 0.36565284430980688 0.83096903562545787 0.58571431040763866 0.99122807383537304 0.86811593174934398 0.80874970555305492 0.35504202544689184 0.85934066772460949 0.10912698507308961 0.90098038315773021 0.77500000596046459
decision_type=2 2 2 2 2 2 2 2 2 2 2 2 2 2 2 2 2 2 2 2 2 2 2 2 2 2 2 2 2 2
left_child=3 -2 -3 5 -5 6 7 8 16 10 11 -9 -13 20 -7 -6 -1 -18 19 -19 -12 28 23 24 26 -26 27 -23 -17 -24
right_child=1 2 -4 4 15 14 -8 9 -10 -11 13 12 -14 -15 -16 21 17 18 -20 -21 -22 22 29 -25 25 -27 -28 -29 -30 -31
leaf_value=-0.070232890222342123 0.11675351361534993 0.0015714027076115737 0.060555542247350366 0.016761285415800249 -0.055648355411029957 0.02171990170092088 -0.0031154792949185995 -0.047305666689469034 0.002265676462483923 0.1953889348480308 0.0080071966307596332 0.24259667140168881 -0.015221054044420828 -0.027769982892426524 -0.050300794101662182 -0.018306783448955765 -0.061228256509652461 -56.898215466855504 -0.060165573686913949 -0.060020127083499769 0.11180224715747755 0.01256631308949597 -0.025022628533638951 0.051705738441367999 -0.094362834664661971 0.0048259219841504742 -0.074273455905678826 0.062398884788472116 0.032896046072146197 -0.00017873685388582596
leaf_weight=41.350458648008576 2.0635936051694435 843.03221687642508 7.6630437044368582 157.82981313884648 9.5010275986635389 75.581502663540959 702.85931361157498 36.879712289526168 11.251703039735728 0.87905319960554962 43.779300997433893 0.7451848269120086 1.385095673111209 26.881703462451696 6.0733677091902782 139.8232099039983 0.45074279999073374 0.002111255874929662 0.020135497354203835 0.0037739928629889619 2.6401594586204729 78.270845263872616 58.705736567229906 30.085729210451973 7.1797261380124864 13.160030032799112 4.7604416276299153 21.554094506544061 16.891888525045943 1069.0119328842284
leaf_count=1039971 149 53944 17740 38250 8522 10597 121298 327062 3952 18 14512 58 67 311 1083 24214 2128 28 50 38 43 3330 4724 1399 232 1245 205 702 1470 106190
internal_value=-0.000585423 0.00238017 0.00210273 -0.00157423 0.000852143 -0.00567468 -0.00774514 -0.0273158 -0.057044 -0.0133752 -0.0150092 -0.0406286 0.0749651 -0.00137487 0.0163631 -0.000880799 -0.0729985 -0.312866 -4.67184 -20.45 0.0139107 -0.000519307 0.000979571 0.0188152 0.0108942 -0.0301867 0.0188836 0.0233261 -0.0127878 -0.00147204
internal_weight=3410.32 852.759 850.695 2557.56 1606.77 950.783 869.128 166.269 53.0789 113.19 112.311 39.01 2.13028 73.3012 81.6549 1448.94 41.8272 0.476764 0.0260207 0.00588525 46.4195 1439.44 1282.73 155.011 124.925 20.3398 104.585 99.8249 156.715 1127.72
internal_count=1783532 71833 71684 1711699 190483 1521216 1509536 1388238 1046167 342071 342053 327187 125 14866 11680 152233 1042215 2244 116 66 14555 143711 118027 7113 5714 1477 4237 4032 25684 110914
is_linear=0
shrinkage=0.06


Tree=168
num_leaves=31
num_cat=0
split_feature=3 4 10 4 2 2 1 10 10 3 4 1 4 4 10 11 9 10 3 1 4 2 12 9 3 2 9 10 10 4
split_gain=2.48379 10.7116 17.2241 7.50209 6.54159 6.43962 13.3478 9.26717 9.77854 76.7964 7.5424 12.4737 9.77431 8.33572 7.38849 8.26924 8.78834 8.54997 8.543 9.20306 7.4223 9.56756 15.1902 9.34935 7.35804 8.61447 7.2962 11.9824 8.29614 14.4067
threshold=1.0000000180025095e-35 0.29459981620311743 0.6681957244873048 0.29340028762817388 0.83457711338996898 0.33489097654819494 0.43714080750942236 0.64395171403884899 0.64879238605499279 0.21778655797243121 0.60660174489021312 0.34178434312343603 0.59824562072753917 0.4654348641633988 0.92762354016304027 3.5000000000000004 0.50802230834960949 0.64879238605499279 0.82097071409225475 0.72834226489067089 0.69309264421463024 0.76533168554306041 0.45000000298023229 0.73860013484954845 0.33150184154510504 0.32690165936946874 0.62090381979942333 0.75490951538085949 0.68671792745590221 0.51668518781661998
decision_type=2 2 2 2 2 2 2 2 2 2 2 2 2 2 2 2 2 2 2 2 2 2 2 2 2 2 2 2 2 2
left_child=-1 2 -2 4 -4 7 -7 -3 9 -9 11 13 -13 24 15 26 17 -17 19 -18 21 -21 -23 -24 25 -10 28 -28 -8 -30
right_child=1 5 3 -5 -6 6 14 8 10 -11 -12 12 -14 -15 -16 16 18 -19 -20 20 -22 22 23 -25 -26 -27 27 -29 29 -31
leaf_value=0.0032608531728232099 -0.060355295378558389 -0.072296775603528471 -0.008171060632597699 -0.086740463777379359 0.035135185224022092 -0.021867617993068852 0.00062418988419051945 2.679161777233523 0.025012181958996512 -0.060533529596479375 0.11324759849435093 -0.033572677716057868 0.51285025591023137 -0.08331703379795749 0.010148852548436076 -0.096921021509735972 -0.013942585822803272 0.043005249941524833 0.0042603800233097172 -0.0041079213536473046 -0.034870403074111163 -0.075533378195688158 -0.11886559722208555 -0.37999127311389713 0.090480999755840633 -0.16702609378759883 0.031599290330431587 0.0014311286124967608 0.036078557863753462 -0.017754554638713383
leaf_weight=528.42174262620847 23.770600485027444 4.2378897479825346 309.40579084392084 4.2406824061617945 13.088130731222916 100.71286518341913 1464.1776797803741 0.043802248183054782 70.460093646222958 0.2315049714743509 2.8654836921486995 18.281264570425268 0.11861496418714423 2.4903893539158153 251.78230193496711 1.7566220926264602 75.379911121177429 14.962373893285983 46.608475842309417 2.8897714133126993 29.567184493134846 4.724019082786981 0.84354011341929469 1.1899004424922166 6.2769104095968933 0.85107851216161989 68.054615542091597 156.14198520907667 19.87116521722055 180.09042577286164
leaf_count=41269 234548 78234 30235 635 710 313249 976956 32 6292 601 107 3261 4 84 54013 310 4472 1217 8432 93 1351 63 18 37 607 143 5088 11852 2201 7418
internal_value=-0.00051992 -0.00121479 -0.0110436 -0.00745608 -0.00641351 0.000149792 -0.000484148 0.0146348 0.0182602 0.375361 0.0172901 0.014498 -0.0300502 0.024734 0.000444908 -0.000737559 -0.0131032 0.0283036 -0.0173977 -0.0262066 -0.049781 -0.0954794 -0.134554 -0.271667 0.0282021 0.0227203 0.000427551 0.0105886 -0.000941374 -0.0124049
internal_weight=3403.54 2875.12 350.505 326.735 322.494 2524.61 2418.75 105.857 101.619 0.275307 101.344 98.4784 18.3999 80.0785 2318.04 2066.26 177.922 16.719 161.203 114.594 39.2144 9.64723 6.75746 2.03344 77.5881 71.3112 1888.34 224.197 1664.14 199.962
internal_count=1783532 1742263 266128 31580 30945 1476135 1386770 89365 11131 633 10498 10391 3265 7126 1073521 1019508 15993 1527 14466 6034 1562 211 118 55 7042 6435 1003515 16940 986575 9619
is_linear=0
shrinkage=0.06


Tree=169
num_leaves=31
num_cat=0
split_feature=8 9 4 3 11 0 0 9 11 10 10 9 8 11 3 8 3 10 10 0 4 10 4 10 9 12 10 3 3 8
split_gain=2.46888 7.73073 9.01432 8.51901 6.28978 6.28002 14.4163 7.34456 5.60558 11.4508 9.2615 10.3571 16.0194 10.5598 9.06236 8.39827 14.2541 16.4046 13.2841 12.368 10.7379 8.32116 11.4583 8.17407 10.7183 12.527 8.02471 10.662 48.2405 10.9235
threshold=0.48684211075305944 0.55395013093948375 0.17519181966781619 0.93788579106330883 5.5000000000000009 0.35416667163372045 0.41428571939468389 0.38243331015110021 2.5000000000000004 0.92762354016304027 0.59399941563606273 0.51628047227859508 0.26969698071479803 3.5000000000000004 1.0000000180025095e-35 0.24404761940240863 0.54446640610694896 0.68671792745590221 0.75490951538085949 0.43650794029235845 0.8155706822872163 0.47084967792034155 0.79205974936485302 0.83796653151512157 0.56615138053894054 0.18333333730697635 0.64879238605499279 0.21778655797243121 0.20761494338512423 0.32666666805744177
decision_type=2 2 2 2 2 2 2 2 2 2 2 2 2 2 2 2 2 2 2 2 2 2 2 2 2 2 2 2 2 2
left_child=8 2 4 -3 -2 -4 -7 -8 15 10 21 -12 -13 26 23 16 17 19 -17 20 -1 22 -10 -15 25 -25 27 28 29 -14
right_child=1 3 5 -5 -6 6 7 -9 9 -11 11 12 13 14 -16 18 -18 -19 -20 -21 -22 -23 -24 24 -26 -27 -28 -29 -30 -31
leaf_value=-0.064774199261992307 -0.025531258878816843 -8.5858854757112546e-05 0.056490030276026705 0.050399253487650827 0.043121674263485024 -0.32616318529524718 -0.23656284097948932 0.024796207629928974 -0.063678252291268708 0.013640785163461478 0.0066621735455513866 -0.058319349515259973 0.45829750256455387 -0.027462015666533408 -0.034555956180475342 0.03078055265495749 0.00024065908925540643 0.0093138536705320053 -0.00052049187659637566 -0.010357080649834753 0.046908145310927019 -0.066934768244507753 1.1208943895434762 0.23904675877614451 0.002445222661411782 0.026882400315468749 -0.0024967146032435859 0.040226361780507869 1.9031521450042377 -0.066915648821725987
leaf_weight=43.277955581223281 18.418929486302662 941.0532267975359 25.982893550331937 12.18859489171882 6.4994164553936562 0.44601812760811554 0.39568133067223499 17.79193312607822 0.070002952238779836 83.545926497710752 113.27340754141733 27.3358790340626 0.23082016906846448 30.437025559513131 87.111315477181051 78.986789607925402 1488.1646825551636 43.226136000623228 127.76537760208885 37.115531994496791 3.338275865784353 12.107890979116346 0.050678154977504164 1.5662562455981959 29.648374073207378 2.7802297873422503 162.01944467580324 4.8284141459589591 0.061096374338376336 0.3728133718832396
leaf_count=1020931 224 51679 1145 26754 106 14 37 3646 287 2642 13232 14659 147 1934 12959 34435 504323 8491 8466 44760 1855 13775 8 37 421 21 14466 1952 30 96
internal_value=-0.000496418 0.00196854 0.0212825 0.000559667 -0.00762461 0.0374271 0.0108457 0.0191102 -0.0015569 -0.00683356 -0.0104584 -0.00908742 -0.0142377 -0.0104609 -0.0219372 5.18078e-05 -0.00140569 -0.0207038 0.0114376 -0.0362003 -0.0567764 -0.0619935 0.433765 -0.00487674 0.0153448 0.103336 -7.86438e-05 0.071242 0.296531 0.133918
internal_weight=3400.09 1022.78 69.5349 953.242 24.9183 44.6165 18.6336 18.1876 2377.31 555.44 471.894 459.665 346.392 319.056 151.543 1821.87 1615.12 126.958 206.752 83.7318 46.6162 12.2286 0.120681 64.4319 33.9949 4.34649 167.513 5.49314 0.66473 0.603634
internal_count=1783532 83605 5172 78433 330 4842 3697 3683 1699927 76666 74024 59954 46722 32063 15372 1623261 1580360 1076037 42901 1067546 1022786 14070 295 2413 479 58 16691 2225 273 243
is_linear=0
shrinkage=0.06


Tree=170
num_leaves=31
num_cat=0
split_feature=9 1 0 4 2 4 11 1 2 2 4 4 1 9 9 4 1 2 1 9 4 4 4 2 1 1 1 1 2 2
split_gain=2.43487 6.66664 5.7924 11.018 12.8811 10.3187 10.6441 23.3792 14.2459 16.9689 20.3869 31.0462 20.3499 24.1763 34.5545 17.5647 172.63 14.7951 13.1573 15.4108 13.5922 12.6361 21.6776 88.0617 35.4319 39.7758 12.3329 11.9586 35.3884 29.7193
threshold=0.75694981217384349 0.96609193086624157 0.43650794029235845 0.68133461475372326 0.62418830394744884 0.82097071409225475 1.5000000000000002 0.56280338764190685 0.83457711338996898 0.76533168554306041 0.2736185491085053 0.270728349685669 0.61633428931236278 0.50802230834960949 0.51038074493408214 0.36549165844917303 0.61311829090118419 0.79118219017982494 0.74239632487297069 0.59163263440132152 0.69631093740463268 0.53752347826957714 0.57384988665580761 0.79759037494659435 0.59675306081771862 0.60107529163360607 1.0000000180025095e-35 0.74601566791534435 0.82807883620262157 0.77459675073623668
decision_type=2 2 2 2 2 2 2 2 2 2 2 2 2 2 2 2 2 2 2 2 2 2 2 2 2 2 2 2 2 2
left_child=2 -2 5 -4 -5 6 7 26 9 -9 11 -11 13 15 -15 16 -12 -17 19 -14 -20 -19 23 -23 -25 -26 -1 28 29 -22
right_child=1 -3 3 4 -6 -7 -8 8 -10 10 12 -13 18 14 -16 17 -18 21 20 -21 27 22 -24 24 25 -27 -28 -29 -30 -31
leaf_value=0.1163146677836055 0.001821656870446466 0.060543018116210039 0.015825765045663191 -0.071483632755576731 -0.00039917538567422838 0.015301284848213543 -0.0041330845682541273 -0.016096909102021856 -0.030026344142625658 0.41343326650563017 -0.060110615632450952 2.9683279156518885 -0.050753066516398798 4.0319090040116814 -0.06005090443198563 -0.060501292874936601 11.848565742160011 -0.060632808343301599 -0.016161077906484654 0.89446810398726129 2.0766040856973298 7.0525075821103069 0.28407902281120639 0.3998418723814447 5.608605969419032 -0.060032326040541824 -0.068112988421579299 0.094418620770789635 2.9825011269250163 -0.06275091818486532
leaf_weight=1.3522741355362615 842.72462593986711 7.0180909720729678 158.18555381089527 9.2361700495357564 1435.553322799713 81.283948785559005 722.26796530019078 28.145487099039709 49.12840153317525 0.12634813215868845 0.033650488817332014 0.019806575528491521 5.9936239866656278 0.014659926691820035 0.01506245517066418 0.51687815881541588 0.0050383318621243225 0.21249367459950008 5.1519080437838047 0.06274561364261888 0.028076771175618798 0.0084355518611118896 0.52173693604800064 0.12931618125185196 0.010583808396404493 0.0076968679368292206 37.588476473778542 10.099214607140309 0.019718597603059607 0.13963046974822646
leaf_count=16225 54073 17760 38250 18309 133924 11680 179044 258804 31504 1008 483 57 22028 7 66 3359 23 968 6669 8 22 11 2149 274 32 110 981763 4741 34 147
internal_value=-0.000474378 0.00230664 -0.00140261 0.000792361 -0.0008536 -0.00513424 -0.00706214 -0.0222458 -0.00693855 0.0151882 0.0532793 0.759667 0.0487847 0.26433 1.95822 0.229508 1.49072 0.194831 0.0339883 -0.0409603 0.0633898 0.343075 0.469645 1.09013 0.749368 3.22189 -0.0617085 0.103232 0.578112 0.29541
internal_weight=3395.6 849.743 2545.86 1602.98 1444.79 942.883 861.599 139.331 100.391 51.2621 23.1166 0.146155 22.9705 1.47555 0.0297224 1.44583 0.0386888 1.40714 21.4949 6.05637 15.4385 0.890263 0.677769 0.156032 0.147597 0.0182807 38.9408 10.2866 0.187426 0.167707
internal_count=1783532 71833 1711699 190483 152233 1521216 1509536 1330492 332504 301000 42196 1065 41131 7482 73 7409 506 6903 33649 22036 11613 3544 2576 427 416 142 997988 4944 203 169
is_linear=0
shrinkage=0.06


Tree=171
num_leaves=31
num_cat=0
split_feature=8 0 1 1 1 10 2 2 2 14 7 10 2 12 7 0 1 2 1 1 11 2 1 1 8 0 11 1 14 2
split_gain=3.05724 12.4426 11.8491 28.3888 39.5088 17.3271 15.7562 14.2494 13.329 10.3308 12.4236 8.86397 8.85844 43.0698 8.62778 24.6428 8.43882 12.3563 12.1905 11.1382 10.2131 8.94736 9.03912 8.93106 8.96968 8.99448 17.361 8.28186 8.00508 28.8348
threshold=0.32666666805744177 0.43650794029235845 1.0000000180025095e-35 0.62316370010375988 0.61311829090118419 0.67936623096466076 0.64549729228019725 0.76533168554306041 0.81872946023941051 2.5000000000000004 1.0000000180025095e-35 0.56939375400543224 0.64326766133308422 0.90000000596046459 1.0000000180025095e-35 0.30952382087707525 0.67962265014648449 0.85053193569183361 0.77459675073623668 0.6911335587501527 3.5000000000000004 0.99450549483299266 0.68599441647529613 0.77836257219314586 0.28174604475498205 0.13392857462167743 1.5000000000000002 0.64565756916999828 2.5000000000000004 0.82446312904357921
decision_type=2 2 2 2 2 2 2 2 2 2 2 2 2 2 2 2 2 2 2 2 2 2 2 2 2 2 2 2 2 2
left_child=1 2 -1 4 5 -4 12 -6 9 -9 11 -11 -5 14 -14 -16 27 18 -18 20 21 -19 -23 24 25 26 -20 -8 29 -27
right_child=-2 -3 3 6 7 -7 16 8 -10 10 -12 -13 13 -15 15 -17 17 19 23 -21 -22 22 -24 -25 -26 28 -28 -29 -30 -31
leaf_value=0.0077472610613355964 0.0011666431093207384 0.00018849033153653632 -0.051435311462411766 0.052540409275617962 -0.07700552816698987 -0.0081716709179881809 0.011938515497470492 -0.1661664806318324 -0.098212740463467854 -0.33452726045183168 -0.97257420400818995 -1.1279582783551594 -0.060782031075127106 3.2101340125993589 2.1883307534685823 -0.06009629778097144 -0.0083030609312731291 0.018999503956452838 1.0471678130252231 -0.017430598818446039 0.96548725259518831 -0.064090358125486857 0.73635092231778465 0.037131444235934973 0.89242937863876259 0.15664687132549146 -0.061908492215836435 -0.066127326064607542 -0.067017722873465885 2.1694576532566083
leaf_weight=91.534193987340927 1506.2285712691728 1459.8356668187885 65.342607900719287 13.950235897473132 3.5324413661653855 68.01441412553686 7.201681883059913 1.0525133861365248 1.5728862027108332 1.6293268326680843 0.12792546395212423 0.052316427070763782 0.15922906458217845 0.018342908099839406 0.02668327625724487 0.051258303341455758 31.757572308841986 0.58283516163191862 0.10809038351908262 95.534219894580019 0.058308450097683817 0.077032673096255166 0.14908027539422619 32.079018738696789 0.06290005933260534 0.53611171715783712 0.095883023039277759 15.255853077104227 0.56366860575508326 0.026908065263341996
leaf_count=31743 129957 172758 1209873 33690 19717 24163 23403 675 1155 647 28 18 1590 33 39 35 59083 878 160 20770 3 38 22 10540 5 356 18 41598 466 71
internal_value=-0.000850112 -0.00245652 -0.0114122 -0.0165761 -0.0371244 -0.0293701 -0.00193133 -0.166914 -0.238525 -0.315635 -0.402572 -0.359211 0.0589527 0.409044 0.192406 0.709652 -0.00662961 -0.00184115 0.0183262 -0.0154874 0.198566 0.143287 0.463655 0.0435911 0.192289 0.159194 0.525818 -0.0410932 0.092821 0.252844
internal_weight=3397.22 1890.99 431.154 339.619 141.324 133.357 198.295 7.96741 4.43497 2.86208 1.80957 1.68164 14.2057 0.255514 0.237171 0.0779416 184.089 161.632 65.2302 96.4015 0.867257 0.808948 0.226113 33.4726 1.39356 1.33066 0.203973 22.4575 1.12669 0.56302
internal_count=1783532 1653575 1480817 1449074 1256276 1234036 192798 22240 2523 1368 693 665 35387 1697 1664 74 157411 92410 70699 21711 941 938 60 11616 1076 1071 178 65001 893 427
is_linear=0
shrinkage=0.06


Tree=172
num_leaves=31
num_cat=0
split_feature=8 0 3 3 10 2 14 12 2 3 3 3 3 2 10 3 2 2 9 3 2 3 9 9 10 12 9 2 9 10
split_gain=2.74309 11.2597 10.6674 22.736 22.3639 16.2131 15.5217 13.5638 120.899 680.607 4881.72 11.4119 10.4646 9.92083 201.852 675.455 8.79223 22.2761 240.122 10.6278 8.64777 8.23854 6.77542 9.09525 8.90651 7.74735 8.37879 9.06489 16.2836 8.70554
threshold=0.32666666805744177 0.43650794029235845 1.0000000180025095e-35 0.67962265014648449 0.5219533145427705 0.85053193569183361 2.5000000000000004 0.90000000596046459 0.79759037494659435 0.54085850715637218 0.51456862688064586 0.6911335587501527 0.80982521176338207 0.76533168554306041 0.33420594036579138 0.55217784643173229 0.90521115064620983 0.92031747102737438 1.0000000180025095e-35 0.68870675563812267 0.80229884386062633 0.72812235355377208 0.40078739821910864 0.54592314362525951 0.80874970555305492 0.15476191043853763 0.41138803958892828 0.23845060169696811 0.40481010079383856 0.82397845387458812
decision_type=2 2 2 2 2 2 2 2 2 2 2 2 2 2 2 2 2 2 2 2 2 2 2 2 2 2 2 2 2 2
left_child=1 2 -1 4 7 12 -6 -4 13 10 -10 16 20 -9 15 -15 -7 18 -18 -19 21 -5 24 25 -2 26 27 28 -24 -30
right_child=22 -3 3 5 6 11 -8 8 9 -11 -12 -13 -14 14 -16 -17 17 19 -20 -21 -22 -23 23 -25 -26 -27 -28 -29 29 -31
leaf_value=0.0072514093292502177 0.027612369937871879 0.00017718176051351636 -0.058333390424917399 -0.0088108619540981318 -0.060748547815297801 0.045156133156155714 -0.0063074659742442998 -0.035895916612773984 -0.060060336001645072 -0.060522436882754195 -85.505068348887278 -0.017131184804070252 0.061082405925759871 -53.21316960765661 -0.21326618930201027 -0.060005549184409909 16.437160731219745 0.13951075107143754 -0.060379796418789891 1.0646135461387167 -0.031883308737564564 0.050914291820001768 0.044645207045076164 -1.711708817233364e-05 -0.051260368813272172 0.0042549675489389248 0.027663481899575629 0.035524655125634116 0.29815549515672968 0.89398568810942936
leaf_weight=91.913557333615358 7.1277810883120791 1459.8290934722695 49.32831581440616 14.926390090438558 23.454296205633455 0.54945109244545065 96.107213701541468 1.4888100503900585 0.016832478159814701 0.09980533355337684 0.0028088226403859542 99.977784731855536 18.661217731882061 0.0011288132809917908 0.27391489339515829 0.0036233300688763848 0.0036369410809129468 0.2789231029109942 0.025066126429010183 0.053239143187965965 13.833513278915232 18.77022264754487 0.36823160620406159 1318.8457212974317 18.614144545703311 96.15851870962797 63.548045805357106 0.85643494138639653 0.16634070166765014 0.18810855597257614
leaf_count=31743 1619 172758 1161504 30614 93048 872 89303 22833 176 528 39 22001 2462 26 317 56 1 100 109 35 11020 14030 5 113756 532 6298 7494 212 33 8
internal_value=-0.000813432 -0.00233584 -0.010872 -0.0158024 -0.0311978 -6.64074e-05 -0.0169871 -0.0643725 -0.222248 -2.06971 -12.2792 -0.0152056 0.0230086 -0.0973954 -0.425963 -12.6859 0.196273 0.426362 2.03001 0.287787 0.00806015 0.0244582 0.00109691 0.00162767 -0.029421 0.0150772 0.031056 0.167579 0.324073 0.614367
internal_weight=3395.47 1889.6 429.77 337.856 170.777 167.079 119.562 51.2152 1.88692 0.119447 0.0196413 100.888 66.1913 1.76748 0.278667 0.00475214 0.910316 0.360865 0.0287031 0.332162 47.5301 33.6966 1505.87 1480.13 25.7419 161.286 65.1272 1.57912 0.722681 0.354449
internal_count=1783532 1653575 1480817 1449074 1367830 81244 182351 1185479 23975 743 215 23118 58126 23232 399 82 1117 245 110 135 55664 44644 129957 127806 2151 14050 7752 258 46 41
is_linear=0
shrinkage=0.06


Tree=173
num_leaves=31
num_cat=0
split_feature=9 3 11 9 8 1 1 4 9 3 14 2 3 1 4 3 4 11 3 1 4 1 4 2 3 2 1 1 2 2
split_gain=2.48314 7.14362 5.30659 11.3158 5.58416 5.04792 16.4773 44.0701 27.5649 7.95198 12.5751 6.53625 8.98067 13.3094 13.8289 7.15933 8.91778 11.1813 10.1341 7.49602 9.19174 11.8403 11.11 9.58663 9.73791 8.75463 17.5301 9.03821 7.62352 9.68015
threshold=0.75694981217384349 0.96824595332145702 7.5000000000000009 0.57207792997360241 0.87083333730697643 0.61633428931236278 0.61143791675567638 0.36549165844917303 1.0000000180025095e-35 0.31643131375312811 2.5000000000000004 0.64549729228019725 0.41712453961372381 0.62102442979812633 0.74464204907417308 0.61620295047760021 0.54110360145568859 6.5000000000000009 0.48313754796981817 0.77836257219314586 0.78086888790130626 0.91331186890602123 0.94826048612594616 0.82807883620262157 0.80982521176338207 0.8941769301891328 0.88273492455482494 0.80229884386062633 0.78629976511001598 0.88067796826362621
decision_type=2 2 2 2 2 2 2 2 2 2 2 2 2 2 2 2 2 2 2 2 2 2 2 2 2 2 2 2 2 2
left_child=2 -2 4 -4 5 6 -1 8 -8 10 -7 -11 13 14 -13 16 -14 18 -18 28 21 23 -22 24 -21 26 27 -24 -17 -30
right_child=1 -3 3 -5 -6 9 7 -9 -10 11 -12 12 15 -15 -16 19 17 -19 -20 20 22 -23 25 -25 -26 -27 -28 -29 29 -31
leaf_value=-0.004261520418561651 0.0015855114982332537 0.060133393984579259 0.057967286283100383 -0.035046038562900485 0.035370199059849922 1.2910631448135208 -1.241473965372536 0.0013586731115075642 -0.20105431448730823 0.026400150402051136 -0.028448454235321045 -0.060743173720664095 -0.077445724029872418 0.14755274467521434 2.0174453055086974 -0.0089218453208524395 0.092875330836886899 0.70935701184355082 -0.023036427027679302 -0.011608373423123115 0.01384317990735252 0.045787406750147051 0.0031058663051991304 -0.033071874800455744 0.078597035349785113 -0.0015680971630022665 0.051844627546208055 -0.051935551464248102 0.022502777647572567 0.0031941168931057715
leaf_weight=779.53871223126976 840.75934523029719 7.5699174662440774 5.4148441032448309 36.103697967788321 14.871023520041488 0.04432499486551833 0.093573912301507245 10.213964959345502 4.5129891500857866 33.879940545713225 0.062894351208342414 0.019194830739251212 9.130144441656169 0.57116399446294963 0.028856273333076388 95.558067790795235 3.006802219530079 0.077592314512002214 28.016696517524792 17.876229038015939 161.50649869686458 9.5759079814233683 14.597781969627247 86.01549397962026 5.6762928738016845 765.72577097409521 9.252995447641295 40.640439002542735 143.03543287074592 269.74949674839809
leaf_count=1364130 50834 20999 331 2132 2835 51 30 12770 1260 46475 39 70 13773 852 2 84315 3339 2 31719 5930 10413 446 1978 14199 747 45041 543 4391 38204 25682
internal_value=-0.000703275 0.00210795 -0.00164042 -0.0229153 -0.00128756 -0.00150663 -0.00545303 -0.068125 -0.222189 0.000343879 0.517044 0.000311174 -0.000221272 0.228235 1.18728 -0.00030652 -0.0253086 -0.0100031 -0.0118022 0.000314687 -0.00244692 -0.0181932 -0.000555191 -0.0237849 0.0101316 -0.00335618 -0.0245867 -0.0373898 0.00634955 0.00988482
internal_weight=3393.13 848.329 2544.8 41.5185 2503.28 2488.41 794.359 14.8205 4.60656 1694.05 0.107219 1693.94 1660.06 0.619215 0.0480511 1659.44 40.2312 31.1011 31.0235 1619.21 1110.87 119.144 991.723 109.568 23.5525 830.217 64.4912 55.2382 508.343 412.785
internal_count=1783532 71833 1711699 2463 1709236 1706401 1378190 14060 1290 328211 90 328121 281646 924 72 280722 48833 35060 35058 231889 83688 21322 62366 20876 6677 51953 6912 6369 148201 63886
is_linear=0
shrinkage=0.06


Tree=174
num_leaves=31
num_cat=0
split_feature=3 1 8 2 1 1 2 0 1 2 8 1 2 1 3 9 8 1 3 8 3 2 1 1 2 3 9 3 2 3
split_gain=2.44803 6.19454 21.5212 9.35677 8.52133 7.88093 12.9867 6.47525 19.02 19.1742 18.8923 12.1004 16.9695 11.7465 9.67928 9.53321 10.8055 9.81422 11.5937 9.41647 9.37794 11.4053 11.1715 9.32791 10.0714 11.442 9.43604 9.14879 8.3698 12.4283
threshold=1.0000000180025095e-35 0.43714080750942236 0.21980676054954532 0.46841755509376531 0.58885449171066295 0.32466214895248419 0.61311829090118419 0.43650794029235845 0.67962265014648449 0.63224515318870556 0.097619049251079573 0.67028987407684337 0.81872946023941051 0.86616915464401256 0.44170945882797247 0.85990655422210704 0.73030304908752453 0.80229884386062633 0.70801281929016124 0.32666666805744177 0.84273937344551098 0.82446312904357921 0.88989898562431347 0.51456862688064586 0.55351883172988903 0.58759590983390819 0.25074850022792822 0.76728257536888134 0.82446312904357921 0.77210351824760448
decision_type=2 2 2 2 2 2 2 2 2 2 2 2 2 2 2 2 2 2 2 2 2 2 2 2 2 2 2 2 2 2
left_child=-1 2 -2 4 -3 -4 -7 8 10 -10 -5 19 13 -13 -12 16 17 18 -14 28 21 -19 -23 -16 -25 -26 -27 -24 29 -9
right_child=1 3 5 7 -6 6 -8 11 9 -11 14 12 15 -15 23 -17 -18 20 -20 -21 -22 22 27 24 25 26 -28 -29 -30 -31
leaf_value=0.0030885982896562587 -0.050937994666726813 0.011870960477535723 0.00099465839446083297 -0.057539912304845189 0.069340803526801345 -0.022980300077233257 0.044667788610775333 0.013758466760530679 0.069948735863800612 -2.9996273722441034e-05 -0.057247020732570902 -0.028314259005302229 -0.013146058546577574 0.12979841219223787 0.020684470598626662 -0.016663045698877346 0.056695171862080951 0.09884266967279641 0.014458940549711599 0.028938199366060464 0.0008488767585514566 -0.021212739375719995 0.10336324152155299 0.019520426550074178 -0.051051331754114436 -0.18901814128425501 -0.0060094801449693024 -0.0026360711737421702 -0.0047289222503678731 0.11214983886054802
leaf_weight=528.31029859627324 37.886439962229474 41.570368621848502 328.48027529370438 39.548991393742028 11.960533470697554 111.89143677412346 11.242758088892513 91.145118579150449 14.932251208251698 251.61017326564584 15.324445072854557 95.261189717075467 66.69300859121131 1.7221005992687413 33.790147548129084 108.58511390473723 12.797814119738176 3.1260510073207106 306.39111896374743 84.127125397819327 766.42065805463426 155.00838431313241 4.7509058989962778 24.859346696793068 34.760425569567516 1.0297808653649543 67.29344060333635 7.6534685967890255 126.96233295165803 4.8685683660805799
leaf_count=41269 527456 129392 37862 624719 3328 32007 714 55364 5961 101870 8080 18974 6843 118 15007 30620 9317 208 22475 6184 47420 10254 171 6747 13569 77 11387 455 15204 480
internal_value=-0.000663949 -0.00135672 -0.00750202 -8.8646e-05 0.0247116 -0.00385812 -0.0168037 -0.000661208 -0.00684136 0.00389036 -0.0200471 0.000965548 -0.00121816 -0.0255067 -0.0116724 0.000427463 0.00183033 0.00129436 0.00952423 0.0118335 -0.00198266 -0.0147079 -0.0168282 -0.00735419 -0.0147593 -0.0230261 -0.00876782 0.0379619 0.00538009 0.0187476
internal_weight=3390 2861.69 489.501 2372.19 53.5309 451.614 123.134 2318.66 483.149 266.542 216.607 1835.51 1528.41 96.9833 177.058 1431.43 1322.84 1310.04 373.084 307.103 936.959 170.539 167.413 161.733 127.943 103.084 68.3232 12.4044 222.976 96.0137
internal_count=1783532 1742263 598039 1144224 132720 70583 32721 1011504 787417 107831 679586 224087 146855 19092 54867 127763 97143 87826 29318 77232 58508 11088 10880 46787 31780 25033 11464 626 71048 55844
is_linear=0
shrinkage=0.06


Tree=175
num_leaves=31
num_cat=0
split_feature=13 12 0 8 10 10 12 8 4 8 10 8 6 10 2 2 10 8 2 3 3 8 2 1 1 10 10 4 10 3
split_gain=2.22849 12.2953 13.5693 10.3415 10.2491 8.39058 10.8122 7.78775 8.20724 7.38088 7.18461 9.5721 9.53357 47.9258 35.1379 9.28725 13.0784 7.73358 6.97904 14.3781 8.04323 22.57 55.9057 115.06 103.131 102.928 7.50335 7.02946 89.1133 517.345
threshold=1.0000000180025095e-35 0.45000000298023229 0.41428571939468389 0.31009615957736975 0.70241516828536998 0.97845596075057995 0.90000000596046459 0.81534090638160717 0.46737588942050939 0.29705883562564855 0.85201290249824535 0.27525253593921667 2.5000000000000004 0.97067421674728405 0.8941769301891328 0.77836257219314586 0.83796653151512157 0.44722221791744238 0.21580041944980624 0.20761494338512423 0.43792808055877691 0.030776515603065494 0.99450549483299266 0.340024083852768 0.3536857813596726 0.36245806515216833 0.78024387359619152 0.3364779949188233 0.33420594036579138 0.52689418196678173
decision_type=2 2 2 2 2 2 2 2 2 2 2 2 2 2 2 2 2 2 2 2 2 2 2 2 2 2 2 2 2 2
left_child=5 3 4 -2 9 6 -1 10 -9 -3 11 18 -12 14 -14 -13 -17 -18 19 -8 21 22 -20 -24 -25 -26 -21 28 29 -22
right_child=1 2 -4 -5 -6 -7 7 8 -10 -11 12 15 13 -15 -16 16 17 -19 20 26 27 -23 23 24 25 -27 -28 -29 -30 -31
leaf_value=-0.0010714235116970378 0.012951102267372739 0.013575231021165379 0.02358532663264274 -0.027283119213287632 -0.00039620248060164953 0.016117924254092721 0.041469947661528325 -0.1418907936847015 0.06101166667622393 0.074142696741468575 -3.5068274540272121e-06 -0.034789446478372121 -1.1293094401748547 -1.7442425823312937 0.060367588976364406 -0.08219978329829486 -0.52975013406105786 -0.12992601644240676 -0.060005492600455845 -0.060382639327006903 -36.642104627763274 -0.073512671019777528 -0.06001760234500212 -14.305731729206721 -9.9418060476674164 -0.060018196258628649 1.4554102471157953 -0.0050449861941796676 -0.11277399047067656 -0.060052375518038631
leaf_weight=2232.0599583950384 31.683712804167612 21.094160217826243 116.58908468977461 83.894445381403784 611.48772424984782 93.306844774808269 6.9071606715675804 3.2598199080675831 0.92027494299691159 11.03100662196084 86.419384600842022 41.601119110086074 0.10079166805371542 0.066497883453848772 0.78909996291622519 5.1954688580299253 0.40266479086130846 0.30689612953574397 0.10998035369084513 0.016733742728319956 0.0016401463162901706 2.195351471027152 0.028977923549973639 0.0042117927948721592 0.0060717740268456657 0.010117775815160712 0.039525948464870453 33.262982049586398 0.64651869702651465 0.0091876400565524818
leaf_count=1632964 12325 12905 55602 4046 18222 7594 2480 36 331 932 3488 1499 8 35 332 322 27 32 4451 83 72 6938 123 19 32 44 1 16037 2481 71
internal_value=-0.000626626 0.00197902 0.00475103 -0.0162536 0.00133924 -0.00153662 -0.00221891 -0.0162686 -0.0972205 0.0343726 -0.0143688 -0.0261933 -0.00208846 -0.190484 -0.0743786 -0.0447843 -0.115199 -0.35682 -0.00576721 0.049251 -0.0163286 -0.12356 -0.813023 -2.49019 -5.94198 -3.76611 1.00456 -0.0088847 -0.203182 -5.60134
internal_weight=3383.45 875.78 760.202 115.578 643.613 2507.67 2414.36 182.3 4.18009 32.1252 178.12 90.7446 87.3758 0.95639 0.889892 47.5061 5.90503 0.709561 43.2385 6.96342 36.275 2.35471 0.15936 0.0493793 0.0204013 0.0161895 0.0562597 33.9203 0.657346 0.0108278
internal_count=1783532 104032 87661 16371 32059 1679500 1671906 38942 367 13837 38575 34712 3863 375 340 1880 381 59 32832 2564 30268 11607 4669 218 95 76 84 18661 2624 143
is_linear=0
shrinkage=0.06


Tree=176
num_leaves=31
num_cat=0
split_feature=3 1 10 13 9 2 1 2 2 14 10 1 9 10 0 1 10 2 3 2 2 0 1 2 6 9 10 9 10 2
split_gain=2.24771 5.55101 14.9183 9.37012 12.4591 8.29759 7.86551 7.309 10.6741 7.06511 8.22539 6.7186 8.96449 6.12679 5.71221 17.0246 24.1118 17.9306 15.5063 12.2632 11.7956 14.9833 10.969 15.197 12.0634 10.217 9.33821 12.3223 9.09705 8.98988
threshold=1.0000000180025095e-35 0.43714080750942236 0.6681957244873048 1.0000000180025095e-35 0.72240144014358532 0.46841755509376531 0.58885449171066295 0.33489097654819494 0.57932874560356151 2.5000000000000004 0.83796653151512157 0.19560018926858905 0.62755528092384349 0.60221165418624889 0.43650794029235845 0.67962265014648449 0.5219533145427705 0.70659971237182628 0.72255688905715953 0.83457711338996898 0.81302964687347423 0.26785714924335485 0.67028987407684337 0.81872946023941051 1.5000000000000002 0.25074850022792822 0.99758455157279979 0.85990655422210704 0.85201290249824535 0.58300524950027477
decision_type=2 2 2 2 2 2 2 2 2 2 2 2 2 2 2 2 2 2 2 2 2 2 2 2 2 2 2 2 2 2
left_child=-1 2 3 -2 11 6 13 -4 -9 -10 -11 12 -5 -3 15 16 25 -17 20 -20 -19 -22 29 24 -24 -7 27 -25 -21 -16
right_child=1 5 7 4 -6 14 -8 8 9 10 -12 -13 -14 -15 22 17 -18 18 19 28 21 -23 23 26 -26 -27 -28 -29 -30 -31
leaf_value=0.003027532843552447 -0.056803628917177697 -0.063849236720625369 0.00041109205482990554 -0.062668824119416516 0.83173002378277061 -0.033709669587775569 0.066990915308847848 -0.025608546046592986 0.073779291082642834 0.052708417735564721 -0.053367596210418894 -0.013458149031153209 0.28451914764711889 0.018244878117697729 -0.031971892576972492 0.045838292390729785 -0.0092818907382371599 -0.069387651791462029 0.026653872878443889 -0.013602635312670246 -0.099853455823222526 0.029046796195205206 -0.0012985035045926443 0.001479460453005812 -0.044021646239123226 -0.094413392372804911 0.047990284184178236 -0.020245751204471845 0.024734121506503101 0.013756338130199478
leaf_weight=527.73846580046848 31.807234138922468 3.5803261998698863 338.10051996618131 0.44593675892247009 0.066947498837180208 22.417164395247369 11.633166007270118 91.752960975783935 6.7355275413501667 4.8538558869331609 5.7480802644276991 6.5716199074668111 0.66996270893650944 38.094826234249922 16.349899424270916 32.03062023723291 173.68054715520884 19.691874417358719 62.539880071085463 105.74523147422678 4.2747627255612324 13.49471492819157 44.245137672540295 1315.5063236134101 51.472079454168124 17.993192688911108 14.703768148465313 101.21798403565481 28.232092810198083 289.90263219533608
leaf_count=41269 541120 122733 25068 686 3 51080 3328 16807 364 179 476 13319 17 6659 16318 23565 42622 29040 19649 18475 3852 8521 12326 90729 6766 585884 19030 18004 4729 60914
internal_value=-0.000569664 -0.00123493 -0.00707033 -0.0423858 0.0167531 -3.48331e-05 0.0233688 -0.00394608 -0.0174501 0.0257258 -0.0048031 0.00965579 0.145776 0.0111921 -0.000574106 -0.00640025 -0.0189945 0.00373595 -0.00202767 0.00471619 -0.0374051 -0.00196244 0.000951548 -0.00112674 -0.0242729 -0.0607387 0.000421009 -7.26991e-05 -0.0055242 0.011315
internal_weight=3381.3 2853.56 486.753 39.5617 7.75447 2366.81 53.3083 447.191 109.09 17.3375 10.6019 7.68752 1.1159 41.6752 2313.5 480.1 214.091 266.009 233.979 196.517 37.4614 17.7695 1833.4 1527.15 95.7172 40.4104 1431.43 1416.72 133.977 306.253
internal_count=1783532 1742263 598039 555145 14025 1144224 132720 42894 17826 1019 655 14022 703 129392 1011504 787417 679586 107831 84266 42853 41413 12373 224087 146855 19092 636964 127763 108733 23204 77232
is_linear=0
shrinkage=0.06


Tree=177
num_leaves=31
num_cat=0
split_feature=14 8 4 10 10 8 1 12 1 1 13 11 11 8 13 1 10 10 1 1 8 2 2 8 13 8 4 1 8 2
split_gain=2.05819 3.98969 13.4574 21.1141 9.33145 99.4929 7.95838 7.78762 7.4201 12.8592 7.00059 6.62372 6.48005 8.51698 7.16712 6.50513 5.89385 8.87183 10.3031 9.63916 7.59113 7.5711 11.487 27.2922 10.3425 7.21556 5.91956 7.67572 5.90552 5.84644
threshold=2.5000000000000004 0.19523809850215915 0.36939570307731634 0.62612760066986095 0.63188141584396373 0.081666667014360442 0.90054944157600414 0.90000000596046459 0.61633428931236278 0.61311829090118419 1.0000000180025095e-35 1.5000000000000002 1.5000000000000002 0.12060606107115747 1.0000000180025095e-35 0.5388936996459962 0.44076909124851232 0.66192114353179943 0.85880398750305187 0.73499399423599254 0.14039409160614016 0.91042780876159679 0.92403846979141246 0.12060606107115747 1.0000000180025095e-35 0.070197045803070082 0.55086207389831554 0.54085850715637218 0.065591398626565947 0.50820556282997142
decision_type=2 2 2 2 2 2 2 2 2 2 2 2 2 2 2 2 2 2 2 2 2 2 2 2 2 2 2 2 2 2
left_child=-1 2 3 8 5 -5 11 -7 9 -2 -10 -3 15 -14 -15 -4 26 18 20 28 21 24 23 -23 -18 -20 27 -17 -19 -30
right_child=1 6 12 4 -6 7 -8 -9 10 -11 -12 -13 13 14 -16 16 17 19 25 -21 -22 22 -24 -25 -26 -27 -28 -29 29 -31
leaf_value=-0.0020973318170206525 -0.07620085852868165 0.070476650602018562 -0.027147311943633238 6.5054733090478045 0.0024617476170689955 -0.060064847209091964 0.026828155567373464 0.61654266717604511 -0.052865168744446925 -0.22244821703529941 0.20118439148041395 0.0018966360831931246 -0.078714529552968843 -0.023860653208284725 0.021273893112392549 0.44715895534932804 -0.027134273555273598 0.1745953465466156 0.070645417612516262 -0.027609834278419086 0.10336351264251459 0.12257037511440287 0.054868924500699336 1.322389781210529 0.10240099055876241 -0.0033062706781176714 0.00054735266738040027 -0.040003050929664496 0.14362996417692792 0.010127590143141447
leaf_weight=1602.9234465810337 7.1041079498176263 5.1010551178201231 28.597354102402278 0.0091386117710489101 14.339473507683577 0.20043898401854676 50.549574714474147 0.088181857667223085 4.2430694785763086 3.1127841389711648 0.43005902715412947 833.25731327225913 7.4693530765428582 44.05777849396685 17.775900689714035 0.11729287968090041 10.073614988729789 0.92306532786460849 5.4440524112433186 29.983363308245316 7.4940390743740855 0.32151649688785333 15.756433913074943 0.086643820628523827 2.8458413179687332 37.246591773175169 611.91485242940848 15.875400554834883 1.2664290494867625 17.487206940422766
leaf_count=886629 201832 1091 323302 17 9371 987 20758 33 7843 373 274 59840 2733 5364 1119 1337 24640 25 1055 767 501 205 1454 3 106 522 180176 50521 22 632
internal_value=-0.000539193 0.000869343 -0.00198419 -0.0418082 0.00936514 0.341818 0.00370797 0.146658 -0.0921128 -0.120758 -0.0294855 0.00231392 -0.000608453 -0.0181959 -0.0108854 0.000943383 0.0020048 0.0136896 0.0261473 -0.00619557 0.0495163 0.0356415 0.0630096 0.377267 0.00139919 0.00612429 -0.000394457 -0.0364301 0.0264355 0.019143
internal_weight=3376.1 1773.17 884.264 29.5273 14.6372 0.297759 888.908 0.288621 14.89 10.2169 4.67313 838.358 854.737 69.303 61.8337 785.434 756.836 128.929 79.2687 49.6601 36.5781 29.0841 16.1646 0.40816 12.9195 42.6906 627.908 15.9927 19.6767 18.7536
internal_count=1783532 896903 815214 220730 10408 1037 81689 1020 210322 202205 8117 60931 594484 9216 6483 585268 261966 29932 28486 1446 26909 26408 1662 208 24746 1577 232034 51858 679 654
is_linear=0
shrinkage=0.06


Tree=178
num_leaves=31
num_cat=0
split_feature=8 3 10 12 13 14 3 10 4 10 1 1 10 10 1 12 3 8 3 10 10 4 4 14 10 10 4 3 1 13
split_gain=2.12201 6.3947 6.21468 4.94918 9.55597 5.36996 6.93366 11.5315 4.81513 4.23053 10.0789 6.23771 3.6096 25.3113 13.6284 6.19371 13.405 7.28192 7.01082 6.93176 19.8688 10.3537 9.17966 6.03256 7.31486 7.66898 9.83046 22.7704 10.9245 9.28613
threshold=0.48684211075305944 0.93788579106330883 0.86505654454231273 0.18333333730697635 1.0000000180025095e-35 2.5000000000000004 0.90054944157600414 0.83796653151512157 0.23669467866420749 0.83796653151512157 0.1490740776062012 0.57932874560356151 0.20463493466377261 0.44076909124851232 0.68599441647529613 0.29166667163372045 0.5388936996459962 0.056349206715822227 0.82712644338607799 0.39787761867046362 0.4008928537368775 0.82446312904357921 0.8155706822872163 2.5000000000000004 0.92762354016304027 0.7117014229297639 0.45222154259681707 0.83424907922744762 0.23294574022293094 1.0000000180025095e-35
decision_type=2 2 2 2 2 2 2 2 2 2 2 2 2 2 2 2 2 2 2 2 2 2 2 2 2 2 2 2 2 2
left_child=12 2 3 5 -5 6 9 -8 -6 11 -11 -2 -1 14 -14 -16 -17 18 -18 21 -21 22 -20 -15 25 26 28 -28 -25 -30
right_child=1 -3 -4 4 8 -7 7 -9 -10 10 -12 -13 13 23 15 16 17 -19 19 20 -22 -23 -24 24 -26 -27 27 -29 29 -31
leaf_value=0.00073508165920614882 -0.040827374059173416 0.045245589739021569 -0.00062704369176431725 -0.037360146984073493 -0.0016700539112501651 0.051860975520225686 0.062434542403484963 -0.29759989963989669 0.031175795435639884 0.1532905155221434 0.01565858053604717 0.031215780124293116 -0.076720404830340552 -0.0082419230244838975 -0.037465376097876271 0.48182588831048878 -0.056036272543132086 -0.022686779506739398 0.13214544842164655 0.59950869062860512 -0.060711722402112284 0.013807449104803563 0.70587132374219075 0.015899416674268377 0.023713382853955012 -0.0049518304842249066 0.03548933588067639 -0.0052824057762813001 -0.070686639998735021 0.0097665239786585995
leaf_weight=1206.5474102427074 7.6342661851376858 12.008040092208828 872.09481592592783 15.965370903970323 32.629432972404175 20.461766166321468 0.61667671846225747 0.66627543093636632 31.6555483451084 2.5001331139355889 8.1910684556351026 9.9857615347718802 23.714897272099279 354.31544401867234 25.313011310385718 0.2147929123011626 1.158069197496842 10.432378367474483 0.28405185785959552 0.34967167941795185 0.30919491253007436 2.0394303424836835 0.15527978225145489 19.252666411542158 48.875342495462974 447.76944017923233 93.454350619299419 104.40011517149833 16.132070834915023 7.5969919280698823
leaf_count=62851 1309 28645 48258 361 368 602 23 24 3387 71 430 127 983135 271629 124503 55 2243 352 101 22 103 267 10 24543 2504 25252 54353 3653 136529 7822
internal_value=-0.000574776 0.00172052 0.00119912 0.013421 0.00418597 0.0282268 0.0118858 -0.124542 0.0145041 0.0180682 0.0478438 1.49235e-06 -0.00156041 -0.00395675 -0.0406388 -0.0193829 0.0112485 0.00438561 0.0701326 0.1167 0.289678 0.070722 0.334926 -0.00180747 0.0012839 -0.000308085 0.0083257 0.0139757 -0.0176824 -0.0449291
internal_weight=3376.72 1014.41 1002.4 130.306 80.2504 50.0559 29.5942 1.28295 64.285 28.3112 10.6912 17.62 2362.31 1155.77 63.9708 40.2559 14.9429 14.7281 4.2957 3.13763 0.658867 2.47876 0.439332 1091.8 737.481 688.606 240.836 197.854 42.9817 23.7291
internal_count=1783532 83605 54960 6702 4116 2586 1984 47 3755 1937 501 1436 1699927 1637076 1110791 127656 3153 3098 2746 503 125 378 111 526285 254656 252152 226900 58006 168894 144351
is_linear=0
shrinkage=0.06


Tree=179
num_leaves=31
num_cat=0
split_feature=9 3 10 6 3 2 9 11 10 1 2 9 11 11 10 11 8 8 10 14 3 12 2 1 3 11 1 8 12 8
split_gain=2.18177 6.44663 6.32968 5.45239 10.0544 7.86668 8.50054 6.98923 12.9025 12.7801 12.4672 10.9164 10.0381 7.98614 7.58012 7.25833 7.06779 7.61383 6.74107 6.69334 8.38751 6.20297 6.03437 9.08396 6.86862 6.19348 6.73217 6.01451 5.95052 6.57632
threshold=0.75694981217384349 0.96824595332145702 0.7117014229297639 1.5000000000000002 0.84889996051788341 0.58102023601531994 0.83087757229805004 3.5000000000000004 0.94461485743522655 0.44346116483211523 0.17467582225799563 0.85990655422210704 6.5000000000000009 8.5000000000000018 0.8916430175304414 5.5000000000000009 0.92582416534423839 0.91287881135940563 0.99758455157279979 2.5000000000000004 0.83424907922744762 0.29166667163372045 0.76253134012222301 0.65868008136749279 0.69804355502128612 11.500000000000002 0.84273937344551098 0.72077924013137828 0.35416667163372045 0.72077924013137828
decision_type=2 2 2 2 2 2 2 2 2 2 2 2 2 2 2 2 2 2 2 2 2 2 2 2 2 2 2 2 2 2
left_child=-1 2 -2 4 7 -5 -7 8 -4 10 -10 13 15 28 -14 -13 17 27 22 20 -16 -12 23 -8 -24 -26 -27 -15 29 -9
right_child=1 -3 3 5 -6 6 18 11 9 -11 21 12 14 16 19 -17 -18 -19 -20 -21 -22 -23 24 -25 25 26 -28 -29 -30 -31
leaf_value=-0.0014253554932791902 0.10915288571997089 0.060131040756179685 0.024810860398128923 -0.31464221473550152 0.045020704345017926 0.012655417446493669 0.009101976139940432 -0.023691239100952784 0.050570563770165784 0.066024374905956584 -0.012409012559509217 0.0052402739998781882 -0.10943806942314677 -0.076780654789843417 0.012733815031322447 -0.023091076148495891 0.04173440831902113 -0.19643461800663306 0.038248292386801788 0.038866608677995025 -0.15851280121612935 -0.098224126624969196 0.029962189900019382 -0.19292203965057794 -0.018635318490953644 -0.18069311529705798 0.062803322390921262 -0.013770240428570855 0.0027693872851784988 0.044318252612333561
leaf_weight=2529.4506257566854 1.9661329714217561 6.8352175725303814 99.571585735771805 0.29967748373746772 20.8427951449994 56.175220857272507 1.4909887225367122 73.341781658149557 3.7094076601788464 4.4311260115937321 4.3167607225477669 112.41661956484313 1.6175741708138947 10.831803859095098 77.339024226821493 45.823891974432627 3.2045774768339461 1.2655223500332784 8.0340203773521335 48.205076750775333 1.0435477120918211 10.191004144726321 10.570732003252486 1.7320721969008444 112.58342042955337 1.6511584690306329 0.54325222774059501 10.983396182535214 107.21185033442453 5.5025729121407485
leaf_count=1711699 126 20999 4109 3 4893 5023 49 2287 56 421 45 3671 25 176 3118 1409 161 36 8230 2066 85 70 820 27 10486 105 143 349 2762 83
internal_value=-0.000544054 0.00209803 0.00162405 0.00137084 0.00403017 -0.00746946 -0.00699196 0.00265441 0.0155133 -0.0253626 -0.0475915 -0.000496466 0.00714592 -0.0108059 0.0196244 -0.00296403 -0.0417636 -0.0533566 -0.0150714 0.0212736 0.0104539 -0.07269 -0.0184032 -0.0994657 -0.0163188 -0.0205812 -0.120413 -0.0450565 -0.00643237 -0.0189448
internal_weight=3373.18 843.732 836.897 834.93 641.85 193.081 192.781 621.007 122.22 22.6483 18.2172 498.787 286.446 212.342 128.205 158.241 26.2853 23.0807 136.606 126.588 78.3826 14.5078 128.572 3.22306 125.349 114.778 2.19441 21.8152 186.056 78.8444
internal_count=1783532 71833 50834 50708 25822 24886 24883 20929 4701 592 171 16228 10374 5854 5294 5080 722 561 19860 5269 3203 115 11630 76 11554 10734 248 525 5132 2370
is_linear=0
shrinkage=0.06


Tree=180
num_leaves=31
num_cat=0
split_feature=4 4 1 11 2 8 2 1 1 11 13 4 8 11 1 8 1 0 4 4 2 0 2 8 4 1 4 9 6 1
split_gain=2.04845 11.0188 9.67931 9.43814 11.4439 6.57413 5.83189 7.07379 13.6721 6.12728 5.5959 10.9785 23.2316 9.51859 11.1434 10.5942 8.59997 12.8371 8.51486 9.19436 8.43754 7.22249 17.2744 10.3946 10.0194 7.6507 6.58508 8.36451 6.16037 5.45277
threshold=1.0000000180025095e-35 0.17519181966781619 0.1490740776062012 3.5000000000000004 0.17467582225799563 0.24404761940240863 0.59675306081771862 1.0000000180025095e-35 0.17712418735027316 4.5000000000000009 1.0000000180025095e-35 0.35948719084262853 0.28174604475498205 3.5000000000000004 0.90054944157600414 0.44097222387790685 0.25176055729389196 0.30952382087707525 0.2828571498394013 0.31698563694953924 0.19139194488525393 1.0000000180025095e-35 0.61938297748565685 0.075498577207326903 0.4629120826721192 0.43714080750942236 0.18393234908580783 0.4349838942289353 1.5000000000000002 0.52689418196678173
decision_type=2 2 2 2 2 2 2 2 2 2 2 2 2 2 2 2 2 2 2 2 2 2 2 2 2 2 2 2 2 2
left_child=6 2 3 4 5 -2 7 -1 -9 -10 11 12 -3 20 15 -15 18 -18 -14 -20 26 23 24 -13 -23 -24 -12 -28 -19 -8
right_child=1 10 -4 -5 -6 -7 29 8 9 -11 13 21 16 14 -16 -17 17 28 19 -21 -22 22 25 -25 -26 -27 27 -29 -30 -31
leaf_value=0.0029231205470142034 -0.081813416878954798 -0.058484650290088598 -0.035446736923192043 -0.025236504894862521 0.2000632123121264 0.049187404778000765 0.072766607155412805 -0.11202560671036117 0.035213757123443462 -0.052674054358737094 0.19393406520862319 -0.050893749506995024 0.0020651438751446618 -0.040353270403244108 0.055552107613339625 -5.308441627838057e-05 -0.026505188934186175 0.099337189726988906 0.1002483384256689 -0.023729985051677272 0.012806336365549453 0.025360284912047684 -0.046718526759191574 0.01954517296206881 -0.052090529824800003 -0.00039858587202262156 -0.10571719356675381 0.076711744074999227 -0.072303507970412892 0.0070437346476857404
leaf_weight=526.99842147456752 1.6829302251281477 37.477839820806139 59.953912781746496 12.704110346634478 1.5821023236499048 7.638611632737593 8.1186830270589798 5.7128280455012854 7.2869112033574748 4.6960643485035689 1.368752254791813 8.1502207475847097 35.350688189924767 25.463747565786434 12.054803515311503 301.92719293848495 57.045747229654125 4.4739134713236117 7.3372230518743873 3.04801786553071 187.70589352076311 7.2226320490787534 12.925513461493663 101.0540709182973 35.904087749725306 1877.2823263352202 1.055521238006804 6.3367407583091335 0.90506746362370893 10.32276126170518
leaf_count=41269 2202 337031 43435 324 825 526 560 1026 5011 190 36 229109 4378 4161 22585 27787 28261 72 731 286 36609 137358 34720 62560 312741 448155 114 228 114 1128
internal_value=-0.000508988 -0.00117141 -0.0226326 0.00990989 0.0508598 0.0255362 0.00279367 0.00167018 -0.0356437 0.000770992 -0.000513084 -0.00185889 -0.0177747 0.00498194 -0.00110151 -0.00318754 -0.00366864 -0.0181502 0.0160972 0.0638613 0.0154926 -0.000724045 -0.00157201 0.0142881 -0.0391195 -0.000715328 0.0730467 0.0506632 0.0704569 0.0359776
internal_weight=3370.79 2807.65 83.5617 23.6078 10.9036 9.32154 563.136 544.694 17.6958 11.983 2724.09 2188.18 145.638 535.913 339.446 327.391 108.161 62.4247 45.7359 10.3852 196.467 2042.54 1933.33 109.204 43.1267 1890.21 8.76101 7.39226 5.37898 18.4414
internal_count=1783532 1734348 47312 3877 3553 2728 49184 47496 6227 5201 1687036 1595516 370873 91520 54533 31948 33842 28447 5395 1017 36987 1224643 932974 291669 450099 482875 378 342 186 1688
is_linear=0
shrinkage=0.06


Tree=181
num_leaves=31
num_cat=0
split_feature=11 8 14 4 4 1 11 2 1 1 1 1 8 11 11 9 8 8 13 12 4 8 0 2 4 9 9 0 1 4
split_gain=1.9334 10.5417 5.39171 2.41729 10.7484 9.32054 8.29773 9.38066 6.16978 8.39279 10.7748 7.9079 5.90401 8.92701 8.00324 5.97019 6.71886 5.87442 5.64328 9.83405 9.81149 21.5635 9.09693 9.10882 9.50882 8.85099 7.9195 7.44575 10.9014 7.57277
threshold=11.500000000000002 0.75735294818878185 2.5000000000000004 1.0000000180025095e-35 0.17519181966781619 0.1490740776062012 3.5000000000000004 0.17467582225799563 0.38327018916606909 1.0000000180025095e-35 0.17712418735027316 0.51649147272109996 0.67708334326744091 6.5000000000000009 6.5000000000000009 0.65232810378074657 0.57518798112869274 0.24404761940240863 1.0000000180025095e-35 0.35416667163372045 0.35948719084262853 0.28174604475498205 0.41428571939468389 0.33489097654819494 0.34549072384834295 0.25466126203536993 0.39662297070026403 0.30952382087707525 0.25176055729389196 0.2828571498394013
decision_type=2 2 2 2 2 2 2 2 2 2 2 2 2 2 2 2 2 2 2 2 2 2 2 2 2 2 2 2 2 2
left_child=3 -2 -3 8 5 6 7 17 9 12 -11 -10 14 -14 -1 -16 -17 -5 20 26 21 -6 23 -21 -25 -26 -20 28 29 -23
right_child=1 2 -4 4 18 -7 -8 -9 11 10 -12 -13 13 -15 15 16 -18 -19 19 22 -22 27 -24 24 25 -27 -28 -29 -30 -31
leaf_value=0.0030510746256141143 -0.10010800406046146 -0.018922755891334197 0.045979292761307383 -0.080491894217103788 -0.05698126871078852 -0.035579839033481803 -0.024020486441013518 0.17832163824710257 0.082110759911723258 -0.10864728963163231 -0.0033586859444456195 0.0053710250766865327 -0.0097335354165497059 0.031588680590526427 0.019862806930108834 -0.080098657908801968 -0.019078260092491792 0.045427774849237233 0.030620629891230672 0.014089263094327849 -0.00070240868947218026 0.0012707499505163714 0.023488561910170774 -0.028135867837919614 -0.11151874515162621 0.0050012435944016423 -0.023402889652678453 0.065361625091794495 -0.024854972657942037 0.059175407727535462
leaf_weight=393.80647896803998 4.5169525161763913 15.362007061186889 6.5824906411507973 1.610150997750077 36.198296946635651 57.66445996759527 12.679758512314036 1.6658125136236765 8.0142875421743174 5.5402834965013872 9.4969327677524671 12.182776340139979 28.236705369316041 56.441698676906526 8.2449290005024505 9.3370673162862676 21.349226135760546 7.7702863713784609 11.563669625948846 159.16469590478846 2038.9870990927252 35.121572511863633 110.28415415903874 49.088898975744542 2.3908632782986379 127.61733987459684 62.930204978782598 5.3837707466445854 55.748612370172509 10.58005120308553
leaf_count=36684 123 1564 989 2202 337031 43416 321 825 1582 1026 3781 1511 1109 2585 114 144 194 526 2342 5642 1224342 4373 54088 4859 81 12749 9871 187 28259 1012
internal_value=-0.000481743 -0.0166361 0.000545319 -0.000353723 -0.00107268 -0.0225559 0.009098 0.047114 0.00327122 0.00203652 -0.042151 0.0358217 0.0033207 0.0178095 0.000485531 -0.0254661 -0.0376452 0.0238137 -0.000426286 0.00517117 -0.00176802 -0.0169588 0.00852397 0.00364503 -0.00563683 0.00285843 -0.0150168 -0.00339806 -0.00704701 0.0146758
internal_weight=3365.56 26.4615 21.9445 3339.1 2786.45 81.3905 23.726 11.0462 552.65 532.453 15.0372 20.1971 517.416 84.6784 432.738 38.9312 30.6863 9.38044 2705.06 523.04 2182.02 143.032 448.546 338.262 179.097 130.008 74.4939 106.834 101.45 45.7016
internal_count=1783532 2676 2553 1780856 1732126 47290 3874 3553 48730 45637 4807 3093 40830 3694 37136 452 338 2728 1684836 89632 1595204 370862 77419 23331 17689 12830 12213 33831 33644 5385
is_linear=0
shrinkage=0.06


Tree=182
num_leaves=31
num_cat=0
split_feature=3 9 6 1 4 6 1 11 1 9 8 1 6 0 9 4 0 3 1 6 2 1 2 1 3 13 8 9 8 8
split_gain=1.94788 7.55934 4.47499 6.87104 6.54473 5.62134 4.56636 5.48184 7.26472 7.82536 4.45305 3.48321 3.19951 9.06921 5.68409 6.30641 9.89264 9.1171 5.95068 5.59094 15.9939 7.01313 5.2945 4.96443 4.91199 8.22818 5.83475 5.28635 5.39302 8.05644
threshold=0.99450549483299266 0.68100523948669445 1.5000000000000002 0.85270008444786083 0.89125296473503124 3.5000000000000004 0.79277813434600841 1.5000000000000002 0.78319624066352855 0.56615138053894054 0.11651583760976793 0.53694942593574535 2.5000000000000004 0.58571431040763866 0.84521561861038219 0.99122807383537304 0.6904762089252473 0.6820855736732484 0.64326766133308422 3.5000000000000004 0.92907443642616283 0.74239632487297069 0.83225107192993175 0.76506900787353527 0.90054944157600414 1.0000000180025095e-35 0.32666666805744177 0.95090001821517955 0.58578431606292736 0.62019231915473949
decision_type=2 2 2 2 2 2 2 2 2 2 2 2 2 2 2 2 2 2 2 2 2 2 2 2 2 2 2 2 2 2
left_child=12 2 -2 6 -5 -6 7 11 10 -10 -9 -4 -1 22 15 19 -17 18 -18 -15 -21 -22 23 -14 26 27 -16 28 -26 -30
right_child=1 -3 3 4 5 -7 -8 8 9 -11 -12 -13 13 14 24 16 17 -19 -20 20 21 -23 -24 -25 25 -27 -28 -29 29 -31
leaf_value=-0.00025592526304270242 -0.01513488018725055 0.06029274523178807 -0.090468789482936504 -0.24548896676656889 0.0006270263978212597 0.055962475042443303 0.080919066435362549 -0.26477690966531392 -0.54039380358710754 -0.062120904014222149 0.0048022943449105302 0.044585180050257085 -0.043679063272393882 0.038076331611470712 -0.15081789347660332 -0.050570994069547896 0.069753362411708209 0.001068149996998224 -0.088666267068376076 0.12966234810990382 -0.31528113723477535 -0.074998647556371992 -0.083292048133203761 0.18379586111147211 -0.045979355808528972 0.060533293584543062 -0.0061215047588000469 0.023188428708702961 -0.23307567182007879 -0.072838642148046265
leaf_weight=2791.6017729667819 42.827332987100817 8.4430003263405506 0.71949723600119853 0.38362047080590755 187.09710295239347 6.8509986422868669 5.9108695637842166 0.23208372201770444 0.19907543750014145 0.32293839202611707 4.4544276243104832 15.454819537990259 0.93996072138634079 21.695927870343443 1.0460220257518837 15.810350583264151 0.98720860244065889 200.07383223259603 6.306698574728216 1.20725161350856 0.61065653453260926 1.5402939407067604 8.1070368522241534 0.54601964660469093 3.8044679019367269 1.7600195228151285 24.535920602706028 1.5079792652686599 1.9996579347643999 2.5960971506137867
leaf_count=1721635 3766 22827 23 24 11234 482 498 3 34 24 787 573 322 1161 13 1542 86 11586 430 30 42 119 1245 57 117 2119 2418 102 41 192
internal_value=-0.000454386 0.00440451 0.0026202 0.00605123 0.00209199 0.00258169 0.0342411 0.0213379 -0.0321971 -0.244515 -0.00854771 0.0385774 -0.000883965 -0.00682562 -0.0048974 -0.00161775 -0.00482201 -0.00133397 -0.0672246 0.0269252 -0.0451174 -0.143215 -0.0642084 0.039906 -0.0267527 -0.0590139 -0.012038 -0.0802494 -0.0988182 -0.142559
internal_weight=3359.57 272.896 264.453 221.625 194.332 193.948 27.2937 21.3828 5.20853 0.522014 4.68651 16.1743 3086.68 295.075 285.482 248.232 223.178 207.368 7.29391 25.0541 3.3582 2.15095 9.59302 1.48598 37.2502 11.6682 25.5819 9.9082 8.40022 4.59576
internal_count=1783532 40275 17448 13682 11740 11716 1942 1444 848 58 790 596 1743257 21622 19998 14996 13644 12102 516 1352 191 161 1624 379 5002 2571 2431 452 350 233
is_linear=0
shrinkage=0.06


Tree=183
num_leaves=31
num_cat=0
split_feature=6 8 10 10 2 8 3 10 11 4 4 4 11 10 10 13 1 8 4 10 0 0 10 4 4 4 10 10 0 2
split_gain=1.92462 3.41222 2.38369 3.42551 2.80491 1.78767 5.32463 5.20234 7.83757 5.15926 6.37617 4.79831 4.60061 10.2956 7.88904 8.44751 9.38661 6.94529 20.6696 18.0094 18.7314 13.0194 12.4203 11.151 9.93983 8.86517 8.57964 13.0827 6.9436 11.9818
threshold=4.5000000000000009 0.58578431606292736 0.94461485743522655 0.93771553039550792 0.96922349929809581 0.48684211075305944 0.99450549483299266 0.86505654454231273 4.5000000000000009 0.15192308276891711 0.15587044507265094 0.10668563470244409 2.5000000000000004 0.62612760066986095 0.92762354016304027 1.0000000180025095e-35 0.19560018926858905 0.21980676054954532 0.46737588942050939 0.69452759623527538 0.43650794029235845 0.30952382087707525 0.7117014229297639 0.92450141906738292 0.4654348641633988 0.4654348641633988 0.87737199664115917 0.80874970555305492 1.0000000180025095e-35 0.60814526677131664
decision_type=2 2 2 2 2 2 2 2 2 2 2 2 2 2 2 2 2 2 2 2 2 2 2 2 2 2 2 2 2 2
left_child=5 -2 3 4 -3 12 7 8 9 11 -11 -7 17 -14 28 -16 -17 18 19 20 24 -21 -19 -24 -1 -22 27 -20 -15 -30
right_child=1 2 -4 -5 -6 6 -8 -9 -10 10 -12 -13 13 14 15 16 -18 22 26 21 25 -23 23 -25 -26 -27 -28 -29 29 -31
leaf_value=-0.066010818385310588 0.079783437705284982 -0.22744166518108486 0.063267073376572988 -0.40037626413449956 0.067201699118742908 0.0056169226364265745 0.060035221291861021 -0.00035309727594326306 -0.011635895277918615 0.27251074121316254 0.02806288811101158 -0.087510587555812078 -0.046360881486919817 -0.0015217367446418656 0.029415976927959945 -0.031884134209324753 0.033047994661768935 0.031162578104599357 0.00048734650934541583 -0.0050718708841963394 -0.0050785754311233455 0.12557367550283166 0.0098906656755535349 -0.024841119455248174 -0.18852174393379209 0.32212448764221058 0.050089263203329126 -0.045137380353469515 -0.08179907029749961 -0.013128240866466656
leaf_weight=34.528457646579461 2.598376082918548 0.19478889177844372 0.4034549032439827 0.12818091777444351 0.2887047921467456 20.4718267369899 5.5910090760007725 870.3368173113995 35.238667461206205 0.38621246709953894 71.592271833927953 2.2064192476100279 22.059432518194171 263.85027471389549 46.461262786557199 23.21917231194675 12.239664615670334 68.509307389441801 1447.3846879935168 19.728713361218983 17.415752024909725 3.1900498514296478 130.43872813923372 44.676482427108567 2.5609706852033787 0.30328621993430616 12.302494104515061 22.984853007044876 9.6753045567202189 167.51625968467124
leaf_count=681091 181 4 201 21 77 289 23215 52846 1502 16 5300 74 22296 41793 1192 151 1295 37857 863351 5915 7869 68 10087 3791 12094 24 493 536 1647 8256
internal_value=-0.00042451 0.0433403 -0.0499413 -0.124612 -0.0515036 -0.000471649 0.00164497 0.00131858 0.0125193 0.0215118 0.0293745 -0.00344367 -0.00137795 -0.00620885 -0.00451516 0.0125839 -0.00947089 8.15324e-05 -0.00138949 -0.0315498 -0.0502258 0.0131126 0.00950331 0.00102968 -0.07447 0.000521964 0.00019163 -0.00022586 -0.00769119 -0.0168779
internal_weight=3358.48 3.61351 1.01513 0.611675 0.483494 3354.87 1005.82 1000.23 129.895 94.6567 71.9785 22.6782 2349.05 545.021 522.962 81.9201 35.4588 1804.02 1560.4 77.7272 54.8085 22.9188 243.625 175.115 37.0894 17.719 1482.67 1470.37 441.042 177.192
internal_count=1783532 484 303 102 81 1783048 83242 60027 7181 5679 5316 363 1699806 76630 54334 2638 1446 1623176 1571441 707061 701078 5983 51735 13878 693185 7893 864380 863887 51696 9903
is_linear=0
shrinkage=0.06


Tree=184
num_leaves=31
num_cat=0
split_feature=6 8 9 2 9 3 11 9 8 6 3 9 0 11 9 11 8 11 11 8 3 2 2 8 9 9 12 12 8 2
split_gain=1.78522 3.16099 3.7402 2.08403 1.81602 5.42911 4.73649 10.2314 4.935 4.62055 9.1435 6.5245 10.8932 6.34118 9.42517 8.90781 8.71001 6.96671 6.27105 6.08443 5.85943 6.10309 7.57862 5.64544 5.43775 5.99611 5.01012 5.90693 5.6839 4.94385
threshold=4.5000000000000009 0.58578431606292736 0.49892704188823706 0.9634092152118684 0.75694981217384349 0.96824595332145702 7.5000000000000009 0.57207792997360241 0.87083333730697643 1.5000000000000002 0.84889996051788341 0.83087757229805004 0.41428571939468389 3.5000000000000004 0.85990655422210704 6.5000000000000009 0.94281044602394115 8.5000000000000018 5.5000000000000009 0.92582416534423839 0.80982521176338207 0.87585616111755382 0.86391696333885204 0.91287881135940563 0.92545253038406383 0.88581016659736644 0.35416667163372045 0.63333335518836986 0.72077924013137828 0.76253134012222301
decision_type=2 2 2 2 2 2 2 2 2 2 2 2 2 2 2 2 2 2 2 2 2 2 2 2 2 2 2 2 2 2
left_child=4 -2 -3 -4 6 9 8 -8 -1 10 13 12 -11 16 17 18 -6 26 -16 23 -17 22 -22 -19 25 -20 28 -28 -15 -13
right_child=1 2 3 -5 5 -7 7 -9 -10 11 -12 29 -14 14 15 20 -18 19 24 -21 21 -23 -24 -25 -26 -27 27 -29 -30 -31
leaf_value=-0.001117601372977165 0.079740943480374304 -0.31873349570929832 -0.13247111013416124 0.064849653990416242 0.017633470517344593 0.060134571164388341 0.056526791748546225 -0.032917824901899623 0.034294199999155339 -0.14702766392118327 0.044001551352787563 -0.084228711475652029 0.015154728934390337 -0.021760859556199458 0.0050438237013847214 0.02087286681993835 -0.080370420036449938 -0.041834566328503173 -0.0034160735577155833 0.040375698506931741 -0.062712116571982418 0.066426034503690071 -0.34623583831857441 -0.16651778969296205 0.0038777928257082653 -0.060771840932697677 0.027085877625907879 -0.0054888865271660869 0.041716130775288164 -0.011734151073669801
leaf_weight=2461.2001504946115 2.4483244659131738 0.15329228583141208 0.28238420575507917 0.60665351405623369 119.42163544773211 5.7389689312767578 5.2818488893681197 35.87059339863481 14.249532280024139 1.5328307701274742 19.969205432920717 3.4742078639683305 54.516297331996611 72.589758144080406 111.91583869748865 122.4543613101705 3.3563875952386288 21.814663891273092 10.820660821686035 3.0854932569200164 1.8116427321801891 0.94049756144522678 0.41764520050492127 1.3906679694773618 18.498666534083895 16.671370200812817 26.755518006742932 79.845108811394311 5.4602632328169411 134.22008665259636
leaf_count=1706242 181 11 19 273 4720 20826 331 2132 2815 36 4897 119 4999 2296 3671 4976 63 525 232 161 150 159 9 36 755 422 458 2305 83 19630
internal_value=-0.000399626 0.0424865 -0.0450202 0.00217485 -0.000444269 0.0019773 -0.00124938 -0.0214378 -0.000913759 0.00157564 0.00404268 -0.00653842 0.0107194 0.00274994 -0.000280425 0.00686464 0.0149543 -0.00988425 -0.00262115 -0.0387816 0.018788 -0.0617525 -0.115829 -0.0493067 -0.0212734 -0.038197 -0.00576981 0.002687 -0.0173201 -0.0135633
internal_weight=3356.79 3.49065 1.04233 0.889038 3353.3 836.702 2516.6 41.1524 2475.45 830.963 637.219 193.743 56.0491 617.25 494.472 283.531 122.778 210.941 157.907 26.2908 125.624 3.16979 2.22929 23.2053 45.9907 27.492 184.651 106.601 78.05 137.694
internal_count=1783532 484 303 292 1783048 71528 1711520 2463 1709057 50702 25918 24784 5035 21021 16238 10374 4783 5864 5080 722 5294 318 159 561 1409 654 5142 2763 2379 19749
is_linear=0
shrinkage=0.06


Tree=185
num_leaves=31
num_cat=0
split_feature=4 10 0 1 4 2 1 6 2 4 3 2 3 8 3 4 0 1 1 2 3 4 1 4 10 1 1 3 8 3
split_gain=1.71127 28.7441 10.2959 13.5238 13.1227 9.78918 16.3387 9.22626 17.9459 14.2818 11.1053 17.8078 9.75953 9.10533 7.771 67.8562 7.72424 7.36265 10.0062 7.92581 8.61112 11.5204 7.64533 7.08683 7.03318 6.52439 24.1006 104.495 6.26699 6.2427
threshold=0.35948719084262853 0.63661757111549389 0.23611111193895343 0.29679679870605474 1.0000000180025095e-35 0.67041200399398815 0.65030118823051464 1.0000000180025095e-35 0.61311829090118419 0.4629120826721192 0.44920890033245092 0.44562648236751562 0.27639257907867437 0.08893280848860742 0.20761494338512423 0.41982863843441015 0.18333333730697635 0.49742268025875097 0.40212766826152807 0.3647450208663941 0.29190073907375341 0.38529014587402349 0.36451049149036413 0.85053193569183361 0.99758455157279979 0.52027395367622387 0.52223318815231334 0.3536857813596726 0.32666666805744177 0.29459981620311743
decision_type=2 2 2 2 2 2 2 2 2 2 2 2 2 2 2 2 2 2 2 2 2 2 2 2 2 2 2 2 2 2
left_child=1 -1 3 -3 -5 6 -6 10 9 14 11 17 -11 -12 15 -9 23 18 19 20 -2 22 29 -10 -18 -16 27 -27 -19 -22
right_child=7 2 -4 4 5 -7 -8 8 16 12 13 -13 -14 -15 25 -17 24 28 -20 -21 21 -23 -24 -25 -26 26 -28 -29 -30 -31
leaf_value=-0.057633308657580672 -0.0064590622655129422 0.0020652327749634109 0.058550781653057167 0.023955510445479132 -0.022892020645239958 -0.067921441145094491 0.079247718633681116 -0.061914168203831436 -0.11591102949298336 0.10474389392830606 -0.04020232031929976 -0.090352646621678509 -0.057404703366684996 0.028812760417203105 -0.0073928894934633541 4.6380184811439769 -0.00015452160375091411 -0.011831502223558362 -0.029905420945693744 -0.023314639070995204 0.63074764570818054 0.01910384122912729 -0.068135081173271897 -0.70964909796485764 0.032687623230843101 7.9529785593950013 0.080774184904603988 0.018702246937981226 0.070328982419270977 0.11890284244020238
leaf_weight=32.870053782828563 16.403677603346154 786.07550630879996 10.486837526026646 24.349203626832605 120.45299127855651 16.002747906699369 5.9149196984872097 0.082551633760742926 1.0505155247069513 1.3835394863322097 7.3312082128724958 7.6205594669061147 39.139905796620866 112.29796122007741 7.0255567721972039 0.012769447415848845 2054.9418156876332 4.9781189733871534 30.133970027244914 15.615885842385067 0.086763116536532681 15.443871372960301 0.81925728610485737 0.077725579976686165 23.745488247528556 0.0074874454621752786 2.7251910718214276 0.029594250712307257 10.170551732982856 7.58957695393633
leaf_count=407579 11267 37743 1289 1148 35674 2350 296 123 9324 1528 101314 9368 299365 17805 121463 52 527391 18683 81217 27453 239 22798 3030 7 23361 22 13013 552 804 7274
internal_value=-0.00037353 -0.00245873 -0.000576009 -0.00122678 -0.0167485 -0.0237099 -0.0181112 0.000507109 -0.000721883 -0.0360964 0.011965 -0.00190137 -0.0518687 0.0245833 0.028574 0.5677 0.000135457 0.00475645 -0.00203077 0.0129797 0.0270284 0.0499746 0.106094 -0.156814 0.000220644 0.0233235 0.101448 1.62077 0.0433296 0.124688
internal_weight=3354.87 996.152 963.282 952.795 166.72 142.371 126.368 2358.71 2130.22 50.4066 228.491 108.862 40.5234 119.629 9.88315 0.0953211 2079.82 101.242 86.093 55.959 40.3431 23.9395 8.4956 1.12824 2078.69 9.78783 2.76227 0.0370817 15.1487 7.67634
internal_count=1783532 486079 78500 77211 39468 38320 35970 1297453 996201 436118 301252 182133 300893 119119 135225 175 560083 172765 153278 72061 44608 33341 10543 9331 550752 135050 13587 574 19487 7513
is_linear=0
shrinkage=0.06


Tree=186
num_leaves=31
num_cat=0
split_feature=11 12 4 9 1 2 3 1 2 3 1 4 12 9 4 4 1 9 2 11 11 9 2 9 2 13 12 11 3 4
split_gain=1.77538 5.98496 4.81319 4.08583 4.08104 4.73774 3.72719 4.89055 3.64552 4.88485 7.29154 2.41267 2.33696 2.7119 2.05807 9.51669 8.27525 7.50168 15.525 25.0165 8.15809 8.56209 5.70716 5.59009 5.03291 4.56992 8.38927 8.25257 12.6446 7.90137
threshold=11.500000000000002 0.70833334326744091 0.3964285701513291 0.92545253038406383 0.34525330364704138 0.47559523582458502 0.82712644338607799 0.84273937344551098 0.99450549483299266 0.82097071409225475 0.76506900787353527 0.13484849035739901 0.22500000149011615 0.81364238262176525 1.0000000180025095e-35 0.17519181966781619 0.1490740776062012 0.38814750313758856 0.14459930360317233 3.5000000000000004 3.5000000000000004 0.75694981217384349 0.19139194488525393 0.81364238262176525 0.57932874560356151 1.0000000180025095e-35 0.35416667163372045 3.5000000000000004 0.85880398750305187 0.35948719084262853
decision_type=2 2 2 2 2 2 2 2 2 2 2 2 2 2 2 2 2 2 2 2 2 2 2 2 2 2 2 2 2 2
left_child=14 2 3 12 -3 -6 -4 -8 11 10 -10 -7 -2 -14 23 16 17 18 -16 -20 21 22 -19 -1 -25 29 -27 -28 -29 -17
right_child=1 4 6 -5 5 8 7 -9 9 -11 -12 -13 13 -15 15 25 -18 20 19 -21 -22 -23 -24 24 -26 26 27 28 -30 -31
leaf_value=-0.00034001812229937075 -0.17044464773111556 0.029233089758152368 0.047524667385816712 0.0023582075291036391 -0.10347219600642435 -0.1341893745564999 -0.153071605128766 0.062628704427500417 0.060323305340421358 0.060552701265655415 -0.32893329655805259 0.058964991318148877 -0.14096107633316327 -0.019603924319373304 0.12049373222592036 -0.015323638540696103 -0.0337580491765678 -0.016697499205934597 -0.06024034229449577 2.7589664292181326 -0.031176957600363008 0.11302315925926658 0.18324131578680808 0.011378872783222986 0.070704134270559979 -0.013918356968423693 0.018734682924358703 -0.0016175600908493401 0.050366196139439913 -0.00058031213889065737
leaf_weight=416.68302483674142 1.7436588993296043 10.287749210925542 2.2750074099749331 1.3646133877336977 2.1857065756339571 0.25499583780765567 1.0036936384130966 0.60740824101230817 0.28073837936972246 0.51991576498403447 0.45243128878064454 2.6750860128231579 1.3420363764744254 1.3099400402279568 0.86394949554451272 139.85221127983868 56.591150002215819 6.1463905529485618 0.024244076210379717 0.021274330094456673 12.434602284197352 3.7709869325626642 0.56085769999117463 128.40926615148783 5.3630532183451569 74.235395247790393 160.60308391592184 264.17252043560893 17.992309918954561 2035.714396513647
leaf_count=44998 11 468 87 28 37 2 38 161 169 837 93 698 18 29 417 370862 43416 2397 210 1 319 48 482 3592 140 12213 28523 19603 29293 1224342
internal_value=-0.000388159 -0.015915 -0.0535239 -0.0883354 0.00586549 -0.0318806 -0.00192399 -0.0717495 0.00552604 -0.0801241 -0.179883 0.0421554 -0.116491 -0.0810169 -0.000265274 -0.000930509 -0.02127 0.00839608 0.177395 1.2574 0.00168808 0.0406893 2.1313e-05 0.00308592 0.0137573 -0.000323071 0.00474756 0.00787712 0.0016972 -0.00152806
internal_weight=3349.74 26.303 9.64636 5.76025 16.6566 6.36887 3.88611 1.6111 4.18317 1.25309 0.73317 2.93008 4.39564 2.65198 3323.44 2772.98 80.4135 23.8223 0.909468 0.0455184 22.9128 10.4782 6.70725 550.455 133.772 2692.57 517.003 442.768 282.165 2175.57
internal_count=1783532 2676 372 86 2304 1836 286 199 1799 1099 262 700 58 47 1780856 1732126 47290 3874 628 211 3246 2927 2879 48730 3732 1684836 89632 77419 48896 1595204
is_linear=0
shrinkage=0.06


Tree=187
num_leaves=31
num_cat=0
split_feature=0 4 2 8 4 2 4 1 10 3 2 1 1 10 3 2 1 4 10 4 4 2 1 4 8 2 4 9 1 2
split_gain=1.59306 10.6152 14.5782 9.28132 29.5197 14.0213 13.5493 9.37182 9.89718 9.34888 12.6901 25.2671 15.201 10.6682 9.30686 9.23359 12.2423 11.7733 9.08297 9.06402 8.96954 8.08287 7.9836 7.84443 7.71226 7.81512 7.64493 14.4277 10.1475 7.14215
threshold=0.43650794029235845 0.58123165369033825 0.59675306081771862 0.1695402339100838 0.64075469970703136 0.90521115064620983 0.84327486157417308 0.91331186890602123 0.69452759623527538 0.80229884386062633 0.70659971237182628 0.68870675563812267 0.51456862688064586 0.76755931973457348 0.76728257536888134 0.83457711338996898 0.65868008136749279 0.73401361703872692 0.85201290249824535 0.83484846353530895 0.76533168554306041 0.74133810400962841 0.63453349471092235 0.46737588942050939 0.16333333402872088 0.97700846195220958 0.81934732198715221 0.52225759625434887 0.84797126054763805 0.65030118823051464
decision_type=2 2 2 2 2 2 2 2 2 2 2 2 2 2 2 2 2 2 2 2 2 2 2 2 2 2 2 2 2 2
left_child=3 21 -3 4 7 14 -7 8 23 10 11 -5 -12 -14 19 16 17 -16 -15 -6 -17 -2 -19 29 25 -8 27 28 -22 -1
right_child=1 2 -4 9 5 6 24 -9 -10 -11 12 -13 13 18 15 20 -18 22 -20 -21 26 -23 -24 -25 -26 -27 -28 -29 -30 -31
leaf_value=-0.053661861382402747 0.043041759413906089 -0.066371887248617673 0.0002237296072328599 -0.00045283653443170053 -0.020294123587026269 -0.058200391452354928 0.027082512528523468 0.18265682264248834 0.00035295492644271762 0.024160178886419643 0.040825870958682432 0.061045944375914957 0.0082911408681350888 -0.070972081149309779 -0.060760080550586126 -0.032461673272880132 0.062554548185617717 0.34903613115890414 -0.025550382680349922 0.045885381854978723 -0.050337629294044728 0.0065311510019357257 1.0263261597172377 -0.03305992106689068 -0.17531184911749487 -0.12057009789394292 0.012293785149627737 0.58629241284960376 0.11553827117692683 -0.11179205261696039
leaf_weight=20.453596028177223 35.647370080910328 11.914519066690444 1740.712265308563 1102.752370854229 30.364096885460327 21.375238533158154 18.737620406260255 0.65906220561919227 14.397233179464818 55.561890133300039 12.800237191060658 24.586818098548065 21.626762750623129 22.946426635840908 0.1297720493512341 9.6850906778145163 16.889994535040387 0.1453278801527631 51.241420108432067 9.8728003401065489 1.78352225562958 56.311174383289476 0.11013732883657212 30.826923889270759 0.78053020327933964 1.3859463494445652 14.91015536740815 0.20298515644390125 5.1947726729922579 12.116515549057132
leaf_count=622816 13269 19395 199977 128448 150227 4731 774 16 4453 6187 849 2945 3234 678 245 2912 4251 100 2467 4488 686 8658 49 534832 17 112 1086 12 270 65348
internal_value=-0.000367572 0.000813604 -0.000228994 -0.0018186 -0.0135165 0.00385379 -0.0246107 -0.0426468 -0.0445555 8.36552e-05 -0.000998697 0.000888427 -0.0205856 -0.0287898 0.0173321 0.0348765 0.0701827 0.404625 -0.0395994 -0.00405587 0.0156824 0.0206843 0.641033 -0.054754 0.00973598 0.0169134 0.0367893 0.0876481 0.0731435 -0.0752871
internal_weight=3346.12 1844.59 1752.63 1501.54 210.021 131.568 42.2793 78.4533 77.7943 1291.52 1235.95 1127.34 108.615 95.8146 89.2887 49.0518 17.2752 0.385237 74.1878 40.2369 31.7765 91.9585 0.255465 63.397 20.9041 20.1236 22.0914 7.18128 6.97829 32.5701
internal_count=1783532 241299 219372 1542233 1397425 169960 5634 1227465 1227449 144808 138621 131393 7228 6379 164326 9611 4645 394 3145 154715 4966 21927 149 1222996 903 886 2054 968 956 688164
is_linear=0
shrinkage=0.06


Tree=188
num_leaves=31
num_cat=0
split_feature=6 8 9 2 11 8 14 12 2 8 0 9 8 2 4 9 9 2 4 8 0 6 2 4 4 0 2 2 2 4
split_gain=1.64544 2.9589 2.60857 1.79741 1.56215 8.13757 4.78383 1.96433 4.16133 6.29601 4.14138 3.95444 3.04735 5.00664 6.63572 4.49261 2.33148 1.91388 6.9815 17.8368 8.81044 8.71807 17.7963 10.4177 8.62533 7.98565 7.76399 7.34569 6.80977 10.9881
threshold=4.5000000000000009 0.58578431606292736 0.49892704188823706 0.9634092152118684 11.500000000000002 0.75735294818878185 2.5000000000000004 0.29166667163372045 0.99450549483299266 0.80625000596046459 0.73214286565780651 0.92545253038406383 0.91987180709838878 0.47559523582458502 0.41277891397476202 0.81364238262176525 0.95090001821517955 1.0000000180025095e-35 0.35948719084262853 0.21980676054954532 0.30952382087707525 1.0000000180025095e-35 0.61311829090118419 0.58123165369033825 0.58578637242317211 0.23611111193895343 0.64326766133308422 0.82446312904357921 0.27639257907867437 1.0000000180025095e-35
decision_type=2 2 2 2 2 2 2 2 2 2 2 2 2 2 2 2 2 2 2 2 2 2 2 2 2 2 2 2 2 2
left_child=4 -2 -3 -4 17 -6 7 11 12 -10 -11 -7 16 14 15 -14 -9 -1 19 20 -19 24 23 -23 -20 28 -22 -26 -21 -30
right_child=1 2 3 -5 5 6 -8 8 9 10 -12 -13 13 -15 -16 -17 -18 18 21 25 26 22 -24 -25 27 -27 -28 -29 29 -31
leaf_value=0.0030864183184263535 0.079703613328976339 -0.24565056936736113 -0.11650540900495698 0.064599420101234012 -0.087498261450647416 -0.14392725583944374 0.044851451517678387 0.066952844923392665 -0.58621751283793599 -0.16357565476861308 0.060590975184779433 0.0079414002440821828 -0.15951157086664569 0.085409968170710962 -0.19920237340267916 0.0045673066242055737 -0.039912884454355993 -0.06539734766192884 0.0040072049319863114 0.0016408340323593295 0.13643663984017468 -0.01192948675171277 9.2481961089961072e-05 -0.067434167162190542 0.037502590900246262 0.052126927872108111 -0.020363583924208305 -0.021462392683004212 0.023727740126696123 -0.019329285879295634
leaf_weight=514.65865751898491 2.3061872905163905 0.18574208334030096 0.30152213835390285 0.57065772946225479 4.5942967531518688 1.211508957843763 6.2169408805384583 3.3492799190862552 0.092518706325791622 0.73438891932892125 0.49780286300665466 1.2583213679899925 0.69601863902062167 1.3197302050393771 0.84782451088540245 4.3891775021329522 0.94156086466682598 26.884063443333901 156.52141303865164 223.69026028185658 1.3596449413489589 27.674836632743762 2067.6896660932935 21.733546243865959 57.986167670522718 8.854577849669111 6.9369369494528996 8.7540688527988078 24.483893861832257 166.01935801542731
leaf_count=40833 181 11 19 273 123 25 988 173 19 64 579 26 30 370 13 224 41 360898 263448 18868 8456 330013 557681 106102 36057 1228 4846 1598 1152 49193
internal_value=-0.000349346 0.0415917 -0.0414893 0.0019895 -0.000391597 -0.0149991 0.000453591 -0.017542 -0.00813513 -0.108855 -0.0730128 -0.0665537 0.00342325 -0.0202884 -0.0437998 -0.0178904 0.0435028 -0.00027631 -0.000894713 -0.00766733 -0.0487172 0.000431325 -0.00075788 -0.0363446 0.0117081 -0.00425362 0.00533286 0.0297684 -0.00545892 -0.0137955
internal_weight=3342.76 3.36411 1.05792 0.87218 3339.4 26.1494 21.5551 15.3381 12.8683 1.32471 1.23219 2.46983 11.5436 7.25275 5.93302 5.0852 4.29084 3313.25 2798.59 458.229 35.1806 2340.36 2117.1 49.4084 223.262 423.048 8.29658 66.7402 414.194 190.503
internal_count=1783532 484 303 292 1783048 2675 2552 1564 1513 662 643 51 851 637 267 254 214 1780373 1739540 444641 374200 1294899 993796 436115 301103 70441 13302 37655 69213 50345
is_linear=0
shrinkage=0.06


Tree=189
num_leaves=31
num_cat=0
split_feature=3 8 6 8 11 13 8 8 1 6 14 8 1 6 1 2 1 4 2 3 1 2 2 3 8 1 1 3 3 3
split_gain=1.53929 6.02826 3.9965 5.03176 3.91905 6.62465 3.65676 8.20811 3.57301 6.38627 3.55196 4.6823 3.37422 2.88156 5.51026 5.4408 10.4001 6.9967 5.87559 7.58443 8.0191 5.75815 5.74547 5.54584 10.5435 6.82254 5.15876 7.59893 5.45463 8.03398
threshold=0.99450549483299266 0.38278388977050787 2.5000000000000004 0.097619049251079573 1.5000000000000002 1.0000000180025095e-35 0.24404761940240863 0.29705883562564855 0.85270008444786083 1.5000000000000002 2.5000000000000004 0.30217391252517706 0.53694942593574535 2.5000000000000004 0.94609123468399059 0.9634092152118684 0.90054944157600414 0.97056278586387645 0.91734972596168529 0.89512962102890026 0.83609226346015941 0.92907443642616283 0.92403846979141246 0.75716626644134533 0.42481203377246862 0.76506900787353527 0.88273492455482494 0.80982521176338207 0.68599441647529613 0.64326766133308422
decision_type=2 2 2 2 2 2 2 2 2 2 2 2 2 2 2 2 2 2 2 2 2 2 2 2 2 2 2 2 2 2
left_child=13 2 4 -4 8 6 -6 -8 9 -2 -9 -12 -11 -1 15 16 18 -18 23 -20 -21 22 -22 24 25 -15 27 28 29 -17
right_child=1 -3 3 -5 5 -7 7 10 -10 12 11 -13 -14 14 -16 26 17 -19 19 20 21 -23 -24 -25 -26 -27 -28 -29 -30 -31
leaf_value=-0.00011193132822233005 -0.032358345705669013 0.060075542719362753 0.0093391471316018725 0.060149135303759635 -0.051619706519695586 0.045677340593218471 0.051375452194840694 -0.11566200864770282 -0.0010520747823418205 -0.081224609387584176 -0.27123350708657029 0.060929748753912175 0.049262272948054797 -0.016477921172886306 0.029936276375852118 0.10692285958456386 0.064725340696296429 -0.066981940511600516 -0.021408916120879775 -0.066792880219160189 -0.19182264714567218 0.048688129704369684 -0.58805068383186121 0.017577638749007033 -0.090395246653110037 0.095057083655397057 0.008747631207216635 -0.027066441916342898 0.015412799781936758 -0.075006905520883585
leaf_weight=2772.8352930867491 5.3084342067741117 6.7315139377424194 45.857110780081712 8.2841085926338547 15.569219011231331 4.3802087882504557 4.539325494959483 2.2584351568366401 160.41777769998589 0.74738191911456198 0.17934984236490015 1.0311630075157152 15.697294568279174 8.4489050629485991 14.334183471793947 1.04760452337723 1.5699391531234166 19.333891408896307 26.625734768123952 1.8671635192295064 0.25276194477191882 0.12909393681184156 0.27517413998793927 32.5844280795136 5.7918098799418649 2.5764231559369355 85.076794620246801 52.036248305375921 37.786641866288846 5.2678181078263151
leaf_count=1721635 389 25482 1869 1425 288 1661 257 89 7807 19 27 325 637 1313 1526 181 218 1366 2096 204 18 90 36 2000 157 452 6400 2881 2428 256
internal_value=-0.000328826 0.00400573 0.00257751 0.0171135 -0.00116781 -0.0220842 -0.0346729 -0.00172602 0.00204223 0.0248611 -0.0712125 0.0117164 0.0433319 -0.000711724 -0.00634935 -0.0082025 -0.0194788 -0.0570903 -0.00946978 -0.0308322 -0.130232 -0.310513 -0.398347 0.00313537 -0.0248476 0.00958583 -0.00201378 -0.011537 0.00678626 -0.0448283
internal_weight=3338.84 271.001 264.27 54.1412 210.129 27.9577 23.5775 8.00827 182.171 21.7531 3.46895 1.21051 16.4447 3067.84 295.005 280.67 99.4553 20.9038 78.5515 29.1499 2.52419 0.65703 0.527936 49.4016 16.8171 11.0253 181.215 96.1383 44.1021 6.31542
internal_count=1783532 40275 14793 3294 11499 2647 986 698 8852 1045 441 352 656 1743257 21622 20096 7950 1584 6366 2444 348 144 54 3922 1922 1765 12146 5746 2865 437
is_linear=0
shrinkage=0.06


Tree=190
num_leaves=31
num_cat=0
split_feature=0 10 8 1 10 3 2 3 2 1 1 10 12 9 3 8 8 3 2 10 3 0 1 3 9 8 2 0 10 9
split_gain=1.46061 8.58257 7.96376 17.7022 12.9199 13.1099 9.97113 8.41527 11.4628 22.4543 13.2669 9.41853 9.01863 10.1731 13.645 9.13775 11.3192 16.0632 10.089 8.3221 6.89995 10.623 6.75773 8.73425 6.85359 7.20744 6.63359 6.0729 12.7258 6.04412
threshold=0.43650794029235845 0.99758455157279979 0.1695402339100838 0.68599441647529613 0.62087112665176403 0.77210351824760448 0.85053193569183361 0.80229884386062633 0.70659971237182628 0.68870675563812267 0.51456862688064586 0.76755931973457348 0.15476191043853763 0.48157843947410589 0.77210351824760448 0.24404761940240863 0.28174604475498205 0.67028987407684337 0.80229884386062633 0.85201290249824535 0.72255688905715953 0.38750000298023229 0.77459675073623668 0.50820556282997142 0.85990655422210704 0.72077924013137828 0.88493064045906078 0.23611111193895343 0.99758455157279979 0.77618756890296947
decision_type=2 2 2 2 2 2 2 2 2 2 2 2 2 2 2 2 2 2 2 2 2 2 2 2 2 2 2 2 2 2
left_child=2 22 3 4 -1 -6 -5 8 9 -4 -10 12 13 14 15 -12 17 18 -17 -13 26 -22 -2 -24 25 -25 27 28 -21 -15
right_child=1 -3 7 6 5 -7 -8 -9 10 -11 11 19 -14 29 -16 16 -18 -19 -20 20 21 -23 23 24 -26 -27 -28 -29 -30 -31
leaf_value=-0.052889055563807477 0.0051311688046274473 0.041006833622701584 -0.00041657213040483107 0.021615863544554269 -0.010457375485362784 0.20805526645430247 -0.012585248010315941 0.02304522763246419 0.037992108511451773 0.05845564403638482 -0.062655802257728113 -0.067677637979496469 -0.030668945962744668 0.0076307233166833157 0.54284762294746158 0.46889130539290724 0.038081209463750695 0.14221639987918991 1.3319515366273673 -0.065744297679202854 0.0069160735051208427 -0.26534425805122552 0.302155993164817 -0.0016178068253438276 -0.019370634068535949 0.061099264533237094 0.021359444608278214 -0.03312822516224969 -0.2672755890370444 0.26526451233983012
leaf_weight=51.049711559257375 682.17554275476209 18.938586006192054 1100.6068015200867 51.63444359303584 27.964741747176962 1.0246565974666726 75.647221332375466 54.882787165610353 12.718609110258454 23.82777215351075 0.7190500893300994 22.679398307853262 10.966963467388267 8.2621918144868651 0.29583608964458097 0.11242610605768255 0.59740426899224985 0.28896511463790375 0.086106174683663994 7.6248497574852117 22.250106844352562 0.5281657611776599 0.33885707677109067 1053.9353630035816 80.632945279561682 6.6380233554882571 4.7247242985758922 15.03241507144412 1.3238177852472288 0.34135981835424978
leaf_count=1289677 131124 21737 128448 67089 20201 29 20429 6187 849 2945 488 678 518 2029 32 37 63 47 17 284 1135 68 24 68381 15844 4189 522 412 46 3
internal_value=-0.000306815 0.000823788 -0.00170016 -0.012614 -0.0347233 -0.00273385 0.00128914 5.67429e-05 -0.000966522 0.000830983 -0.0195859 -0.0272274 0.00756997 0.0467507 0.165156 0.103217 0.213153 0.427696 0.843212 -0.037395 -0.0240551 0.000603102 0.000406503 -0.00241691 -0.00250734 -0.00122527 -0.0436216 -0.0564241 -0.0955578 0.0178528
internal_weight=3337.85 1842.66 1495.19 207.321 80.0391 28.9894 127.282 1287.87 1232.99 1124.43 108.552 95.8338 21.6703 10.7033 2.09979 1.80395 1.0849 0.487497 0.198532 74.1635 51.4841 22.7783 1823.72 1141.55 1141.21 1060.57 28.7058 23.9811 8.94867 8.60355
internal_count=1783532 241299 1542233 1397425 1309907 20230 87518 144808 138621 131393 7228 6379 3234 2716 684 652 164 101 54 3145 2467 1203 219562 88438 88414 72570 1264 742 330 2032
is_linear=0
shrinkage=0.06


Tree=191
num_leaves=31
num_cat=0
split_feature=6 8 9 10 9 1 10 8 0 4 2 8 4 2 4 10 4 2 4 3 2 8 4 1 2 4 9 2 4 3
split_gain=1.51734 2.7134 1.94265 2.44124 1.48941 5.44139 5.22266 3.7151 4.34626 9.56841 11.8932 10.5837 17.7059 7.37752 7.04509 12.5159 23.6824 11.5536 10.7548 11.7304 8.96731 8.26431 13.7667 7.57404 8.55678 7.52483 10.6003 8.69894 6.55669 6.54498
threshold=4.5000000000000009 0.58578431606292736 0.49892704188823706 0.87737199664115917 0.75694981217384349 0.94609123468399059 0.7117014229297639 0.90454545617103588 0.43650794029235845 0.64075469970703136 0.62418830394744884 0.88562092185020458 0.72065573930740368 0.62563130259513866 0.82097071409225475 0.63661757111549389 0.46737588942050939 0.90521115064620983 0.69631093740463268 0.76728257536888134 0.81661397218704235 0.82843136787414562 0.84327486157417308 0.77003204822540294 0.65030118823051464 0.77913278341293346 1.0000000180025095e-35 0.81302964687347423 0.74133810400962841 0.82712644338607799
decision_type=2 2 2 2 2 2 2 2 2 2 2 2 2 2 2 2 2 2 2 2 2 2 2 2 2 2 2 2 2 2
left_child=4 -2 -3 -4 7 6 -6 8 14 -10 -11 13 -13 -12 15 16 23 18 -18 -20 25 -16 -23 24 -1 26 28 -27 -21 -22
right_child=1 2 3 -5 5 -7 -8 -9 9 10 11 12 -14 -15 21 -17 17 -19 19 20 29 22 -24 -25 -26 27 -28 -29 -30 -31
leaf_value=-0.047794830398149107 0.079475009651630554 -0.19946030511497642 -0.16200206283034663 0.064087981673904643 0.09984229497236391 0.048785402923184125 0.0011371615281945116 0.025996680139981392 0.016948127908453316 -0.071369846354739003 0.15412541378068512 -1.6178723285670673 -0.18644947246195906 -0.00033316765626432239 0.01362517997216553 -0.0028893470449451583 -0.018405482805849634 -0.048737973169926584 -0.01575670300355882 0.13044233523111476 -0.029409993402558579 -1.2504091884990702 -0.13247645804038138 0.072112173469252111 -0.10948967584473596 -0.030744442420039774 -0.048000201475919053 0.31605998105731542 0.30815355252925625 0.052405040590451986
leaf_weight=23.855453513415789 2.1655295002128692 0.21255304703663547 0.235777831847372 0.63490024707789416 1.9343770897394268 8.8068278490754874 817.49064093642664 18.136333333692164 119.63940198576097 8.522802412988538 1.1140915794803721 0.03573829570086573 0.24015155343658989 1456.6727741556667 80.060061155875474 680.89345222362772 43.153979467848885 19.84113793747683 15.424976939507614 1.539932940155271 4.7753451420148876 0.045731161138973131 0.29847536476154346 1.4290689381477921 12.248464323711977 1.6711607545112199 0.66587562981840154 0.30843030141841143 1.4522638218477366 13.390367252926806
leaf_count=658682 181 11 23 269 125 20057 51346 3260 30211 19976 730 9 199 136721 11314 84795 620445 9201 63526 37 2288 9 111 1239 65699 442 1401 44 33 1148
internal_value=-0.000291489 0.0406932 -0.0368369 0.00286326 -0.00033143 0.00187435 0.00137017 -0.00106061 -0.0012579 0.000632439 -0.000698543 -0.000285449 -0.371874 -0.000215125 -0.00458568 -0.00624633 -0.0226016 -0.00763542 0.0022638 0.0250015 0.0514135 0.0123639 -0.281005 -0.0633628 -0.0687252 0.117519 0.168512 0.0232894 0.216695 0.0308978
internal_weight=3336.9 3.24876 1.08323 0.870678 3333.65 828.232 819.425 2505.42 2487.28 1586.22 1466.59 1458.06 0.27589 1457.79 901.054 820.65 139.756 102.223 82.3823 39.2284 23.8034 80.4043 0.344207 37.533 36.1039 5.63766 3.65807 1.97959 2.9922 18.1657
internal_count=1783532 484 303 292 1783048 71528 51471 1711520 1708260 187846 157635 137659 208 137451 1520414 1508980 1424185 698565 689364 68919 5393 11434 120 725620 724381 1957 1471 486 70 3436
is_linear=0
shrinkage=0.06


Tree=192
num_leaves=31
num_cat=0
split_feature=11 10 9 8 8 10 9 10 11 12 3 3 8 3 9 11 9 10 10 12 2 4 4 12 10 9 10 9 4 4
split_gain=1.4229 15.232 15.2018 9.7707 7.32368 11.6144 6.76108 11.9559 6.74249 9.19425 6.45127 5.92691 5.83698 7.05516 5.80597 5.66049 9.19377 5.22872 5.09454 4.86016 4.74339 4.28122 5.6233 5.8321 4.34507 6.09469 5.45034 5.72833 5.4633 4.3323
threshold=4.5000000000000009 0.86505654454231273 0.65232810378074657 0.57518798112869274 0.35504202544689184 0.90422871708869945 0.72240144014358532 0.76755931973457348 6.5000000000000009 0.35416667163372045 0.81605800986289989 0.89512962102890026 0.45804196596145635 0.7897985875606538 0.67039212584495556 6.5000000000000009 0.4449113011360169 0.97067421674728405 0.79324594140052807 0.15476191043853763 1.0000000180025095e-35 0.16108107566833499 0.17519181966781619 0.63333335518836986 0.80874970555305492 0.77618756890296947 0.87737199664115917 0.88581016659736644 0.15192308276891711 0.16843971610069278
decision_type=2 2 2 2 2 2 2 2 2 2 2 2 2 2 2 2 2 2 2 2 2 2 2 2 2 2 2 2 2 2
left_child=6 10 4 8 5 19 -1 -8 17 -10 12 -5 13 -2 -11 16 -14 -4 -18 -3 -20 24 23 29 25 -9 28 -28 -26 -23
right_child=1 2 3 11 -6 -7 7 21 9 14 -12 -13 15 -15 -16 -17 18 -19 20 -21 -22 22 -24 -25 26 -27 27 -29 -30 -31
leaf_value=-0.0010242586459589885 -0.043334747770119843 0.45270420244289533 -0.017382334741961675 -0.00095615300797722018 0.020604529970084988 0.038434469238939138 0.041586098013653414 0.017075063635028167 -0.010713572781510651 0.0042320895612888111 0.036548928512411871 0.041623181129999867 0.20295226749361084 -0.17511778729027169 -0.13181003278157832 -0.06393175703793981 -0.072278306987981572 0.080544300157800203 0.027602263662540174 0.17751533636916034 -0.024774598409862993 0.11165589815796756 0.0022987844251502652 -0.11146003372348764 0.03664239033977193 -0.084109371446500131 -0.0039711093704229228 0.042696824404683927 0.14614902701398244 -0.067210298203392846
leaf_weight=2200.3129136524617 35.853286406616917 0.38417338882572893 64.163027740440157 422.55749842525984 81.320358056807891 2.2594575125258416 33.366994915817486 5.4810279200610221 7.0896836631582101 1.3901140350499188 5.2896204010976353 12.105988847299157 0.75613198656356218 1.5246729278005648 6.0206152003956959 6.897270173765718 3.95172917886521 2.0248351810005252 12.28027577744797 0.57963649270823225 12.622905899450414 0.95624350255820789 336.23154689192233 3.160714200232178 23.056830204674046 3.5188587082375307 32.684994479408488 13.330617636209352 1.7657282501168072 0.9944574111723341
leaf_count=1688551 6663 27 2001 22349 4706 70 3571 208 262 15 718 17673 13 11 112 330 291 82 143 21 722 56 33677 25 382 75 457 225 39 57
internal_value=-0.000274942 -0.00272582 0.000538787 -0.00332977 0.0241203 0.112821 0.000351955 0.00701374 -0.0225047 -0.0595604 -0.0274609 0.000229741 -0.0320435 -0.0487103 -0.106291 -0.0149797 -0.00357737 -0.0143865 -0.0089894 0.287205 0.00105352 0.00427483 0.00134927 -0.0611104 0.0167829 -0.022487 0.0217721 0.00954848 0.044432 0.0204708
internal_weight=3333.93 679.071 599.895 515.352 84.5436 3.22327 2654.86 454.548 80.6883 14.5004 79.1759 434.663 73.8863 37.378 7.41073 36.5083 29.611 66.1879 28.8549 0.96381 24.9032 421.181 341.343 5.11142 79.8381 8.99989 70.8382 46.0156 24.8226 1.9507
internal_count=1783532 56209 47318 42494 4824 118 1727323 38772 2472 389 8891 40022 8173 6674 127 1499 1169 2083 1156 48 865 35201 33815 138 1386 283 1103 682 421 113
is_linear=0
shrinkage=0.06


Tree=193
num_leaves=31
num_cat=0
split_feature=11 8 14 3 3 12 8 2 1 9 6 1 2 1 3 4 8 11 3 4 9 1 4 2 8 9 9 9 1 2
split_gain=1.40958 6.96146 4.31849 1.8839 4.99093 4.44958 3.64582 4.29765 6.00767 4.14456 2.86337 2.34176 1.9964 2.41685 1.75581 6.08926 10.6133 8.00864 10.9797 15.889 9.94714 8.7056 6.1479 9.01076 6.38661 7.59835 6.15556 5.73054 5.38353 5.16631
threshold=11.500000000000002 0.75735294818878185 2.5000000000000004 0.83424907922744762 0.76253134012222301 0.29166667163372045 0.91987180709838878 0.47559523582458502 0.34525330364704138 0.81364238262176525 1.5000000000000002 0.79277813434600841 0.2930081188678742 0.28097587823867803 1.0000000180025095e-35 0.25866188108921057 0.21980676054954532 3.5000000000000004 0.19433516263961795 1.0000000180025095e-35 0.92545253038406383 0.24525599926710132 0.15192308276891711 0.21580041944980624 0.41421568393707281 0.5965881645679475 0.91364291310310375 0.6080540418624879 0.24068965017795566 0.33489097654819494
decision_type=2 2 2 2 2 2 2 2 2 2 2 2 2 2 2 2 2 2 2 2 2 2 2 2 2 2 2 2 2 2
left_child=14 -2 3 4 5 -3 -7 8 9 -8 -6 -12 13 -11 -1 16 -16 18 28 -20 21 27 23 -19 -24 -26 -27 -21 -18 -17
right_child=1 2 -4 -5 10 6 7 -9 -10 12 11 -13 -14 -15 15 29 17 22 19 20 -22 -23 24 -25 25 26 -28 -29 -30 -31
leaf_value=0.0030748671027403664 -0.080556757900064113 -0.092271308540457411 0.043501778590540136 0.062646830648883239 0.063983425484188519 0.052577918700178111 -0.16026169418614722 0.087300122977746239 -0.14027174908598669 0.018641390028426099 -0.30953126254175806 -0.11693788516681426 0.10853909556331037 -0.127514808119919 -0.062821246002969081 0.01094522228454509 0.028130953178694271 -0.063998840484731784 0.061156994702209283 -0.040021515058763939 -0.10467688056483239 -0.04211447662491568 -0.053174363426899386 -0.012175266906350296 0.047325801311237058 -0.018601228342545351 0.017916453198448423 0.025568476223253679 0.111279422425376 -0.00053223435982600723
leaf_weight=513.48068008707196 4.6665451556546058 2.0211423472501346 5.9999249473112277 1.0106400001095597 0.229116176138631 3.7505898777162656 0.5411813287064432 1.1243976577534338 1.5971564499195663 2.7316157342866072 0.30934799759415887 0.85671276628272608 0.70212958753108967 0.47867630422115315 12.79894684089629 150.06364241512802 27.305789228094913 19.718219909640538 10.172452735816476 6.2828806449142602 4.6422587538836515 20.362836095688749 9.5918391874984064 31.174035448184441 10.113864278042454 56.532203663082328 23.535621026647277 20.254615583818122 3.123954413590126 2386.5508421975296
leaf_count=40830 123 23 989 856 43 137 29 155 16 216 23 60 4 2 147010 121153 2387 580 703 2825 43 15528 4412 2406 396 2059 489 1767 289 1437979
internal_value=-0.000259189 -0.0141698 0.000338831 -0.0165295 -0.0221088 -0.0104898 0.00463886 -0.0204198 -0.0404371 -0.0046343 -0.12993 -0.168032 0.0168927 -0.00315149 -0.000149699 -0.000742685 -0.00956936 -0.00676237 0.00717141 -0.00737197 -0.0208969 -0.0126042 -0.015284 -0.0322543 -0.00662788 -0.00167713 -0.007867 0.0100397 0.0366671 0.000146761
internal_weight=3331.72 26.0192 21.3526 15.3527 14.3421 12.9469 10.9257 7.17516 6.05076 4.4536 1.39518 1.16606 3.91242 3.21029 3305.7 2792.22 255.61 242.811 92.1448 61.715 51.5426 46.9003 150.666 50.8923 99.7735 90.1817 80.0678 26.5375 30.4297 2536.61
internal_count=1783532 2676 2553 1564 708 582 559 422 267 251 126 83 222 218 1780856 1740026 180894 33884 23542 20866 20163 20120 10342 2986 7356 2944 2548 4592 2676 1559132
is_linear=0
shrinkage=0.06


Tree=194
num_leaves=31
num_cat=0
split_feature=3 9 1 1 1 1 10 9 12 10 8 1 1 1 10 1 1 8 10 10 8 8 9 9 10 9 11 9 10 11
split_gain=1.39085 6.12329 3.49652 6.31359 3.60982 8.10735 3.03685 12.8972 2.87519 3.77544 6.55244 4.33145 4.07194 3.73585 3.27484 4.38979 2.86735 2.62568 2.62437 6.98549 5.58358 4.77288 4.05132 11.9661 4.1926 5.05118 3.82364 3.45328 4.36104 13.6753
threshold=0.99450549483299266 0.68100523948669445 0.85270008444786083 0.79277813434600841 0.88989898562431347 0.88273492455482494 0.66192114353179943 0.34134782850742346 0.55000001192092907 0.53669095039367687 0.14039409160614016 0.76071646809577953 0.73499399423599254 0.73286384344100963 0.50753843784332286 0.6390320658683778 0.60421237349510204 0.097619049251079573 0.56615138053894054 0.59399941563606273 0.097619049251079573 0.16333333402872088 0.34498016536235815 0.33809620141983038 0.7214152216911317 0.41517429053783422 1.5000000000000002 0.59163263440132152 0.70241516828536998 2.5000000000000004
decision_type=2 2 2 2 2 2 2 2 2 2 2 2 2 2 2 2 2 2 2 2 2 2 2 2 2 2 2 2 2 2
left_child=-1 2 3 8 5 6 -4 -8 9 10 11 12 14 17 15 16 -2 -11 21 -20 -21 26 23 -22 25 -24 -6 28 -27 -30
right_child=1 -3 4 -5 18 -7 7 -9 -10 13 -12 -13 -14 -15 -16 -17 -18 -19 19 20 22 -23 24 -25 -26 27 -28 -29 29 -31
leaf_value=-0.0006082859442733704 0.0077832107584695836 0.060311682674670776 0.063558773061137011 0.074233224500667147 0.0022826387098162774 -0.2895882701466938 -0.94992937474578931 0.065828455789781179 0.076329876011621112 0.10412061176642566 0.19260503295575299 0.065982877858295402 -0.062083990716781508 -0.077875563642819945 0.1666179777818263 0.044346688080590294 -0.097228237760677683 -0.018197089666432447 -0.070039024837990266 0.082976017697288518 -0.042204979646110988 0.059182686128418399 0.073498602378165037 -0.53064323869083696 0.040072582893637125 -0.046280010190375538 -0.078680311391130561 0.0083678970999584053 -0.48129345951603741 0.063809731546750348
leaf_weight=3060.7731373142537 1.9412528015454991 6.7501804341882226 0.77165571352816076 6.4014481879712539 191.67974722690997 0.50223229781840917 0.059243902564048767 0.18717552068846999 2.0331928143859832 0.80119084566831533 0.73711628559976716 3.7729906123422543 3.5167281766480292 3.5692272575979587 0.47998788236873302 4.6636629150307272 1.8077946100966071 2.9878686364245368 6.7120143531356034 2.5642070348840234 1.6636515470454494 5.2857746694935477 1.743711808812807 0.20254961977479968 5.7592494932614491 6.513717130495932 2.1231995829148209 4.0008280947804451 0.33026778150815506 0.33247927948832512
leaf_count=1743257 125 22827 55 570 9225 23 2 77 675 6 7 148 169 147 9 342 79 189 108 47 204 83 64 22 4455 204 35 336 21 21
internal_value=-0.000244197 0.0038848 0.00243734 0.0207937 -0.000168565 -0.0923176 0.00499908 -0.178379 0.00779192 0.00205208 0.0176557 0.00968665 -0.00742979 -0.0338266 0.0141839 0.00548676 -0.0428534 0.0076668 0.00044344 -0.0161555 -0.000506112 0.00292989 -0.0109247 -0.095218 -0.00250362 -0.021481 0.00139565 -0.0362983 -0.0611994 -0.207832
internal_weight=3330.67 269.894 263.144 32.7125 230.432 1.52031 1.01808 0.246419 26.311 24.2778 16.9195 16.1824 12.4094 7.35829 8.8927 8.41271 3.74905 3.78906 228.911 29.8227 23.1107 199.089 20.5465 1.8662 18.6803 12.921 193.803 11.1773 7.17646 0.662747
internal_count=1783532 40275 17448 2466 14982 157 134 79 1896 1221 879 872 724 342 555 546 204 195 14825 5482 5374 9343 5327 226 5101 646 9260 582 246 42
is_linear=0
shrinkage=0.06


Tree=195
num_leaves=31
num_cat=0
split_feature=14 9 8 8 11 10 3 4 10 2 9 9 10 8 2 9 11 3 2 12 11 10 10 3 2 10 12 11 13 8
split_gain=1.37878 3.99294 18.5226 6.8166 8.39424 5.20065 4.80898 11.5359 12.5987 9.75122 7.44335 6.95671 6.58869 9.15992 5.25421 5.02559 4.56289 4.93418 5.5756 7.13742 13.1646 6.04674 5.97863 4.5714 6.51271 5.8579 5.20795 6.08014 5.9614 10.0771
threshold=2.5000000000000004 0.32972878217697149 0.13188406080007556 0.35857143998146063 2.5000000000000004 0.95042484998703014 0.66312056779861461 1.0000000180025095e-35 0.87737199664115917 0.92031747102737438 0.84521561861038219 0.91364291310310375 0.7214152216911317 0.28174604475498205 0.88493064045906078 0.59163263440132152 5.5000000000000009 0.90595519542694103 0.68457102775573742 0.13392857462167743 11.500000000000002 0.8916430175304414 0.99758455157279979 0.50820556282997142 0.48999600112438207 0.92762354016304027 0.45000000298023229 6.5000000000000009 1.0000000180025095e-35 0.65476191043853771
decision_type=2 2 2 2 2 2 2 2 2 2 2 2 2 2 2 2 2 2 2 2 2 2 2 2 2 2 2 2 2 2
left_child=1 -1 -3 4 6 -6 7 8 -4 12 14 -11 13 -8 -9 -15 -5 18 19 20 22 -21 -18 24 26 -25 27 -23 29 -28
right_child=-2 2 3 16 5 -7 9 10 -10 11 -12 -13 -14 15 -16 -17 17 -19 -20 21 -22 23 -24 25 -26 -27 28 -29 -30 -31
leaf_value=0.0022478193278615845 0.00093474610403447035 -0.058104217334612573 0.0587421525826664 0.0030623277589336821 -0.032242517216810603 0.016919577908089074 0.04144995341583145 -0.05888909716553533 -0.074796763126438404 -0.0030241335919295844 0.17000977006149282 -0.16182571806754589 0.0077828780339597881 0.24499826612154391 0.051325038083158983 0.089832730631462993 0.019195339520940238 0.060513029273364188 -0.023541057365533413 -0.042401439053922269 -0.13661726870845919 -0.076963048993530916 0.094448000402067189 -0.13008167575576096 -0.070426086773802854 0.04743372707935354 -0.13677768478764296 0.021257033279164693 0.0049991620181128954 -0.013519099308626808
leaf_weight=619.28948847054482 1748.3361458593147 22.195516817898692 10.341576372414762 507.84159100908437 74.590805650349381 8.6440997254685481 6.57927637087238 19.51340627013834 3.372917170636355 30.828323931615163 0.5679287516977628 1.026165491377468 8.1785792522277898 1.5117813706019663 1.6922042181540735 1.494112796790432 33.096180125896353 3.8783498798147766 60.968334889941616 16.873185562493745 1.8385151566471893 7.0360235613188689 4.2937542994040987 0.72112346650101145 5.6459683246212071 9.2988381254835968 2.8038654550910023 3.3487777658738196 97.967629346065223 16.093136415292975
leaf_count=231644 896903 488367 4020 41249 34477 99 1546 63323 69 778 59 35 166 37 118 25 1388 7892 6676 535 18 70 78 17 125 469 29 68 2657 595
internal_value=-0.000226468 -0.00151016 -0.00392875 -0.00264961 -0.013589 -0.0271369 -0.00033886 -0.0172035 0.0258998 0.0117231 -0.044353 -0.00813979 0.0473418 0.0810956 -0.050094 0.167872 -0.000263282 -0.00666387 -0.00766599 -0.0028027 0.0201297 -0.00843265 0.0278371 -0.00442215 -0.00736871 0.0346582 -0.00457089 -0.0452901 -0.000952511 -0.0318077
internal_weight=3329.87 1581.53 962.242 940.046 168.341 83.2349 85.1063 35.488 13.7145 49.6182 21.7735 31.8545 17.7637 9.58517 21.2056 3.00589 771.705 263.864 259.985 199.017 39.2284 159.789 37.3899 142.915 132.895 10.02 127.249 10.3848 116.865 18.897
internal_count=1783532 886629 654985 166618 104752 34576 70176 67589 4089 2587 63500 813 1774 1608 63441 62 61866 20617 12725 6049 1484 4565 1466 4030 3544 486 3419 138 3281 624
is_linear=0
shrinkage=0.06


Tree=196
num_leaves=31
num_cat=0
split_feature=6 8 9 10 3 4 10 0 1 4 4 13 8 10 1 0 3 0 8 1 4 3 1 4 9 3 8 4 3 3
split_gain=1.38766 2.57834 1.57028 2.12824 1.32422 5.22106 16.4741 9.93264 7.32574 11.7814 9.7626 7.25301 8.80362 295.379 8.12338 7.0852 9.45513 7.69035 7.59565 6.39385 11.3838 7.11821 8.1152 10.7083 7.67796 63.7448 104.747 8.83414 10.8707 8.66895
threshold=4.5000000000000009 0.58578431606292736 0.49892704188823706 0.87737199664115917 1.0000000180025095e-35 0.35948719084262853 0.6681957244873048 0.23611111193895343 0.29679679870605474 0.15192308276891711 1.0000000180025095e-35 1.0000000180025095e-35 0.12701612710952762 0.66192114353179943 0.19560018926858905 1.0000000180025095e-35 0.44920890033245092 0.23611111193895343 0.08893280848860742 0.37075218558311468 0.56904762983322155 0.36451049149036413 0.30662393569946295 0.38529014587402349 0.45729483664035803 0.36254107952117925 0.39444445073604589 0.38196556270122534 0.25176055729389196 0.3464102596044541
decision_type=2 2 2 2 2 2 2 2 2 2 2 2 2 2 2 2 2 2 2 2 2 2 2 2 2 2 2 2 2 2
left_child=4 -2 -3 -4 -1 6 11 8 9 -8 -10 -6 13 -13 -14 16 19 -17 -18 21 -21 22 -7 24 25 -24 -27 29 -29 -26
right_child=1 2 3 -5 5 15 7 -9 10 -11 -12 12 14 -15 -16 17 18 -19 -20 20 -22 -23 23 -25 27 26 -28 28 -30 -31
leaf_value=0.0025210864018212669 0.079402980207651547 -0.17492776462068643 -0.146101603611829 0.063821549254143781 -0.058414577851316922 -0.0072574730554750156 -0.024764176847570547 0.056133845437934982 0.02067025235001951 0.0078617330791551452 -0.021113336574672539 0.13331016650161265 0.13189456594207519 18.151459584072668 -0.045365847342061283 -0.052245500244628616 -0.03832272231534789 -0.00044276910081043875 0.026222084148960424 -0.028379711690888099 0.03423887977010262 -0.030573095072851154 0.21618073431595827 0.013821335588745683 0.027822695697337186 -0.060085585141356673 10.704336913090103 1.1176681048166126 0.21451610689063477 0.1689890300782432
leaf_weight=522.53547858273578 2.0399689608020704 0.22897039768577065 0.24587656924268231 0.59360443454352207 29.276909683266922 14.765320290011642 49.406160032671323 9.8792106820073951 23.663838656881126 205.89638442564501 134.82407003658955 0.56092256986906264 1.1647449552269789 0.003294622845714911 4.632020337279954 10.367503306581964 6.9816616668545484 2107.8872824749974 109.62502761082533 48.520660098062535 13.321002083806205 9.8501153811598652 0.4297556392452887 12.232496433977984 5.6689621713874185 0.0078203200223470049 0.0055737863294780263 0.050872871687260957 0.84296124266461447 2.1638070752601379
leaf_count=41269 181 11 23 269 383559 6577 2658 1193 948 13359 27721 6839 397 7 8121 232197 101314 763528 17805 128049 14262 9232 4405 15629 2357 310 1 28 368 915
internal_value=-0.000214406 0.0398557 -0.0356511 0.00233691 -0.000251871 -0.000768985 -0.00661827 -0.00332261 -0.00474213 0.00154797 -0.0148746 -0.0457976 0.0122728 0.238523 -0.00974888 0.000377811 0.0105141 -0.00069631 0.0223576 -0.00228976 -0.0148914 0.0146451 0.0269601 0.0505667 0.0995852 0.343222 4.41939 0.087213 0.265919 0.06682
internal_weight=3327.67 3.10842 1.06845 0.839481 3324.56 2802.03 459.308 423.67 413.79 255.303 158.488 35.6379 6.36098 0.564217 5.79677 2342.72 224.466 2118.25 116.607 107.859 61.8417 46.0177 36.1676 21.4022 9.16975 0.44315 0.0133941 8.7266 0.893834 7.83277
internal_count=1783532 484 303 292 1783048 1741779 444802 45879 44686 16017 28669 398923 15364 6846 8518 1296977 301252 995725 119119 182133 142311 39822 30590 24013 8384 4716 311 3668 396 3272
is_linear=0
shrinkage=0.06


Tree=197
num_leaves=31
num_cat=0
split_feature=0 6 10 8 3 2 3 1 10 3 1 8 3 10 1 13 10 8 2 0 3 1 2 1 2 2 9 10 3 9
split_gain=1.46318 8.4615 7.83173 7.22954 17.4413 13.4284 6.91041 6.57257 6.25439 6.23771 10.9525 6.52279 6.3468 6.1507 12.859 24.9913 319.439 763.33 8.64213 6.02666 8.05899 5.98437 12.4875 10.2562 10.1327 11.5198 10.2587 12.1929 9.11549 8.83671
threshold=0.43650794029235845 1.5000000000000002 0.99758455157279979 0.1695402339100838 0.68870675563812267 0.90521115064620983 0.6911335587501527 0.81284341216087352 0.8916430175304414 0.91266208887100231 0.96609193086624157 0.16333333402872088 0.84273937344551098 0.68671792745590221 0.62316370010375988 1.0000000180025095e-35 0.66192114353179943 0.14039409160614016 0.67041200399398815 0.23611111193895343 0.82097071409225475 0.67028987407684337 0.81872946023941051 0.86616915464401256 0.82446312904357921 0.58300524950027477 0.40313142538070684 0.83796653151512157 0.28730159997940069 0.45384110510349279
decision_type=2 2 2 2 2 2 2 2 2 2 2 2 2 2 2 2 2 2 2 2 2 2 2 2 2 2 2 2 2 2
left_child=1 3 21 4 13 8 -7 -5 -6 10 12 -11 -8 14 15 -1 -17 -18 -15 -9 -21 24 23 -23 25 28 27 -26 -2 -28
right_child=2 -3 -4 7 5 6 9 19 -10 11 -12 -13 -14 18 -16 16 17 -19 -20 20 -22 22 -24 -25 26 -27 29 -29 -30 -31
leaf_value=-0.055087809889033917 0.088731309777236464 -0.042153248038061683 0.040028763932437136 -0.00050292670327386482 0.016201104685909851 0.42779418839693778 -0.0050233290539590993 0.051652892644269498 0.21158610321805893 0.0095316102164274275 0.63064634813373677 -0.16065748354927506 -0.068986958374849847 0.015081941902739471 -0.0032557678819663022 -0.03796137477734287 -11.135062092299831 -0.037675536325186318 -0.09098609416776135 -0.038943566812584832 0.024192916043012113 -0.025108536347288938 0.00021941914646460547 0.12604245842869524 -0.0095450390000801893 0.025134720105996902 0.084142847774643981 -0.1302215574298197 -0.038575568229652898 0.009939569115425928
leaf_weight=37.542316084332903 2.2893735191773912 18.427528009381149 18.125271546166914 1216.4776351198841 74.322593988482609 0.12137011477534443 8.4527535533129647 16.09283516618234 0.5945178777910759 17.058533494282532 0.086088776588438942 0.85117604531114821 16.458294723804102 15.096479887841271 18.689693149987569 1.1361990086188303 0.032505430915989453 0.07116823721662513 3.385540671144553 9.8245553219021513 28.080907826712064 91.662781814848131 1412.6933248938667 1.6450933304149646 107.34306140620902 135.0149314951006 6.6193645645467418 3.1012295659165821 17.519593963513671 45.432923383465095
leaf_count=1174553 593 15443 21737 136402 58320 34 5208 2689 11 707 1 15 1534 5079 122053 15114 19 58 333 554 4106 18790 108733 111 16850 44737 2741 66 23145 3796
internal_value=-0.00034632 -0.00174911 0.000783257 -0.00124067 -0.012032 0.00240867 -0.0243052 0.000406303 0.0177516 -0.025584 -0.0449482 0.00144321 -0.047283 -0.0344563 -0.0441387 -0.0638408 -0.328875 -3.51711 -0.00434762 0.0208895 0.00782884 0.000393125 -0.00118472 -0.0224436 0.00788159 0.0188658 -0.00258396 -0.0129336 -0.0238624 0.0193758
internal_weight=3324.25 1482.8 1841.45 1464.38 193.899 117.945 43.0282 1270.48 74.9171 42.9068 24.9971 17.9097 24.911 75.9539 57.4719 38.7822 1.23987 0.103674 18.482 53.9983 37.9055 1823.32 1506 93.3079 317.32 154.824 162.497 110.444 19.809 52.0523
internal_count=1783532 1542233 241299 1526790 1383039 65830 7499 143751 58331 7465 6743 722 6742 1317209 1311797 1189744 15191 77 5412 7349 4660 219562 127634 18901 91928 68475 23453 16916 23738 6537
is_linear=0
shrinkage=0.06


Tree=198
num_leaves=31
num_cat=0
split_feature=1 2 13 6 1 9 10 10 1 1 6 12 0 1 1 10 10 10 10 2 9 10 2 1 9 9 9 9 9 9
split_gain=1.32274 13.4876 7.41331 5.4814 12.55 4.35936 7.92492 6.11445 5.3868 5.4529 4.48083 4.60468 40.2455 3.83568 13.2279 3.78553 3.62532 8.26998 9.83625 7.73145 6.42047 5.89381 4.48085 4.28737 4.97141 3.65402 3.58454 5.21475 6.31032 13.0211
threshold=0.91331186890602123 0.92403846979141246 1.0000000180025095e-35 1.5000000000000002 0.92907443642616283 0.84521561861038219 0.8916430175304414 0.86505654454231273 0.92403846979141246 0.96609193086624157 2.5000000000000004 0.90000000596046459 0.91666665673255932 0.91922956705093395 0.92403846979141246 0.7214152216911317 0.56615138053894054 0.79324594140052807 0.69452759623527538 0.95861870050430309 0.44838035106658941 0.55582657456398021 0.93127068877220165 0.99450549483299266 0.44838035106658941 0.34800212085247045 0.3279555886983872 0.51392769813537609 0.47281683981418615 0.49892704188823706
decision_type=2 2 2 2 2 2 2 2 2 2 2 2 2 2 2 2 2 2 2 2 2 2 2 2 2 2 2 2 2 2
left_child=-1 -2 3 4 -3 13 7 -7 -9 -10 -8 -12 -13 -5 -15 26 21 18 20 -20 -18 22 -6 -21 -25 -19 -4 28 -28 -30
right_child=1 2 15 5 16 6 10 8 9 -11 11 12 -14 14 -16 -17 17 25 19 23 -22 -23 -24 24 -26 -27 27 -29 29 -31
leaf_value=-0.00073526602030581274 0.032628283078593841 -0.077599790162904358 0.074203276517586333 0.034040068512921802 0.081783426148544849 0.0058024017489477558 0.061127326942445701 0.062966295454887994 -0.24474035973825367 0.061081437764360751 -0.02562307133883325 -2.7928615649286734 0.060148492852864339 -0.047629498819145223 0.0041146017263203093 0.060274747412159449 0.036726277508475735 -0.17353567519143856 -0.047263081584896068 -0.38140578587196194 -0.067218239827450038 0.12597639195303867 -0.0066189510451911517 -0.31382366981548204 -0.047300283827700837 0.062611258056898114 -0.032267530857482768 0.061899433793097466 -0.018028706477494039 -0.71570458214837418
leaf_weight=2851.5500259835121 48.604988675549976 10.569533956160738 2.0190241790842292 13.096177182342215 2.1590469419679712 1.0457180913072073 2.6079791560259746 0.30862848856486413 1.6977254211669786 0.23950029831030395 5.334503912308719 0.0210292029660194 0.11590487458306598 18.973813345179224 284.03153571898292 10.439691805706387 3.5502317193895561 0.25344900769414325 1.3292120406404129 0.53769721480784927 5.3828023115638644 1.3151111747138191 46.946107321204181 0.47266158880665898 0.53955106806824915 3.4047390413907124 3.5253773753356659 1.9456032079615395 0.25555611326126371 0.15454102918738499
leaf_count=1728724 3747 502 52 655 56 127 1852 10 45 164 566 13 224 753 13707 26567 26 14 27 25 62 12 3236 10 49 1319 178 753 30 27
internal_value=-0.000248776 0.00269732 -0.000747836 -0.0024418 -0.0169066 0.000935524 -0.0355642 -0.11404 -0.169842 -0.206931 -0.0035928 -0.0344419 -0.377993 0.00224851 0.000874451 0.0365616 -0.00717077 -0.0325785 -0.0569915 -0.153435 -0.0259078 0.000625011 -0.00273209 -0.244488 -0.171756 0.0462504 0.00522546 -0.0184552 -0.0581806 -0.280941
internal_weight=3322.43 470.877 422.272 403.933 76.4601 327.473 11.371 3.29157 2.24585 1.93723 8.07942 5.47144 0.136934 316.102 303.005 18.3398 65.8906 15.4703 11.8122 2.87912 8.93303 50.4203 49.1052 1.54991 1.01221 3.65819 7.9001 5.88108 3.93547 0.410097
internal_count=1783532 54808 51061 23454 5338 18116 3001 346 219 209 2655 803 237 15115 14460 27607 4836 1532 199 111 88 3304 3292 84 59 1333 1040 988 235 57
is_linear=0
shrinkage=0.06


Tree=199
num_leaves=31
num_cat=0
split_feature=11 11 9 12 9 11 2 1 1 11 10 9 8 9 8 2 9 10 10 11 1 4 4 4 2 10 8 12 12 4
split_gain=1.31535 2.75608 4.1139 3.76266 1.65813 6.46203 7.75645 4.7416 3.82685 2.22772 12.669 10.7771 8.9479 7.46983 7.03354 13.1778 6.55586 10.2239 6.2216 5.59719 5.58405 5.55747 19.5184 4.87227 14.7791 6.13431 13.2697 4.46634 5.77712 4.25025
threshold=16.500000000000004 15.500000000000002 0.99794238805770885 0.29166667163372045 0.99794238805770885 6.5000000000000009 0.41223156452178961 0.40709352493286138 0.35043859481811529 4.5000000000000009 0.82397845387458812 0.65232810378074657 0.5419580638408662 0.46181616187095648 0.35504202544689184 0.21580041944980624 0.72240144014358532 0.73192510008811962 0.86505654454231273 6.5000000000000009 0.92907443642616283 0.45222154259681707 0.72065573930740368 0.35948719084262853 0.39052423834800726 0.91772764921188366 0.48684211075305944 0.45000000298023229 0.90000000596046459 1.0000000180025095e-35
decision_type=2 2 2 2 2 2 2 2 2 2 2 2 2 2 2 2 2 2 2 2 2 2 2 2 2 2 2 2 2 2
left_child=1 4 3 -3 9 6 7 8 -6 16 13 14 19 27 15 -12 -1 -18 -16 21 -14 23 -23 29 25 26 -25 -11 -29 -13
right_child=-2 2 -4 -5 5 -7 -8 -9 -10 10 11 12 20 -15 18 -17 17 -19 -20 -21 -22 22 -24 24 -26 -27 -28 28 -30 -31
leaf_value=-0.00092795966435184254 0.07021495458755099 -0.15731719644258393 -0.2666728550212854 0.067299012695345106 -0.031426871779426643 0.038667141661861602 0.060894970340928188 -0.14239081548925145 0.057148372962118318 -0.032229727075682495 0.22880538358165331 0.0014230652714401096 -0.0027062493740032468 -0.043020076986951129 -0.030529940892171967 0.0049890784652503089 0.065145565974356973 0.0056438481410313844 0.019355363632674667 -0.065412717525996311 0.062523183258210185 -0.11379798772854637 0.0229316875415367 0.14504799930866133 -0.017888662004567821 0.091613410851094257 0.77040503715004216 0.25261260939187224 -0.011970772351575898 -0.05469454979570073
leaf_weight=2194.151023752599 0.95405184374248975 0.46328551229089387 0.33712503574861319 0.63851128295209492 13.52876868192107 17.854414995101251 4.3644777901899934 1.2281603357987467 2.0178942307829848 0.84948181758954833 1.5936373036820435 21.833022809936672 447.6964867176066 36.734062202594032 10.129963709623551 2.3340356878761668 10.652059403339988 432.22116426522553 80.711981322026986 11.122570508443458 4.7749831427572635 7.7970538885274419 7.2565745935789892 0.28201891784556155 2.0182726362254471 0.36331435921601951 0.21549164014868438 0.7404892883969294 0.49615069930223399 6.2494178910419569
leaf_count=1688551 101 6 14 100 320 3067 4945 23 11 188 30 286 24467 6389 607 206 1300 35166 4705 496 10986 115 450 35 107 9 13 34 39 766
internal_value=-0.000225676 -0.000245914 -0.0832663 -0.027148 -0.000209924 0.0120898 -0.0103576 -0.0288961 -0.0199302 -0.000356138 -0.00352216 -0.00138802 -0.00484314 -0.036748 0.0171914 0.0958016 0.000416091 0.00707499 0.0137926 -0.0272163 -0.00201788 -0.0179836 -0.0478877 -0.00344417 0.0708911 0.279042 0.415915 0.0736961 0.146459 -0.0110653
internal_weight=3321.61 3320.66 1.43892 1.1018 3319.22 38.9937 21.1393 16.7748 15.5467 3280.22 643.199 604.379 509.609 38.8202 94.7696 3.92767 2637.02 442.873 90.8419 57.1377 452.471 46.0152 15.0536 30.9615 2.8791 0.860825 0.497511 2.08612 1.23664 28.0824
internal_count=1783532 1783431 120 106 1783311 8366 5299 354 331 1774945 49928 43278 37730 6650 5548 236 1725017 36466 5312 2277 35453 1781 565 1216 164 57 48 261 73 1052
is_linear=0
shrinkage=0.06


end of trees

feature_importances:
Column_10=794
Column_4=679
Column_9=632
Column_1=630
Column_2=569
Column_8=538
Column_3=531
Column_0=404
Column_12=313
Column_11=275
Column_14=208
Column_13=170
Column_6=160
Column_7=95
Column_5=2

parameters:
[boosting: gbdt]
[objective: binary]
[metric: binary_logloss]
[tree_learner: serial]
[device_type: cpu]
[data_sample_strategy: bagging]
[data: ]
[valid: ]
[num_iterations: 200]
[learning_rate: 0.06]
[num_leaves: 31]
[num_threads: 12]
[seed: 42]
[deterministic: 0]
[force_col_wise: 0]
[force_row_wise: 0]
[histogram_pool_size: -1]
[max_depth: -1]
[min_data_in_leaf: 20]
[min_sum_hessian_in_leaf: 0.001]
[bagging_fraction: 0.8]
[pos_bagging_fraction: 1]
[neg_bagging_fraction: 1]
[bagging_freq: 0]
[bagging_seed: 400]
[bagging_by_query: 0]
[feature_fraction: 0.8]
[feature_fraction_bynode: 1]
[feature_fraction_seed: 30056]
[extra_trees: 0]
[extra_seed: 12879]
[early_stopping_round: 0]
[early_stopping_min_delta: 0]
[first_metric_only: 0]
[max_delta_step: 0]
[lambda_l1: 0]
[lambda_l2: 0]
[linear_lambda: 0]
[min_gain_to_split: 0]
[drop_rate: 0.1]
[max_drop: 50]
[skip_drop: 0.5]
[xgboost_dart_mode: 0]
[uniform_drop: 0]
[drop_seed: 17869]
[top_rate: 0.2]
[other_rate: 0.1]
[min_data_per_group: 100]
[max_cat_threshold: 32]
[cat_l2: 10]
[cat_smooth: 10]
[max_cat_to_onehot: 4]
[top_k: 20]
[monotone_constraints: ]
[monotone_constraints_method: basic]
[monotone_penalty: 0]
[feature_contri: ]
[forcedsplits_filename: ]
[refit_decay_rate: 0.9]
[cegb_tradeoff: 1]
[cegb_penalty_split: 0]
[cegb_penalty_feature_lazy: ]
[cegb_penalty_feature_coupled: ]
[path_smooth: 0]
[interaction_constraints: ]
[verbosity: 1]
[saved_feature_importance_type: 0]
[use_quantized_grad: 0]
[num_grad_quant_bins: 4]
[quant_train_renew_leaf: 0]
[stochastic_rounding: 1]
[linear_tree: 0]
[max_bin: 255]
[max_bin_by_feature: ]
[min_data_in_bin: 3]
[bin_construct_sample_cnt: 200000]
[data_random_seed: 175]
[is_enable_sparse: 1]
[enable_bundle: 1]
[use_missing: 1]
[zero_as_missing: 0]
[feature_pre_filter: 1]
[pre_partition: 0]
[two_round: 0]
[header: 0]
[label_column: ]
[weight_column: ]
[group_column: ]
[ignore_column: ]
[categorical_feature: ]
[forcedbins_filename: ]
[precise_float_parser: 0]
[parser_config_file: ]
[objective_seed: 16083]
[num_class: 1]
[is_unbalance: 0]
[scale_pos_weight: 1]
[sigmoid: 1]
[boost_from_average: 1]
[reg_sqrt: 0]
[alpha: 0.9]
[fair_c: 1]
[poisson_max_delta_step: 0.7]
[tweedie_variance_power: 1.5]
[lambdarank_truncation_level: 30]
[lambdarank_norm: 1]
[label_gain: ]
[lambdarank_position_bias_regularization: 0]
[eval_at: ]
[multi_error_top_k: 1]
[auc_mu_weights: ]
[num_machines: 1]
[local_listen_port: 12400]
[time_out: 120]
[machine_list_filename: ]
[machines: ]
[gpu_platform_id: -1]
[gpu_device_id: -1]
[gpu_device_id_list: ]
[gpu_use_dp: 0]
[num_gpu: 1]

end of parameters

pandas_categorical:null
